example_id,conversation_id,subset,model,input,language,difficulty,context_dependency,message_type,gold_intent,predicted_intent,correct,current_message,confidence,predicted_probability
test-535015,535015,test,majority,message_only,en,medium,context_helpful,complaint,delivery_delay,none,0,@USER @USER Ok...then 1. why on Friday it was updated thru sms that courier attempt failed as customer not available 2. Why on Saturday it was told that I will get my courier on Saturday itself but still not delivered ?,,
test-2837028,2837028,test,majority,message_only,pt,medium,self_contained,complaint,product_return_and_replacement,none,0,"@USER eu estou decepcionada com a amazon, vcs vendem livros sem ao menos dar um aviso prévio de que o livro é versão econômica!! nunca mais compro com vcs.",,
test-407498,407498,test,majority,message_only,en,easy,self_contained,complaint,delivery_delay,none,0,@USER why do y'all hate me? I haven't gotten a single thing on time??,,
test-351165,351165,test,majority,message_only,ja,medium,self_contained,complaint,none,none,1,一番ぐぬぬぬしてるのが、密林用意の密林発送なのに、代引きコンビニ支払い不可で、クレ払いのみってやつがぐぬぬぬぬぬぬしてる(クレカは持たない主義) いちいちギフカ買うのめんどくさいよ〜〜〜,,
test-783437,783437,test,majority,message_only,en,easy,self_contained,support_request,delivered_but_not_received,none,0,@USER i got the notification that I received my package but i did not and I waited an hour and nothing has came yet!,,
test-411435,411435,test,majority,message_only,en,medium,self_contained,complaint,cancellation,none,0,I searched a book on amazon and it just automatically bought it wtf,,
test-1106537,1106537,test,majority,message_only,en,medium,self_contained,complaint,delivery_delay,none,0,@USER should b like #AmazonPrimeNEVER. Order placed 4 hrs ago &amp; watched driver go opposite direction while in 'hood. #inept #shame,,
test-619219,619219,test,majority,message_only,es,medium,context_helpful,complaint,delivery_delay,none,0,"@USER Mañana, pero eso son 8 días después de realizar el pedido. Con estos plazos no creo que cambie mi compra en supermercado por Pantry",,
test-132555,132555,test,majority,message_only,de,easy,self_contained,complaint,delivery_delay,none,0,"@USER Heute versandt, Dienstag geliefert? Früher wart ihr bei Prime-Versand mal schneller... :-( URL",,
test-1380925,1380925,test,majority,message_only,en,medium,self_contained,complaint,delivery_delay,none,0,@USER What's d big idea behind Amazon Prime's promise of 1 day delivery.? While ordering it says 3-4 days for delivery. #Disappointed.,,
test-2616364,2616364,test,majority,message_only,en,easy,self_contained,unknown,none,none,1,@USER will OnePlus 5T have No Cost EMI as payment option on @USER,,
test-2089262,2089262,test,majority,message_only,ja,easy,self_contained,acknowledgement,none,none,1,Amazon仕事早ーい(笑)(。-∀-)姪っ子ちゃんらのクリスマスプレゼントもうきた(笑)(。-∀-)🎄🎅🎁✨ URL,,
test-2830752,2830752,test,majority,message_only,en,easy,self_contained,complaint,service_complaint_escalation,none,0,@USER worst customer service __email__.,,
test-470156,470156,test,majority,message_only,en,easy,self_contained,complaint,none,none,1,"Dear @USER, today is Friday. You really don't need to keep sending cyber Monday emails. Thank you, The World.",,
test-1466972,1466972,test,majority,message_only,en,medium,context_helpful,complaint,delivery_delay,none,0,"@USER I was told it was a amazon carrier! But the fact that I received a email on Wednesday to say my parcel was out for delivery and would be there by 8pm that day to now be into Saturday and to now be told oh sorry we don’t know where the parcel is, is an absolute joke!",,
test-271574,271574,test,majority,message_only,ja,medium,context_helpful,complaint,product_return_and_replacement,none,0,@USER お仕事ご苦労さまです。 返品申し込みをさせて頂きました。 完全な誤商品というよりは商品ページの記載に問題があるのでは？という気がしておりますが、返品しますのでまあもういいかなという感じです。今日使いたかったので不信感で腹が立ってしまいました。 わざわざリプありがとうございました。,,
test-234234,234234,test,majority,message_only,es,medium,self_contained,unknown,none,none,1,@USER Sí lo he hecho. Pero hay preguntas de clientes respondidas hace años por el propio vendedor y la información en la ficha sigue mal,,
test-2520585,2520585,test,majority,message_only,ja,easy,self_contained,acknowledgement,none,none,1,プライムはいりますたw glee cast 聴き放題なの嬉しい！！ URL,,
test-897110,897110,test,majority,message_only,en,hard,context_required,clarification,service_complaint_escalation,none,0,@USER I just sent the requested details through my mail to __email__,,
test-576056,576056,test,majority,message_only,en,easy,self_contained,acknowledgement,none,none,1,Shout out to the #Boston @USER @USER and @USER for the beautiful wreath! Brought it home to surprise my wife and it smelled amazing when I opened the box and she loved it! #Winning #TreasureTruck URL,,
test-1548344,1548344,test,majority,message_only,en,hard,context_required,clarification,none,none,1,"@USER Yes, I have.",,
test-2093938,2093938,test,majority,message_only,hi,hard,self_contained,complaint,charge_issue,none,0,@USER @USER @USER @USER 2000रूपये के लिए यह कंपनी बेईमानी धोखेबाजी कर लेती हे ऐसी तुछ ओछी हरकत मेरे साथ हुई हे मुझे अबreorderकरने के लिए कहा जा रहा हे ताकि मुझे अब10999की जगह12999देने पड़ेंगे इसी सोचीसमझी साजिस के तहत मेरेorderको बीच रास्ते से return कर लिया था ? URL,,
test-2813544,2813544,test,majority,message_only,en,easy,self_contained,complaint,delivered_wrong_location,none,0,My @USER package was stolen today..,,
test-179430,179430,test,majority,message_only,en,hard,context_required,support_request,other_unclear,none,0,@USER I need an urgent help??,,
test-2162437,2162437,test,majority,message_only,en,medium,self_contained,complaint,product_return_and_replacement,none,0,@USER you guys damage a package in transit &amp; then ask me to reorder the whole thing &amp; wait for another 10 days for delivery?!,,
test-2942015,2942015,test,majority,message_only,en,medium,self_contained,unknown,cancellation,none,0,"@USER @USER I've bought a G5s Plus already for a family member. Will my order, if placed, for another one for personal use be cancelled now?",,
test-414010,414010,test,majority,message_only,ja,easy,self_contained,complaint,delivery_delay,none,0,Amazonで頼んだやつかれこれ２週間待ってる( ˙-˙ )←遅いなぁ....,,
test-1308262,1308262,test,majority,message_only,en,medium,self_contained,complaint,delivered_wrong_location,none,0,What the heck is this @USER. Inexcusable! Packages from other floors in my office building just sitting there in the hallway of 4th floor URL,,
test-2939131,2939131,test,majority,message_only,de,medium,context_helpful,unknown,none,none,1,"@USER Ist ein Kontakt auch als Firmenkunde möglich wenn man nicht der eingetragene Ansprechpartner, sondern nur ausführender Sachbearbeiter ist?",,
test-1968370,1968370,test,majority,message_only,en,medium,context_helpful,complaint,cancellation,none,0,@USER My order showing cancelled...What the hell?,,
val-71873,71873,val,majority,message_only,en,hard,context_helpful,complaint,service_complaint_escalation,none,0,"@USER @USER @USER @USER @USER No Resolution yet. Haha, I am getting a email on 1st December 2017 for an pickup of 28th November. For Amazon time will go in reverse and they will come to me on 28th November 2017 for pickup. #greatfun URL",,
val-471605,471605,val,majority,message_only,ja,easy,self_contained,complaint,delivered_wrong_location,none,0,Amazonで北海道に荷物頼んだらなぜか島根県へと配送されていた…,,
val-1655018,1655018,val,majority,message_only,en,hard,context_required,clarification,none,none,1,@USER tell me what detail do you need? URL,,
val-218049,218049,val,majority,message_only,en,medium,self_contained,support_request,device_app_issue,none,0,Why can't I pre order @USER @USER on @USER app the @USER one isn't showing up #Wrestling #2K18 #XBoxOne,,
val-2828095,2828095,val,majority,message_only,fr,easy,self_contained,complaint,product_return_and_replacement,none,0,@USER Je viens de recevoir un colis et le livre est arrivé en mauvais état. Est ce normal ? @USER URL,,
val-719853,719853,val,majority,message_only,en,easy,self_contained,acknowledgement,none,none,1,good job @USER URL,,
val-1103613,1103613,val,majority,message_only,en,easy,self_contained,complaint,delivered_but_not_received,none,0,why would @USER say the package was delivered if it wasn't?,,
val-2472404,2472404,val,majority,message_only,en,easy,self_contained,support_request,product_return_and_replacement,none,0,"@USER hi there! i've got two items to return, and the amazon locker reservation time on one of them has expired- can i just put them both in one box in the locker space i still have available? if not, how do i go about getting a new locker space reservation? thanks!",,
val-437366,437366,val,majority,message_only,en,easy,self_contained,complaint,delivered_wrong_location,none,0,@USER My Mobile delivered to someone else.Waste of choosing 2day delivery.No response from CustomerCare.Feeling insecure to pay online,,
val-980000,980000,val,majority,message_only,ja,medium,context_helpful,unknown,none,none,1,@USER メルアドを登録し忘れててたのですが コンビニで支払う11桁の支払番号は 注文履歴で確認することはできますか？,,
val-2567029,2567029,val,majority,message_only,en,easy,self_contained,complaint,none,none,1,Ordered a Christmas brooch from @USER for same day posting...came literally after i've had my dinner. My only complaint is...why does the package box need to be so big? Thought we were trying to save the environment. URL,,
val-1780206,1780206,val,majority,message_only,en,easy,self_contained,unknown,none,none,1,@USER Is there a way to restrict one amazon echo to one specific person in the household?,,
val-2360502,2360502,val,majority,message_only,en,hard,context_required,follow_up,none,none,1,@USER I've shared my contact details and the problems which I faced (In detail). Waiting for your response... URL,,
val-1394424,1394424,val,majority,message_only,en,hard,self_contained,complaint,other_unclear,none,0,"@USER @USER Order# 407-8361283-2219545 . Your delivery agent telephoned us and asked to ""come and collect the parcel """,,
val-2416355,2416355,val,majority,message_only,en,medium,self_contained,complaint,service_complaint_escalation,none,0,@USER &amp; @USER I had to struggle a lot to find the option to contact/chat regarding my order. Not a user friendly experience :(,,
val-167910,167910,val,majority,message_only,fr,easy,self_contained,unknown,none,none,1,"@USER Entre nous, la Switch ne descendra pas en dessous de 292€, même pour le black friday ou le cyber monday, pas vrai? Que je sache si je dois me jeter dessus maintenant et prendre les jeux en boutique (cheques cadeaux ftw!)",,
val-2208276,2208276,val,majority,message_only,en,hard,context_required,follow_up,delivery_delay,none,0,"@USER @USER Happened to me, too. Gotta wait until the 13th to play it.",,
val-502468,502468,val,majority,message_only,es,easy,self_contained,unknown,none,none,1,"Ey @USER, estaría bien que tanto en la app como en la web tuviérais un apartado de novedades, para ver lo que vais incluyendo en vuestro catálogo. Da cosa enterarse por otras personas o por casualidad.",,
val-2596396,2596396,val,majority,message_only,en,medium,context_helpful,complaint,service_complaint_escalation,none,0,@USER Alrdy done,,
val-858760,858760,val,majority,message_only,en,easy,self_contained,complaint,service_complaint_escalation,none,0,"As an event design company, we spend $$$ with @USER every year. Why can't we post reviews &amp; ask questions in the @USER community. Sick of waiting for your Call! FIX IT!",,
val-764802,764802,val,majority,message_only,en,medium,self_contained,complaint,delivered_wrong_location,none,0,"Dear twatty courier for @USER who thought it would be a good idea to leave my uni books in cardboard in the rain, you're an utter wanker.",,
val-2516925,2516925,val,majority,message_only,ja,medium,self_contained,complaint,device_app_issue,none,0,@USER iPadのwebからほしい物リストに追加すると勝手に買い物かごに追加されてしまいます。ブラウザはchromeです。修正お願いします。,,
val-275517,275517,val,majority,message_only,ja,easy,self_contained,acknowledgement,none,none,1,Amazon届いた⋆⸜(* ॑꒳ ॑* )⸝ﾋﾟｮﾝﾋﾟｮﾝ 買いまくってしまったイエベ秋似合うという化粧品⋆⸜(* ॑꒳ ॑* )⸝ﾋﾟｮﾝﾋﾟｮﾝ とずっと気になってたケイトのブルーグロス⋆⸜(* ॑꒳ ॑* )⸝ﾋﾟｮﾝﾋﾟｮﾝ URL,,
val-2571862,2571862,val,majority,message_only,en,easy,context_helpful,acknowledgement,none,none,1,@USER Will do. Thanks.,,
val-204928,204928,val,majority,message_only,ja,easy,context_helpful,acknowledgement,none,none,1,Amazonプライムミュージックにドリカムが入ってるのを発見！JBLに繋いで大音量でお掃除♪♪♪ URL,,
val-840845,840845,val,majority,message_only,ja,hard,self_contained,complaint,product_return_and_replacement,none,0,アマゾンで頼んだバラストが初期不良で新しい物を送ってくれって言ったら中国直送で2週間かかるとか言われたんだけど、 そろそろかなと思って確認しに行ったら受取人不明で返送されたとか言われたんだけど どうしてくれる（怒）,,
val-1453811,1453811,val,majority,message_only,de,medium,self_contained,follow_up,delivery_delay,none,0,"@USER hallo, Paket sollte gestern (Feiertag) zugestellt worden sein. Ortung des Pakets ist ca 40-50 km von mir weg. Was kann ich tun?",,
val-2052149,2052149,val,majority,message_only,en,easy,self_contained,acknowledgement,none,none,1,@USER Done! Thanks,,
val-382580,382580,val,majority,message_only,fr,medium,self_contained,follow_up,delivered_but_not_received,none,0,Énième souci avec une commande @USER dont le colis a été retourné à l’expéditeur suite à une erreur de tri. Cmt vous contacter ?,,
val-215983,215983,val,majority,message_only,en,easy,self_contained,acknowledgement,none,none,1,@USER Just wanted to say thank you for your fast responses. Amazon is the best.,,
golden_all-2814438,2814438,golden_all,majority,message_only,es,hard,context_helpful,complaint,account_access,none,0,@USER Ya lo he intentado. Me llego un mail pidiendo que les envie un fax.. les mande el fax con el resumen de la tarjeta y mi cuenta continua bloqueada! NECESITO AYUDA @USER,,
golden_all-2694949,2694949,golden_all,majority,message_only,en,hard,self_contained,complaint,account_access,none,0,I tried @USER prime years ago for 30 days before the student offer or music service existed but now I'm unable to trial it but keeps being displayed on homepage.,,
golden_all-519702,519702,golden_all,majority,message_only,en,hard,context_helpful,complaint,account_access,none,0,@USER I just want my psn codes so me and my friends can download and play a game tonight. After I get those I'll never bother you again.,,
golden_all-2853614,2853614,golden_all,majority,message_only,en,easy,self_contained,support_request,cancellation,none,0,"@USER Hi, I made an order and it went straight to cancelled! How can I un-cancel? I bought these on blackfriday.",,
golden_all-1955907,1955907,golden_all,majority,message_only,en,hard,context_required,follow_up,charge_issue,none,0,@USER URL,,
golden_all-616914,616914,golden_all,majority,message_only,en,hard,context_helpful,follow_up,charge_issue,none,0,@USER Same card. Most orders are paid with gift vouchers. You say it’s because I’m buying others say it’s because I sell. No one can give me a straight answer. I currently have 4 £1 trans in my account.,,
golden_all-197857,197857,golden_all,majority,message_only,en,hard,context_helpful,complaint,charge_issue,none,0,@USER It is your responsibility to bar sellers like these on your platform. An increase in 1300 rupees is criminal.,,
golden_all-1845984,1845984,golden_all,majority,message_only,en,hard,context_helpful,follow_up,charge_issue,none,0,@USER But I have already activated the card?,,
golden_all-1568158,1568158,golden_all,majority,message_only,en,hard,context_helpful,complaint,charge_issue,none,0,@USER And I have another one too this one's actual MRP is Rs. 525/ Frontech 700 MB 5001 FC BLANK CD-R- 50 Pcs URL,,
golden_all-834216,834216,golden_all,majority,message_only,en,hard,context_helpful,clarification,delivered_but_not_received,none,0,@USER AMZL US,,
golden_all-2798309,2798309,golden_all,majority,message_only,en,hard,context_required,follow_up,delivered_but_not_received,none,0,"@USER Sure, the thing is that I saw notified that my package arrived and this photo came with the notification. URL",,
golden_all-689484,689484,golden_all,majority,message_only,en,medium,context_helpful,complaint,delivered_but_not_received,none,0,Did @USER really just not deliver my package and instead of taking responsibilty they ask me to contact usps and file a police report!? Really? After years of being a prime member I am glad to have cancelled my membership smh,,
golden_all-1242242,1242242,golden_all,majority,message_only,en,hard,context_helpful,complaint,delivered_but_not_received,none,0,@USER Your customer service is the worst first they investigated the wrong item then they thought I got someone else’s package now they say I,,
golden_all-1578555,1578555,golden_all,majority,message_only,de,hard,context_helpful,complaint,delivered_wrong_location,none,0,@USER @USER Same here. Amazon hat mich auch im Stich gelassen heute :(,,
golden_all-2284883,2284883,golden_all,majority,message_only,en,hard,context_helpful,complaint,delivered_wrong_location,none,0,"@USER Wasn’t my order, it was my neighbors. No idea what his name is. Not trying to tattle. Just pointing out you aren’t hiring the best, most trustworthy people to justify the key service here.",,
golden_all-2170818,2170818,golden_all,majority,message_only,en,hard,context_required,follow_up,delivery_delay,none,0,@USER @USER ??,,
golden_all-842315,842315,golden_all,majority,message_only,fr,hard,context_helpful,clarification,delivery_delay,none,0,"@USER Transporteur : Amazon Logistics, n° de suivi CA0002376203",,
golden_all-2171079,2171079,golden_all,majority,message_only,en,medium,self_contained,complaint,delivery_delay,none,0,Sound een pre-ordering a game from @USER only to have it not show up when it's supposed to. Could have just went to the fucking shops for it if I knew it wasn't going to be delivered today 🙃,,
golden_all-2785904,2785904,golden_all,majority,message_only,en,medium,context_helpful,complaint,delivery_delay,none,0,"@USER No one seems sure. Cust service said ""hopefully"" it will arrive tomorrow.",,
golden_all-1379340,1379340,golden_all,majority,message_only,it,medium,self_contained,support_request,device_app_issue,none,0,@USER @USER C'è speranza di avere l'app #PrimeVideo sul Sony UHP-H1?,,
golden_all-227064,227064,golden_all,majority,message_only,ja,medium,self_contained,support_request,device_app_issue,none,0,AmazonリーディングってこれKindleのアプリからいけねぇのか？,,
golden_all-1645512,1645512,golden_all,majority,message_only,en,hard,context_helpful,complaint,device_app_issue,none,0,@USER I'm having it on the full site and the mobile site on all browsers. I don't use the app. Shopping works...I just can't buy.,,
golden_all-2497106,2497106,golden_all,majority,message_only,en,medium,context_helpful,complaint,device_app_issue,none,0,"@USER @USER @USER @USER @USER @USER @USER @USER @USER Given that the app is launched in India, I was hoping that English(India) language would also be available to choose 😕",,
golden_all-487688,487688,golden_all,majority,message_only,fr,medium,context_helpful,acknowledgement,none,none,1,"Mieux vaut tard que jamais... Commandé dimanche avec #AmazonPrime, reçu vendredi avec @USER! Cc @USER URL",,
golden_all-1451501,1451501,golden_all,majority,message_only,pt,medium,context_helpful,acknowledgement,none,none,1,"@USER Como foi minha primeira compra, eu comprei 2 (use a cabeça c E linux a bíblia), mas já estou fazendo a lista das próximas compras",,
golden_all-787658,787658,golden_all,majority,message_only,es,medium,context_helpful,acknowledgement,none,none,1,@USER ¡Gracias todo resuelto!,,
golden_all-893308,893308,golden_all,majority,message_only,pt,hard,context_helpful,unknown,none,none,1,"Atualizando meu @USER e quais são meus maiores gastos do mês? Sim meus caros, @USER , claro.",,
golden_all-2254596,2254596,golden_all,majority,message_only,it,easy,context_helpful,acknowledgement,none,none,1,"@USER Grazie, buonanotte 😊",,
golden_all-426141,426141,golden_all,majority,message_only,es,medium,self_contained,acknowledgement,none,none,1,"Cualquier día antes de que decida en pedir algo en @USER ,me ha llegado Dios que velocidad 😃😃",,
golden_all-816342,816342,golden_all,majority,message_only,it,hard,self_contained,unknown,none,none,1,#AmazonIndia URL,,
golden_all-2586341,2586341,golden_all,majority,message_only,ja,medium,self_contained,acknowledgement,none,none,1,アマゾンプライムミュージック入れたが、ペルソナだけで年会費の価値超えててすげぇ……,,
golden_all-365605,365605,golden_all,majority,message_only,fr,medium,context_helpful,acknowledgement,none,none,1,"@USER je viens de recevoir, désolé pour le dérangement",,
golden_all-2472354,2472354,golden_all,majority,message_only,ja,medium,context_helpful,acknowledgement,none,none,1,@USER これから特典たくさん利用したいと思ってます！ わざわざリプライありがとうございます！☺️,,
golden_all-1033752,1033752,golden_all,majority,message_only,de,medium,context_helpful,acknowledgement,none,none,1,"@USER Genau JETZT kam die Mail, dass mein Paket gleich ankommt. 👍 Danke für den tollen Kundenservice und die immer zügigen Antworten!",,
golden_all-1738390,1738390,golden_all,majority,message_only,ja,medium,self_contained,acknowledgement,none,none,1,Amazonで頼んだやつ来たーーー！！ 😈ｷﾞﾗﾝ そして俺の姉達はもうクリスマス🎅気分w←ついこの間ハロウィン🎃終わったばかりなのに､､､ww URL,,
golden_all-2151072,2151072,golden_all,majority,message_only,ja,easy,context_helpful,acknowledgement,none,none,1,@USER あ、ありがとうございます🙇‍♀️,,
golden_all-1130527,1130527,golden_all,majority,message_only,en,hard,context_helpful,support_request,order_status_query,none,0,@USER Invoice no: TN-MAA4-__credit_card__,,
golden_all-2149534,2149534,golden_all,majority,message_only,en,hard,context_helpful,complaint,order_status_query,none,0,"@USER Ok but when placing an order, your site always tells you if the item is eligible for P.O. box delivery or not. My order was processed and went through with no issues",,
golden_all-2609965,2609965,golden_all,majority,message_only,fr,hard,context_helpful,complaint,other_unclear,none,0,Bonjour @USER je viens de recevoir mon colis que j’avais demandé à être envoyé dans un colis Amazon pour cacher les informations du produit or ce n’est pas le cas. Pourquoi ? Amazon de moins en moins satisfaisant...,,
golden_all-2909124,2909124,golden_all,majority,message_only,en,hard,context_helpful,complaint,other_unclear,none,0,I love @USER but really?? You mailed this at Christmas without putting it in a plain box???? My kids saw it outside when they got off the bus! #christmasruined URL,,
golden_all-582649,582649,golden_all,majority,message_only,en,hard,context_helpful,follow_up,product_return_and_replacement,none,0,@USER *occassion,,
golden_all-835153,835153,golden_all,majority,message_only,en,easy,self_contained,complaint,product_return_and_replacement,none,0,I bought a captain America T-shirt from @USER and they sent me Rupa baniyan #AccheDin ? @USER URL,,
golden_all-2679197,2679197,golden_all,majority,message_only,en,hard,context_required,follow_up,product_return_and_replacement,none,0,@USER @USER Amazon is not supposed to take returns of our item. Did they replace it for you?,,
golden_all-694411,694411,golden_all,majority,message_only,en,medium,context_helpful,follow_up,product_return_and_replacement,none,0,@USER I did !! Request you to please give me the email address on which i can fwd you the video.,,
golden_all-972720,972720,golden_all,majority,message_only,en,hard,context_required,follow_up,refund_request,none,0,"#KaroMilkeTayyari for superb discounts on superb brands at #AmazonGreatIndianFestival. Ready with your wish-lists? Hurry, only 3 days to go. URL",,
golden_all-232399,232399,golden_all,majority,message_only,fr,medium,self_contained,complaint,service_complaint_escalation,none,0,En fait #Amazonprime c'est surtout de la merde non? Ça existe un livreur qui fait son taf à Paris ou c'est une utopie? @USER @USER,,
golden_all-102915,102915,golden_all,majority,message_only,en,medium,context_helpful,complaint,service_complaint_escalation,none,0,@USER And this is your TR customer: URL,,
golden_all-2747122,2747122,golden_all,majority,message_only,en,easy,self_contained,complaint,service_complaint_escalation,none,0,Is it just me or has anyone else noticed that the @USER customer service has decreased recently?! They can barely speak English and I'm convinced I'm talking to a computer due to their automated responses.,,
golden_all-2521823,2521823,golden_all,majority,message_only,en,easy,self_contained,complaint,service_complaint_escalation,none,0,@USER Wow each email I get is worse. Clearly no one actually reads what you write to customer services!!,,
golden_all-1323314,1323314,golden_all,majority,message_only,en,medium,context_helpful,complaint,service_complaint_escalation,none,0,@USER Look what reply we get when we complain to Amazon..... URL,,
golden_all-1912145,1912145,golden_all,majority,message_only,en,medium,context_helpful,support_request,account_access,none,0,@USER - I am unable to order gifts for my husband or son because you display all purchases. Is there a way to secretly purchase so they can't see it? Maybe a password at a purchase level ?,,
golden_all-179205,179205,golden_all,majority,message_only,en,easy,context_helpful,complaint,account_access,none,0,@USER Read the previous tweets - I can’t log in! This has been going on for a day now!!!,,
golden_all-2789138,2789138,golden_all,majority,message_only,en,hard,context_helpful,support_request,account_access,none,0,Hello is there a way to check if I'm signed up to Prime? If so it's a mistake bc I can't afford the membership &amp; I noticed my packages are coming faster than expected. No complaints just can't afford Prime if charged @USER,,
golden_all-427799,427799,golden_all,majority,message_only,en,medium,self_contained,support_request,account_info_update,none,0,@USER can i pay with Amazon pay balance account for one year prime membership?? Plz reply,,
golden_all-22572,22572,golden_all,majority,message_only,en,medium,self_contained,support_request,cancellation,none,0,@USER Ordered on 7 October 2017 Order# 403-7284574-6433108 not yet delivered. No way to cancel and get refund.,,
golden_all-2899649,2899649,golden_all,majority,message_only,en,medium,context_helpful,support_request,cancellation,none,0,"@USER Welp, that didn’t do anything. I’m just going to cancel the order - I don’t see why I should keep waiting while it’s literally sitting on store shelves. URL",,
golden_all-136922,136922,golden_all,majority,message_only,en,hard,context_helpful,complaint,cancellation,none,0,@USER I am so upset I have just cancelled the whole order. Have you an email address I can write to you at. This is the first time I have ever received bad service from Amazon. He even brought me to tears,,
golden_all-880948,880948,golden_all,majority,message_only,en,hard,context_helpful,complaint,cancellation,none,0,@USER They act so bossy that they didn't even bother to make a call regarding the pickup Just a confirmation txt n thn later a cancellation txt,,
golden_all-650056,650056,golden_all,majority,message_only,en,hard,context_helpful,follow_up,cancellation,none,0,"@USER Oh right, you can't do that. I would hurt @USER wallet after all. @USER good on you.",,
golden_all-1604096,1604096,golden_all,majority,message_only,en,hard,context_helpful,complaint,charge_issue,none,0,@USER And then they kindly dispersed the money in my ac to an ac they knew is closed.,,
golden_all-1218305,1218305,golden_all,majority,message_only,en,hard,context_helpful,complaint,charge_issue,none,0,"@USER took my hard earned money, used it &amp; now asking me to cancel order. But nt taking ny action on seller instead shielding them (2/2)",,
golden_all-1724691,1724691,golden_all,majority,message_only,en,easy,self_contained,support_request,charge_issue,none,0,@USER money debited from bank but isn’t credited to amazon pay balance please sew to this asap URL,,
golden_all-2612309,2612309,golden_all,majority,message_only,en,easy,self_contained,complaint,charge_issue,none,0,Woke up to see that my bank account was over drawn from something i didn’t even buy off amazon??? HAPPY FRIDAY 🙃🙃🙃🙃,,
golden_all-332434,332434,golden_all,majority,message_only,en,medium,context_helpful,complaint,charge_issue,none,0,"@USER I don't get COD option for ur products.1st it shows that it is available but after proceeding for checkout,I can't get it.Why?",,
golden_all-895946,895946,golden_all,majority,message_only,en,medium,context_helpful,complaint,charge_issue,none,0,"@USER I know cart prices aren’t set in stone. But like, it went from on sale to more than the regular price. It’s not a cute look.",,
golden_all-1109519,1109519,golden_all,majority,message_only,en,medium,context_helpful,complaint,delivered_but_not_received,none,0,"@USER No, they haven't. They routinely mark packages as delivered before delivery is attempted, and sometimes the packages never arrive at all.",,
golden_all-1423023,1423023,golden_all,majority,message_only,en,medium,context_helpful,complaint,delivered_but_not_received,none,0,"@USER Have also had deliveries when courier claimed to have delivered, but put it back in the van and ended up back at the depot.",,
golden_all-2289844,2289844,golden_all,majority,message_only,en,easy,self_contained,complaint,delivered_but_not_received,none,0,@USER The delivery agent says he will deliver the package later but he updates the status saying delivered directly to customer .. URL,,
golden_all-1220925,1220925,golden_all,majority,message_only,en,medium,context_helpful,complaint,delivered_but_not_received,none,0,@USER Why to hear you do nothing again?,,
golden_all-2532842,2532842,golden_all,majority,message_only,en,hard,context_helpful,complaint,delivered_but_not_received,none,0,@USER can someone contact me ASAP re an undelivered parcel.2 weeks &amp; still no joy.DPD said speak to you. Totally fed up right now!,,
golden_all-380695,380695,golden_all,majority,message_only,en,medium,context_helpful,follow_up,delivered_but_not_received,none,0,@USER I'll have to do that later this morning. Absolutely infuriating,,
golden_all-482351,482351,golden_all,majority,message_only,en,hard,context_helpful,complaint,delivered_but_not_received,none,0,@USER I received my order but part of it is missing but my account say it's delivered. Box was partly open. Parcel left in flower Box!!! Who do I contact? #xmaspresent,,
golden_all-533206,533206,golden_all,majority,message_only,en,hard,context_helpful,complaint,delivered_wrong_location,none,0,"@USER Also, if I haven't specifically indicated that I want my parcel to be left in a ""safe place""... why is the delivery driver assuming my recycle bin is a safe place? It is visible from the street; is NOT in a garden; and if someone sees him putting it there, it can be stolen!",,
golden_all-149199,149199,golden_all,majority,message_only,en,medium,context_helpful,complaint,delivered_wrong_location,none,0,"@USER I don’t know about the item as it is not my parcel to open, it is my partners. It is unacceptable to force drivers to leave parcels in unsafe positions!",,
golden_all-2283511,2283511,golden_all,majority,message_only,en,easy,self_contained,complaint,delivered_wrong_location,none,0,"Amazon seems to have forgotten how to deliver to my address so here I am waiting on 5 packages that all say ""delivery attempted"" TO THE WRONG AREA",,
golden_all-2594956,2594956,golden_all,majority,message_only,en,hard,context_helpful,complaint,delivered_wrong_location,none,0,"@USER I hope my pkg was not in there. Ste-Catherine Montreal, unlocked doors, windows open #unattendedpackages #intelcom #badcourrier URL",,
golden_all-1727624,1727624,golden_all,majority,message_only,en,easy,self_contained,support_request,delivered_wrong_location,none,0,How to contact @USER about a stolen package? Website not user friendly requesting support. Unique situation would like to chat about.,,
golden_all-458877,458877,golden_all,majority,message_only,en,medium,context_helpful,complaint,delivery_delay,none,0,@USER No. Status still “arriving by 8pm today” (9 minutes from now) but no sign of shipment and no tracking number. URL,,
golden_all-142833,142833,golden_all,majority,message_only,en,medium,context_helpful,follow_up,delivery_delay,none,0,@USER Order history is useless and just telling me it's out for delivery or due to be delivered. I've followed up once again by email,,
golden_all-1116569,1116569,golden_all,majority,message_only,en,easy,self_contained,complaint,delivery_delay,none,0,"I bought something on @USER, paid extra for 1 day shipping and it isn’t here. Who do I complain to? @USER",,
golden_all-515245,515245,golden_all,majority,message_only,en,easy,self_contained,complaint,delivery_delay,none,0,@USER My package was supposed to arrive Wednesday.Its friday. Still NOT here. So much for being a prime member!!!!,,
golden_all-2447788,2447788,golden_all,majority,message_only,en,easy,self_contained,complaint,delivery_delay,none,0,"@USER I placed an order with Amazon.in on October 17th and the money got deducted the same day. The order was supposed to deliver on 31st October, but it is 14th Nov today and I still have not received the product. Where is my stuff @USER ?",,
golden_all-2960467,2960467,golden_all,majority,message_only,en,medium,context_helpful,complaint,delivery_delay,none,0,Would really like to know why @USER is taking so long to deliver my package from @USER 😑 two day prime delivery is turning into a week now..... 😒 I could have driven to TN and picked it up myself faster.,,
golden_all-1311577,1311577,golden_all,majority,message_only,en,medium,self_contained,follow_up,delivery_delay,none,0,So where is it then? I wouldn't mind it being a day late if I was notified @USER URL,,
golden_all-608064,608064,golden_all,majority,message_only,en,medium,context_helpful,follow_up,delivery_delay,none,0,"@USER Sorry, the last picture was the shipment confirmation email. This one is the original order email, which also shows 11/20 as the delivery date URL",,
golden_all-2967623,2967623,golden_all,majority,message_only,en,medium,context_helpful,complaint,delivery_delay,none,0,"@USER @USER I just want my package to arrive the day they promised! Been sitting around my house, today is day 2, waiting......! Still doesn't even show out for delivery - I even paid for 3day delivery!",,
golden_all-2528270,2528270,golden_all,majority,message_only,en,medium,context_helpful,complaint,delivery_delay,none,0,@USER seems like all the one day shipping for items has vanished and is two day only,,
golden_all-2683519,2683519,golden_all,majority,message_only,en,hard,context_helpful,complaint,delivery_delay,none,0,"@USER @USER @USER it's frustrating that a package from Prime Pantry shows as ""delivered"" when it really means it's sitting at the US Post Office whose hours are impossible to visit for any person working a full time job...",,
golden_all-1192307,1192307,golden_all,majority,message_only,en,easy,self_contained,complaint,delivery_delay,none,0,"so @USER are fibbers. I saw the delivery van pull up in our car park yesterday just before 5pm, then they drove off...",,
golden_all-2780552,2780552,golden_all,majority,message_only,en,medium,context_helpful,follow_up,delivery_delay,none,0,"""helping us build Earth's Most Customer-Centric Company"" @USER is there an amendement to this vision which excludes me? Just been told to wait another 24 hours because you've misplaced my delivery (again!).",,
golden_all-2824739,2824739,golden_all,majority,message_only,en,easy,self_contained,complaint,delivery_delay,none,0,"I think @USER @USER may want to look into the definition one ""one day delivery"" URL",,
golden_all-2913230,2913230,golden_all,majority,message_only,en,easy,self_contained,follow_up,delivery_delay,none,0,"@USER hi, I ordered a few Prime items on Monday, but they all say arriving Thursday. I thought it was 2 day shipping.... why the delay? Nothing has shipped yet and I thought they'd be here by tomorrow",,
golden_all-1218249,1218249,golden_all,majority,message_only,en,medium,context_helpful,follow_up,delivery_delay,none,0,@USER Says there was a delay with shipping. The tracking number at UPS says this. (see photo) URL,,
golden_all-2003910,2003910,golden_all,majority,message_only,en,medium,context_helpful,follow_up,delivery_delay,none,0,"@USER Well, since ""taken care of"" would have meant Friday delivery, that's unlikely.",,
golden_all-300514,300514,golden_all,majority,message_only,en,medium,context_helpful,complaint,delivery_delay,none,0,"Really glad I used prime @USER seems @USER are unable to honour the next day delivery 😡, glad I invest in prime",,
golden_all-322945,322945,golden_all,majority,message_only,en,medium,context_helpful,complaint,delivery_delay,none,0,@USER Prime member should be given some preference and the items must be delivered within 2 days otherwise it is equal to a non prime member,,
golden_all-2954293,2954293,golden_all,majority,message_only,en,medium,context_helpful,complaint,delivery_delay,none,0,@USER I don’t have time for that. That’s why I buy products on prime only. I work and go to school. I need prime to be a reliable service. Speed. Quality. Convenience. I don’t have time for stuff like this. I just won’t recommend your service.,,
golden_all-2664071,2664071,golden_all,majority,message_only,en,hard,context_helpful,complaint,delivery_delay,none,0,"@USER Wrongly conceptualized add , bird's are being bullied Anyway Amazon is wowsome! Maintain this faith",,
golden_all-1210214,1210214,golden_all,majority,message_only,en,medium,self_contained,complaint,delivery_delay,none,0,Has anyone had a package returned to @USER because @USER refused to deliver it? 😐,,
golden_all-86209,86209,golden_all,majority,message_only,en,easy,self_contained,complaint,delivery_delay,none,0,"Today is the twins’ 4th Birthday. This is their gift from us - ordered on Sunday with Amazon Prime. We were assured yesterday that it would arrive today but I have just received this message. I understand that these things happen, but I’m hoping you can work some magic @USER URL",,
golden_all-2192580,2192580,golden_all,majority,message_only,en,easy,self_contained,complaint,delivery_delay,none,0,"You know you can't trust @USER marketplace if your order doesn't have any tracking info updates since it supposedly left origin facility. It was supposed to arrive yesterday. Last time was a nightmare enough, this time isn't looking much better. Thanks for the sub-par service.",,
golden_all-1406593,1406593,golden_all,majority,message_only,en,medium,context_helpful,complaint,delivery_delay,none,0,@USER first weekend of prime... NOT IMPRESSED.,,
golden_all-1570766,1570766,golden_all,majority,message_only,en,medium,context_helpful,follow_up,delivery_delay,none,0,@USER Do you have any update here?,,
golden_all-1389974,1389974,golden_all,majority,message_only,en,medium,context_helpful,follow_up,delivery_delay,none,0,@USER not impressed by your driver leaving my door within 6 seconds of knocking Despite my note explaining I've just had spine surgery!,,
golden_all-1399860,1399860,golden_all,majority,message_only,en,medium,context_helpful,acknowledgement,delivery_delay,none,0,@USER Thank u so much.. Kindly Arrange to provide my parcel.. Thank u so much,,
golden_all-1335118,1335118,golden_all,majority,message_only,en,medium,context_helpful,follow_up,delivery_delay,none,0,"@USER We needed it for a trip we are leaving on tonight, now we will not have it.",,
golden_all-999138,999138,golden_all,majority,message_only,en,medium,context_helpful,complaint,delivery_delay,none,0,@USER £70 a year membership for prime to be let down like this!! Will be cancelling my subscription as it's just not worth the hassle!! URL,,
golden_all-2852150,2852150,golden_all,majority,message_only,en,medium,context_helpful,follow_up,delivery_delay,none,0,I'll go sit at the door for the next 8min then? @USER @USER URL,,
golden_all-2890574,2890574,golden_all,majority,message_only,en,medium,context_helpful,complaint,delivery_delay,none,0,".@USER 3 years ago when something said #PRIME and I ordered it, it arrived in 2 days, this last year it is a lucky day to get something in 2 days, The service has gone 2 shit, it's so unreliable, You should knock prime membership in half, it's bogus at the moment #AMAZON",,
golden_all-1420099,1420099,golden_all,majority,message_only,en,medium,context_helpful,complaint,delivery_delay,none,0,@USER ordered three items from amazon and all of their delivery dates kept getting pushed back and back and back. Not happy 😤,,
golden_all-550560,550560,golden_all,majority,message_only,en,easy,self_contained,complaint,delivery_delay,none,0,@USER I have a Prime membership. Quite often the 1 or 2 day shipping that I've selected doesn't arrive until 3-5+ days later. I thought shipping time was supposed to be from when you order the item? What's with missing the date so often?,,
golden_all-673242,673242,golden_all,majority,message_only,en,medium,context_helpful,follow_up,delivery_delay,none,0,@USER That was a joke lol. But my order IS late — i contacted amazon and they said that it’d be here by tomorrow so let’s see,,
golden_all-1193931,1193931,golden_all,majority,message_only,en,medium,context_helpful,follow_up,delivery_delay,none,0,@USER Amazon logistics is the carrier. Got disconnected while holding the first time around. Not clear if delivery is tmrw or delayed further.,,
golden_all-2731105,2731105,golden_all,majority,message_only,en,easy,self_contained,complaint,delivery_delay,none,0,@USER One of my orders will be delivered tomorrow when I paid for delivery today.,,
golden_all-1587374,1587374,golden_all,majority,message_only,en,easy,self_contained,complaint,delivery_delay,none,0,@USER i recently purchased an item from your website its scheduled to come on November 3rd at 8pm and i still havent received my order?,,
golden_all-2296826,2296826,golden_all,majority,message_only,en,medium,context_helpful,follow_up,delivery_delay,none,0,@USER Not sure but I think it's because Royal Mail doesn't deliver today. No idea why it wasn't delivered yesterday. I don't have the detail- a family member ordered it for me.,,
golden_all-1229688,1229688,golden_all,majority,message_only,en,medium,context_helpful,complaint,device_app_issue,none,0,"The all-new Kindle app is built for book lovers, with everything you need in one place. Learn more: URL URL",,
golden_all-26958,26958,golden_all,majority,message_only,en,easy,self_contained,support_request,device_app_issue,none,0,"@USER Good morning. Is the Alexa App down? It’s timing out here in London, UK.",,
golden_all-2378990,2378990,golden_all,majority,message_only,en,hard,context_helpful,complaint,device_app_issue,none,0,@USER @USER when I ask Alexa this price it says it’s $23.48 URL,,
golden_all-1384330,1384330,golden_all,majority,message_only,en,hard,context_helpful,complaint,device_app_issue,none,0,@USER is there anything wrong with payment on the amazon app today . Seeing this for sometime URL,,
golden_all-2523357,2523357,golden_all,majority,message_only,en,medium,context_helpful,follow_up,device_app_issue,none,0,@USER Thank you for your quick reply! I have a first gen.,,
golden_all-1766849,1766849,golden_all,majority,message_only,en,medium,context_helpful,support_request,device_app_issue,none,0,@USER Fire stick is broke getting new remote second time app is on an android box.,,
golden_all-2847379,2847379,golden_all,majority,message_only,en,medium,context_helpful,complaint,device_app_issue,none,0,"@USER At this time we CANNOT choose the language it is asking for, its under this tab in settings URL",,
golden_all-2569705,2569705,golden_all,majority,message_only,en,easy,self_contained,complaint,device_app_issue,none,0,"@USER Timing out across the board today, any idea on when things will be back up? URL",,
golden_all-350494,350494,golden_all,majority,message_only,en,medium,context_helpful,complaint,device_app_issue,none,0,@USER selling Echo devices without Alexa app for India.. how am I to use it at all!? Where is Alexa?,,
golden_all-1464161,1464161,golden_all,majority,message_only,en,medium,context_helpful,complaint,device_app_issue,none,0,@USER @USER @USER update: episode still unavailable. I think you're the people who update me. Not vice versa? 🔮,,
golden_all-1943693,1943693,golden_all,majority,message_only,en,easy,context_helpful,acknowledgement,none,none,1,@USER Yes i have shared the whole concern,,
golden_all-2611658,2611658,golden_all,majority,message_only,en,easy,context_helpful,acknowledgement,none,none,1,@USER Thanks! Got the package at 1.30 :D,,
golden_all-309233,309233,golden_all,majority,message_only,en,easy,self_contained,acknowledgement,none,none,1,Thanks @USER for the new cat bed. Velho loves it! #floof #CatsOfTwitter URL,,
golden_all-2111184,2111184,golden_all,majority,message_only,en,easy,self_contained,acknowledgement,none,none,1,"@USER Wow, that's was an amazingly quick response!! Hats off",,
golden_all-174486,174486,golden_all,majority,message_only,en,easy,context_helpful,acknowledgement,none,none,1,@USER me hiciste muy feliz hoy! 😍,,
golden_all-2580464,2580464,golden_all,majority,message_only,en,medium,context_helpful,acknowledgement,none,none,1,"@USER @USER I ended up escalated to a new chat room and the guy was great. Too nice, really!",,
golden_all-2855145,2855145,golden_all,majority,message_only,en,medium,context_helpful,acknowledgement,none,none,1,"@USER Thanks so much for helping, @USER! It was definitely the sales tax!",,
golden_all-2384553,2384553,golden_all,majority,message_only,en,easy,self_contained,acknowledgement,none,none,1,New books are on their way!! Can’t stop looking at the @USER tracking screen though - hurry up new books. More coming next week 👏🏻👏🏻 URL,,
golden_all-1198549,1198549,golden_all,majority,message_only,en,easy,context_helpful,acknowledgement,none,none,1,@USER @USER Nothing but respect for MY postal service 😤😤,,
golden_all-1204940,1204940,golden_all,majority,message_only,en,easy,context_helpful,acknowledgement,none,none,1,@USER @USER @USER Yes absolutely Right 💯 👍,,
golden_all-487699,487699,golden_all,majority,message_only,en,easy,context_helpful,acknowledgement,none,none,1,@USER I made a mistake. I ordered on your .co.uk site not .com so i actually do have the orders i ordered. Sorry for any inconvenience caused.,,
golden_all-1181640,1181640,golden_all,majority,message_only,en,easy,context_helpful,acknowledgement,none,none,1,@USER Will do! Thank you so much!,,
golden_all-628261,628261,golden_all,majority,message_only,en,medium,context_required,clarification,none,none,1,@USER I’m guessing by a marketplace seller? URL,,
golden_all-2931934,2931934,golden_all,majority,message_only,en,hard,context_helpful,unknown,none,none,1,@USER But I want I phone as a gift... On my birthday.. Don't want to purchase it,,
golden_all-2769011,2769011,golden_all,majority,message_only,en,medium,context_helpful,clarification,none,none,1,"@USER No need to filled the form, I'm sharing you giving the registered email via direct message",,
golden_all-1707062,1707062,golden_all,majority,message_only,en,easy,context_helpful,acknowledgement,none,none,1,"@USER The guy who sent it to me already reached me, tracking number checks out, mystery solved. Thanks, though",,
golden_all-957126,957126,golden_all,majority,message_only,en,medium,context_helpful,clarification,none,none,1,@USER @USER I haven't tried again simce yesterday. I was using mine in US before bringing it here so maybe I'll have to check the location etc agai,,
golden_all-2389800,2389800,golden_all,majority,message_only,en,hard,self_contained,unknown,none,none,1,Every breath you take should be as pure as nature intended. Improve the quality of the air you breathe indoors with a wide range air purifiers to choose from on Amazon.in. Visit: URL URL,,
golden_all-2266765,2266765,golden_all,majority,message_only,en,medium,self_contained,support_request,none,none,1,"@USER hey guys, Do you have any upcoming sale? In looking forward to buy the Moto g5s+ and I'm short of little money. Can you help me out?",,
golden_all-1721707,1721707,golden_all,majority,message_only,en,medium,self_contained,complaint,order_status_query,none,0,when you pay extra for shipping for next day delivery through amazon prime but they didnt deliver it @USER URL,,
golden_all-646730,646730,golden_all,majority,message_only,en,medium,context_helpful,follow_up,order_status_query,none,0,@USER when will me scampi fries be getting dispatched? Should have been yesterday and still not been dispatched. I want fishy fingers. Cheers 😏👍,,
golden_all-2363235,2363235,golden_all,majority,message_only,en,medium,context_helpful,support_request,order_status_query,none,0,"@USER So on the amazon website when I track my package it says that it just got to a warehouse near me and it is close, but on the usps site when I input my tracking number it says that they are still waiting to receive my items?",,
golden_all-2960026,2960026,golden_all,majority,message_only,en,medium,self_contained,follow_up,order_status_query,none,0,@USER where’s my tv going... it came to my ups then back to Sacramento.... URL,,
golden_all-1105754,1105754,golden_all,majority,message_only,en,medium,self_contained,complaint,order_status_query,none,0,Order updates from @USER have timestamps from before the order was placed. Looks like they are GMT.,,
golden_all-1464285,1464285,golden_all,majority,message_only,en,easy,self_contained,support_request,order_status_query,none,0,@USER @USER Order# 408-9863763-1429137 will my order be shipped or not?,,
golden_all-993935,993935,golden_all,majority,message_only,en,medium,context_helpful,follow_up,order_status_query,none,0,@USER I also search redmi note4 didn't show your website.please help me,,
golden_all-832924,832924,golden_all,majority,message_only,en,medium,context_helpful,follow_up,order_status_query,none,0,"@USER Yes, wc26th Oct. But if I click on the album it says in-stock and available for this weekend.",,
golden_all-2288190,2288190,golden_all,majority,message_only,en,medium,context_helpful,follow_up,order_status_query,none,0,"@USER It would be nice to know if my order is shipping any time soon. I ordered 24 hours ago with same day delivery. The status has been not yet shipped all day. Was supposed to be here at 9 pm today, 1.5 hours ago.",,
golden_all-2374486,2374486,golden_all,majority,message_only,en,hard,self_contained,complaint,order_status_query,none,0,@USER how can an order be “delivered by 8pm today” and “not yet shipped”?,,
golden_all-1397273,1397273,golden_all,majority,message_only,en,easy,self_contained,support_request,order_status_query,none,0,i want to buy echo spot when did it launch in india @USER @USER @USER @USER,,
golden_all-1755281,1755281,golden_all,majority,message_only,en,hard,context_helpful,support_request,other_unclear,none,0,@USER so I got this email. But I don't shop with Amazon so it might be a spam? Thought I would let you people know anyway. URL,,
golden_all-467536,467536,golden_all,majority,message_only,en,hard,context_helpful,complaint,product_return_and_replacement,none,0,@USER Not received the item. App is not upto the mark so did not get terms &amp; conditions clearly while placing order hence lost cashback offer also. Poor experience overall.,,
golden_all-1147828,1147828,golden_all,majority,message_only,en,hard,context_helpful,follow_up,product_return_and_replacement,none,0,@USER I HAVE OPTED for no cost emi thats why i am doing follow ups... Otherwise i am not a free person to exchange tweets and mails with u,,
golden_all-2454046,2454046,golden_all,majority,message_only,en,easy,context_helpful,acknowledgement,product_return_and_replacement,none,0,@USER No idea 😂 I've started a return and reordered URL,,
golden_all-679025,679025,golden_all,majority,message_only,en,medium,context_helpful,support_request,product_return_and_replacement,none,0,Hi @USER I purchased the wrong colour kindle and forgot to tick u registered. Can I exchange for a different colour?,,
golden_all-2460750,2460750,golden_all,majority,message_only,en,easy,self_contained,complaint,product_return_and_replacement,none,0,@USER So I had ordered a Moto G5s and I got a Moto G5 plus. Please do something about it. Thank you URL,,
golden_all-2450570,2450570,golden_all,majority,message_only,en,easy,self_contained,complaint,product_return_and_replacement,none,0,amazon sent the wrong cases 😩🤦🏾‍♀️,,
golden_all-2608094,2608094,golden_all,majority,message_only,en,medium,context_helpful,support_request,product_return_and_replacement,none,0,@USER if I got a product and it didn’t come with everything listed who would I contact to get the rest to the product ?,,
golden_all-982267,982267,golden_all,majority,message_only,en,easy,self_contained,complaint,product_return_and_replacement,none,0,Wtf @USER ... I ordered an altitude mask and you sent me a ‘tutu’ ?!😂🤦🏼‍♂️ URL,,
golden_all-2291505,2291505,golden_all,majority,message_only,en,hard,context_helpful,support_request,product_return_and_replacement,none,0,@USER I have buy Nokia 6 from Amazon India. The phone's display has purple colour on right side of the display. I want to replace my phone but Amazon can't. What can I do ? Help ASAP.,,
golden_all-1018235,1018235,golden_all,majority,message_only,en,hard,context_helpful,complaint,product_return_and_replacement,none,0,"@USER Now amazon starts blackmailing customers by sending wrong product and when return req. placed,They says ship prdct back by urself",,
golden_all-1229460,1229460,golden_all,majority,message_only,en,hard,context_helpful,complaint,product_return_and_replacement,none,0,"Hey, @USER, this DVD is a fraud. It claims to be the lost 1917 Cleopatra but is really the 1912 version. URL",,
golden_all-2484077,2484077,golden_all,majority,message_only,en,easy,self_contained,complaint,product_return_and_replacement,none,0,I payed good money for this cup that I received today in the post! I am deeply disappointed that it’s faulty #donotbuy @USER URL,,
golden_all-345473,345473,golden_all,majority,message_only,en,hard,context_helpful,complaint,product_return_and_replacement,none,0,Dear @USER You suck. We’ve had to replace one device already bc it keeps malfunctioning. The “new” one is malfunctioning too.,,
golden_all-676899,676899,golden_all,majority,message_only,en,hard,context_helpful,complaint,product_return_and_replacement,none,0,@USER why haven’t you fulfilled Lex Luthor’s order of a blue-ray copy of A league of their own? Amazon you have to stop doing an injustice to Lex he might start a league! #JusticeLeague,,
golden_all-18706,18706,golden_all,majority,message_only,en,medium,context_helpful,support_request,refund_request,none,0,@USER U kindly refund the amount back .. I have sent back the product and I demand a refund for the same .never had such dissaponments wit amazon,,
golden_all-1436650,1436650,golden_all,majority,message_only,en,easy,self_contained,complaint,refund_request,none,0,@USER shady service - trying to steal my money - promised a refund on delivery to hotel as didn't arrive as promised. Now told no refund!,,
golden_all-2712534,2712534,golden_all,majority,message_only,en,medium,context_helpful,support_request,refund_request,none,0,"This is the second time Prime Now has delivered an order with missing items, and I can't find a way to request a refund in the app.",,
golden_all-1420491,1420491,golden_all,majority,message_only,en,medium,context_helpful,follow_up,refund_request,none,0,@USER Yes i have sent my details via the form. I have cancelled the product and dont want to be associated with amazon refund my money to my CC,,
golden_all-915961,915961,golden_all,majority,message_only,en,medium,context_helpful,follow_up,refund_request,none,0,@USER how would you justify blocking a customer’s number who’s awaiting a refund?,,
golden_all-2515914,2515914,golden_all,majority,message_only,en,medium,context_helpful,follow_up,refund_request,none,0,"@USER Yes on all three orders, then you kept arguing with me about how it wasn’t your fault and how you don’t have the resources to refund my Prime membership",,
golden_all-2217342,2217342,golden_all,majority,message_only,en,hard,context_helpful,complaint,refund_request,none,0,"@USER Yes, and now you are rejecting the claim but the seller is sketchy.",,
golden_all-1893565,1893565,golden_all,majority,message_only,en,medium,context_helpful,follow_up,service_complaint_escalation,none,0,@USER Nope...never received a call,,
golden_all-1763226,1763226,golden_all,majority,message_only,en,medium,context_helpful,complaint,service_complaint_escalation,none,0,@USER Yes. I have also spent 8 hours on live chat.,,
golden_all-2573750,2573750,golden_all,majority,message_only,en,medium,context_helpful,complaint,service_complaint_escalation,none,0,"@USER I've checked all of my folders. Like I said, the number in that link is the exact one I have called five times. I'm a Prime member who has been locked from their account for three weeks and have had nothing visible done to remedy this.",,
golden_all-1541879,1541879,golden_all,majority,message_only,en,medium,context_helpful,complaint,service_complaint_escalation,none,0,@USER Look your cust service people just emailed to say they couldn’t deal with me because my email isn’t recognised. So unhelpful,,
golden_all-1415560,1415560,golden_all,majority,message_only,en,medium,context_helpful,complaint,service_complaint_escalation,none,0,"@USER Yes, I'm talking to a representative again but I'm still super disappointed.. The call I made last night with you guys was useless",,
golden_all-334873,334873,golden_all,majority,message_only,en,medium,context_helpful,complaint,service_complaint_escalation,none,0,@USER 6 years of shopping and never had an issue with CS until tonight. 10 mins later and no reply. URL,,
golden_all-272875,272875,golden_all,majority,message_only,en,medium,context_helpful,complaint,service_complaint_escalation,none,0,"@USER I checked the link even on the desktop. There's no link given to contact support, that's why i am pinging you here.",,
golden_all-1537572,1537572,golden_all,majority,message_only,en,medium,context_helpful,complaint,service_complaint_escalation,none,0,"3/ @USER WHY IS IT SO HARD TO REPORT A SHIPPING PROBLEM? Yesterday I got the ""chat is too slow, please call"" option. Why no message/email?",,
golden_all-411902,411902,golden_all,majority,message_only,en,easy,self_contained,complaint,service_complaint_escalation,none,0,"I will NEVER use @USER @USER for my business ever again. Bad customer service, impolite, and impressionable",,
golden_all-1588773,1588773,golden_all,majority,message_only,en,easy,self_contained,complaint,service_complaint_escalation,none,0,"God damn it, but @USER is getting worse and worse and worse as time goes on. Maybe it's time to dump all @USER services and move on.",,
golden_all-2353843,2353843,golden_all,majority,message_only,en,medium,context_helpful,complaint,service_complaint_escalation,none,0,@USER I am sorry but I would like to receive a phone call &amp; have this matter resolved asap! I have phoned 5 times now &amp; every time I get nothing. I am £90 down on an error on your part. This has been going on for almost 3 weeks now &amp; it’s time for you to actually do something.,,
golden_all-1136222,1136222,golden_all,majority,message_only,en,hard,context_helpful,complaint,service_complaint_escalation,none,0,@USER Already send and call to 50 tym no proper response from ur side.. My neice birthday on 17 oct. Fake commitment 405-8158996-7018755oredr id,,
golden_all-1384189,1384189,golden_all,majority,message_only,en,easy,self_contained,complaint,service_complaint_escalation,none,0,"Bad experience , not a sense of customer Service or cost saving at all..... @USER #disappointed",,
golden_all-1746071,1746071,golden_all,majority,message_only,en,medium,context_helpful,complaint,service_complaint_escalation,none,0,"@USER I don’t this information to be public, as it’s impossible to reach your customer care on phone. So either they should call me or reach item",,
golden_all-390810,390810,golden_all,majority,message_only,en,hard,context_helpful,complaint,service_complaint_escalation,none,0,@USER You must shut down your improper business. Now when the payment is done you're coming up with nasty excuses. Read the DM.,,
golden_all-2151408,2151408,golden_all,majority,message_only,en,medium,context_helpful,complaint,service_complaint_escalation,none,0,@USER doesn't provide way to claim #gst input credit for Business purchases. Even if I am giving all details they are denying this basic,,
golden_all-2216600,2216600,golden_all,majority,message_only,en,hard,context_helpful,complaint,service_complaint_escalation,none,0,@USER Dont trust Amazon India and @USER with any card cash back offers. They do not keep up to their promises!! Conveniently take 3 months so that customers forget about it!!! #FoolingPrimeCustomers,,
golden_all-1250967,1250967,golden_all,majority,message_only,en,hard,context_helpful,complaint,service_complaint_escalation,none,0,"Super disappointed in @USER lately. Lost packages, multiple wrong charges. What's the point of being prime 🙄🤔",,
golden_all-2447260,2447260,golden_all,majority,message_only,en,medium,context_helpful,complaint,service_complaint_escalation,none,0,"@USER should only &amp; selectively use #USPS for certain deliveries since the majority of time your order isn't going to arrive as promised, thus defeating entire premise of #AmazonPrime This is about #logistics plain &amp; simple.",,
golden_all-1179639,1179639,golden_all,majority,message_only,en,hard,context_helpful,complaint,service_complaint_escalation,none,0,@USER was told to wait. Called you today. Told item has NOT been put in locker then told it HAD. Your agents can't keep up with their own lies.,,
golden_all-2245407,2245407,golden_all,majority,message_only,en,hard,context_helpful,complaint,service_complaint_escalation,none,0,@USER why my call gets dropped Kindly please check my call log and please take an appropriate actions Why my call dropped? In between URL,,
golden_all-886169,886169,golden_all,majority,message_only,en,hard,context_helpful,complaint,service_complaint_escalation,none,0,@USER The email was terribly short with no direction expect “we left you a voice mail win instructions” and I had no voice mails!,,
golden_rep-1912145,1912145,golden_rep,majority,message_only,en,medium,context_helpful,support_request,account_access,none,0,@USER - I am unable to order gifts for my husband or son because you display all purchases. Is there a way to secretly purchase so they can't see it? Maybe a password at a purchase level ?,,
golden_rep-179205,179205,golden_rep,majority,message_only,en,easy,context_helpful,complaint,account_access,none,0,@USER Read the previous tweets - I can’t log in! This has been going on for a day now!!!,,
golden_rep-2789138,2789138,golden_rep,majority,message_only,en,hard,context_helpful,support_request,account_access,none,0,Hello is there a way to check if I'm signed up to Prime? If so it's a mistake bc I can't afford the membership &amp; I noticed my packages are coming faster than expected. No complaints just can't afford Prime if charged @USER,,
golden_rep-427799,427799,golden_rep,majority,message_only,en,medium,self_contained,support_request,account_info_update,none,0,@USER can i pay with Amazon pay balance account for one year prime membership?? Plz reply,,
golden_rep-22572,22572,golden_rep,majority,message_only,en,medium,self_contained,support_request,cancellation,none,0,@USER Ordered on 7 October 2017 Order# 403-7284574-6433108 not yet delivered. No way to cancel and get refund.,,
golden_rep-2899649,2899649,golden_rep,majority,message_only,en,medium,context_helpful,support_request,cancellation,none,0,"@USER Welp, that didn’t do anything. I’m just going to cancel the order - I don’t see why I should keep waiting while it’s literally sitting on store shelves. URL",,
golden_rep-136922,136922,golden_rep,majority,message_only,en,hard,context_helpful,complaint,cancellation,none,0,@USER I am so upset I have just cancelled the whole order. Have you an email address I can write to you at. This is the first time I have ever received bad service from Amazon. He even brought me to tears,,
golden_rep-880948,880948,golden_rep,majority,message_only,en,hard,context_helpful,complaint,cancellation,none,0,@USER They act so bossy that they didn't even bother to make a call regarding the pickup Just a confirmation txt n thn later a cancellation txt,,
golden_rep-650056,650056,golden_rep,majority,message_only,en,hard,context_helpful,follow_up,cancellation,none,0,"@USER Oh right, you can't do that. I would hurt @USER wallet after all. @USER good on you.",,
golden_rep-1604096,1604096,golden_rep,majority,message_only,en,hard,context_helpful,complaint,charge_issue,none,0,@USER And then they kindly dispersed the money in my ac to an ac they knew is closed.,,
golden_rep-1218305,1218305,golden_rep,majority,message_only,en,hard,context_helpful,complaint,charge_issue,none,0,"@USER took my hard earned money, used it &amp; now asking me to cancel order. But nt taking ny action on seller instead shielding them (2/2)",,
golden_rep-1724691,1724691,golden_rep,majority,message_only,en,easy,self_contained,support_request,charge_issue,none,0,@USER money debited from bank but isn’t credited to amazon pay balance please sew to this asap URL,,
golden_rep-2612309,2612309,golden_rep,majority,message_only,en,easy,self_contained,complaint,charge_issue,none,0,Woke up to see that my bank account was over drawn from something i didn’t even buy off amazon??? HAPPY FRIDAY 🙃🙃🙃🙃,,
golden_rep-332434,332434,golden_rep,majority,message_only,en,medium,context_helpful,complaint,charge_issue,none,0,"@USER I don't get COD option for ur products.1st it shows that it is available but after proceeding for checkout,I can't get it.Why?",,
golden_rep-895946,895946,golden_rep,majority,message_only,en,medium,context_helpful,complaint,charge_issue,none,0,"@USER I know cart prices aren’t set in stone. But like, it went from on sale to more than the regular price. It’s not a cute look.",,
golden_rep-1109519,1109519,golden_rep,majority,message_only,en,medium,context_helpful,complaint,delivered_but_not_received,none,0,"@USER No, they haven't. They routinely mark packages as delivered before delivery is attempted, and sometimes the packages never arrive at all.",,
golden_rep-1423023,1423023,golden_rep,majority,message_only,en,medium,context_helpful,complaint,delivered_but_not_received,none,0,"@USER Have also had deliveries when courier claimed to have delivered, but put it back in the van and ended up back at the depot.",,
golden_rep-2289844,2289844,golden_rep,majority,message_only,en,easy,self_contained,complaint,delivered_but_not_received,none,0,@USER The delivery agent says he will deliver the package later but he updates the status saying delivered directly to customer .. URL,,
golden_rep-1220925,1220925,golden_rep,majority,message_only,en,medium,context_helpful,complaint,delivered_but_not_received,none,0,@USER Why to hear you do nothing again?,,
golden_rep-2532842,2532842,golden_rep,majority,message_only,en,hard,context_helpful,complaint,delivered_but_not_received,none,0,@USER can someone contact me ASAP re an undelivered parcel.2 weeks &amp; still no joy.DPD said speak to you. Totally fed up right now!,,
golden_rep-380695,380695,golden_rep,majority,message_only,en,medium,context_helpful,follow_up,delivered_but_not_received,none,0,@USER I'll have to do that later this morning. Absolutely infuriating,,
golden_rep-482351,482351,golden_rep,majority,message_only,en,hard,context_helpful,complaint,delivered_but_not_received,none,0,@USER I received my order but part of it is missing but my account say it's delivered. Box was partly open. Parcel left in flower Box!!! Who do I contact? #xmaspresent,,
golden_rep-533206,533206,golden_rep,majority,message_only,en,hard,context_helpful,complaint,delivered_wrong_location,none,0,"@USER Also, if I haven't specifically indicated that I want my parcel to be left in a ""safe place""... why is the delivery driver assuming my recycle bin is a safe place? It is visible from the street; is NOT in a garden; and if someone sees him putting it there, it can be stolen!",,
golden_rep-149199,149199,golden_rep,majority,message_only,en,medium,context_helpful,complaint,delivered_wrong_location,none,0,"@USER I don’t know about the item as it is not my parcel to open, it is my partners. It is unacceptable to force drivers to leave parcels in unsafe positions!",,
golden_rep-2283511,2283511,golden_rep,majority,message_only,en,easy,self_contained,complaint,delivered_wrong_location,none,0,"Amazon seems to have forgotten how to deliver to my address so here I am waiting on 5 packages that all say ""delivery attempted"" TO THE WRONG AREA",,
golden_rep-2594956,2594956,golden_rep,majority,message_only,en,hard,context_helpful,complaint,delivered_wrong_location,none,0,"@USER I hope my pkg was not in there. Ste-Catherine Montreal, unlocked doors, windows open #unattendedpackages #intelcom #badcourrier URL",,
golden_rep-1727624,1727624,golden_rep,majority,message_only,en,easy,self_contained,support_request,delivered_wrong_location,none,0,How to contact @USER about a stolen package? Website not user friendly requesting support. Unique situation would like to chat about.,,
golden_rep-458877,458877,golden_rep,majority,message_only,en,medium,context_helpful,complaint,delivery_delay,none,0,@USER No. Status still “arriving by 8pm today” (9 minutes from now) but no sign of shipment and no tracking number. URL,,
golden_rep-142833,142833,golden_rep,majority,message_only,en,medium,context_helpful,follow_up,delivery_delay,none,0,@USER Order history is useless and just telling me it's out for delivery or due to be delivered. I've followed up once again by email,,
golden_rep-1116569,1116569,golden_rep,majority,message_only,en,easy,self_contained,complaint,delivery_delay,none,0,"I bought something on @USER, paid extra for 1 day shipping and it isn’t here. Who do I complain to? @USER",,
golden_rep-515245,515245,golden_rep,majority,message_only,en,easy,self_contained,complaint,delivery_delay,none,0,@USER My package was supposed to arrive Wednesday.Its friday. Still NOT here. So much for being a prime member!!!!,,
golden_rep-2447788,2447788,golden_rep,majority,message_only,en,easy,self_contained,complaint,delivery_delay,none,0,"@USER I placed an order with Amazon.in on October 17th and the money got deducted the same day. The order was supposed to deliver on 31st October, but it is 14th Nov today and I still have not received the product. Where is my stuff @USER ?",,
golden_rep-2960467,2960467,golden_rep,majority,message_only,en,medium,context_helpful,complaint,delivery_delay,none,0,Would really like to know why @USER is taking so long to deliver my package from @USER 😑 two day prime delivery is turning into a week now..... 😒 I could have driven to TN and picked it up myself faster.,,
golden_rep-1311577,1311577,golden_rep,majority,message_only,en,medium,self_contained,follow_up,delivery_delay,none,0,So where is it then? I wouldn't mind it being a day late if I was notified @USER URL,,
golden_rep-608064,608064,golden_rep,majority,message_only,en,medium,context_helpful,follow_up,delivery_delay,none,0,"@USER Sorry, the last picture was the shipment confirmation email. This one is the original order email, which also shows 11/20 as the delivery date URL",,
golden_rep-2967623,2967623,golden_rep,majority,message_only,en,medium,context_helpful,complaint,delivery_delay,none,0,"@USER @USER I just want my package to arrive the day they promised! Been sitting around my house, today is day 2, waiting......! Still doesn't even show out for delivery - I even paid for 3day delivery!",,
golden_rep-2528270,2528270,golden_rep,majority,message_only,en,medium,context_helpful,complaint,delivery_delay,none,0,@USER seems like all the one day shipping for items has vanished and is two day only,,
golden_rep-2683519,2683519,golden_rep,majority,message_only,en,hard,context_helpful,complaint,delivery_delay,none,0,"@USER @USER @USER it's frustrating that a package from Prime Pantry shows as ""delivered"" when it really means it's sitting at the US Post Office whose hours are impossible to visit for any person working a full time job...",,
golden_rep-1192307,1192307,golden_rep,majority,message_only,en,easy,self_contained,complaint,delivery_delay,none,0,"so @USER are fibbers. I saw the delivery van pull up in our car park yesterday just before 5pm, then they drove off...",,
golden_rep-2780552,2780552,golden_rep,majority,message_only,en,medium,context_helpful,follow_up,delivery_delay,none,0,"""helping us build Earth's Most Customer-Centric Company"" @USER is there an amendement to this vision which excludes me? Just been told to wait another 24 hours because you've misplaced my delivery (again!).",,
golden_rep-2824739,2824739,golden_rep,majority,message_only,en,easy,self_contained,complaint,delivery_delay,none,0,"I think @USER @USER may want to look into the definition one ""one day delivery"" URL",,
golden_rep-2913230,2913230,golden_rep,majority,message_only,en,easy,self_contained,follow_up,delivery_delay,none,0,"@USER hi, I ordered a few Prime items on Monday, but they all say arriving Thursday. I thought it was 2 day shipping.... why the delay? Nothing has shipped yet and I thought they'd be here by tomorrow",,
golden_rep-1218249,1218249,golden_rep,majority,message_only,en,medium,context_helpful,follow_up,delivery_delay,none,0,@USER Says there was a delay with shipping. The tracking number at UPS says this. (see photo) URL,,
golden_rep-2003910,2003910,golden_rep,majority,message_only,en,medium,context_helpful,follow_up,delivery_delay,none,0,"@USER Well, since ""taken care of"" would have meant Friday delivery, that's unlikely.",,
golden_rep-300514,300514,golden_rep,majority,message_only,en,medium,context_helpful,complaint,delivery_delay,none,0,"Really glad I used prime @USER seems @USER are unable to honour the next day delivery 😡, glad I invest in prime",,
golden_rep-322945,322945,golden_rep,majority,message_only,en,medium,context_helpful,complaint,delivery_delay,none,0,@USER Prime member should be given some preference and the items must be delivered within 2 days otherwise it is equal to a non prime member,,
golden_rep-2954293,2954293,golden_rep,majority,message_only,en,medium,context_helpful,complaint,delivery_delay,none,0,@USER I don’t have time for that. That’s why I buy products on prime only. I work and go to school. I need prime to be a reliable service. Speed. Quality. Convenience. I don’t have time for stuff like this. I just won’t recommend your service.,,
golden_rep-2664071,2664071,golden_rep,majority,message_only,en,hard,context_helpful,complaint,delivery_delay,none,0,"@USER Wrongly conceptualized add , bird's are being bullied Anyway Amazon is wowsome! Maintain this faith",,
golden_rep-1210214,1210214,golden_rep,majority,message_only,en,medium,self_contained,complaint,delivery_delay,none,0,Has anyone had a package returned to @USER because @USER refused to deliver it? 😐,,
golden_rep-86209,86209,golden_rep,majority,message_only,en,easy,self_contained,complaint,delivery_delay,none,0,"Today is the twins’ 4th Birthday. This is their gift from us - ordered on Sunday with Amazon Prime. We were assured yesterday that it would arrive today but I have just received this message. I understand that these things happen, but I’m hoping you can work some magic @USER URL",,
golden_rep-2192580,2192580,golden_rep,majority,message_only,en,easy,self_contained,complaint,delivery_delay,none,0,"You know you can't trust @USER marketplace if your order doesn't have any tracking info updates since it supposedly left origin facility. It was supposed to arrive yesterday. Last time was a nightmare enough, this time isn't looking much better. Thanks for the sub-par service.",,
golden_rep-1406593,1406593,golden_rep,majority,message_only,en,medium,context_helpful,complaint,delivery_delay,none,0,@USER first weekend of prime... NOT IMPRESSED.,,
golden_rep-1570766,1570766,golden_rep,majority,message_only,en,medium,context_helpful,follow_up,delivery_delay,none,0,@USER Do you have any update here?,,
golden_rep-1389974,1389974,golden_rep,majority,message_only,en,medium,context_helpful,follow_up,delivery_delay,none,0,@USER not impressed by your driver leaving my door within 6 seconds of knocking Despite my note explaining I've just had spine surgery!,,
golden_rep-1399860,1399860,golden_rep,majority,message_only,en,medium,context_helpful,acknowledgement,delivery_delay,none,0,@USER Thank u so much.. Kindly Arrange to provide my parcel.. Thank u so much,,
golden_rep-1335118,1335118,golden_rep,majority,message_only,en,medium,context_helpful,follow_up,delivery_delay,none,0,"@USER We needed it for a trip we are leaving on tonight, now we will not have it.",,
golden_rep-999138,999138,golden_rep,majority,message_only,en,medium,context_helpful,complaint,delivery_delay,none,0,@USER £70 a year membership for prime to be let down like this!! Will be cancelling my subscription as it's just not worth the hassle!! URL,,
golden_rep-2852150,2852150,golden_rep,majority,message_only,en,medium,context_helpful,follow_up,delivery_delay,none,0,I'll go sit at the door for the next 8min then? @USER @USER URL,,
golden_rep-2890574,2890574,golden_rep,majority,message_only,en,medium,context_helpful,complaint,delivery_delay,none,0,".@USER 3 years ago when something said #PRIME and I ordered it, it arrived in 2 days, this last year it is a lucky day to get something in 2 days, The service has gone 2 shit, it's so unreliable, You should knock prime membership in half, it's bogus at the moment #AMAZON",,
golden_rep-1420099,1420099,golden_rep,majority,message_only,en,medium,context_helpful,complaint,delivery_delay,none,0,@USER ordered three items from amazon and all of their delivery dates kept getting pushed back and back and back. Not happy 😤,,
golden_rep-550560,550560,golden_rep,majority,message_only,en,easy,self_contained,complaint,delivery_delay,none,0,@USER I have a Prime membership. Quite often the 1 or 2 day shipping that I've selected doesn't arrive until 3-5+ days later. I thought shipping time was supposed to be from when you order the item? What's with missing the date so often?,,
golden_rep-673242,673242,golden_rep,majority,message_only,en,medium,context_helpful,follow_up,delivery_delay,none,0,@USER That was a joke lol. But my order IS late — i contacted amazon and they said that it’d be here by tomorrow so let’s see,,
golden_rep-1193931,1193931,golden_rep,majority,message_only,en,medium,context_helpful,follow_up,delivery_delay,none,0,@USER Amazon logistics is the carrier. Got disconnected while holding the first time around. Not clear if delivery is tmrw or delayed further.,,
golden_rep-2731105,2731105,golden_rep,majority,message_only,en,easy,self_contained,complaint,delivery_delay,none,0,@USER One of my orders will be delivered tomorrow when I paid for delivery today.,,
golden_rep-1587374,1587374,golden_rep,majority,message_only,en,easy,self_contained,complaint,delivery_delay,none,0,@USER i recently purchased an item from your website its scheduled to come on November 3rd at 8pm and i still havent received my order?,,
golden_rep-2296826,2296826,golden_rep,majority,message_only,en,medium,context_helpful,follow_up,delivery_delay,none,0,@USER Not sure but I think it's because Royal Mail doesn't deliver today. No idea why it wasn't delivered yesterday. I don't have the detail- a family member ordered it for me.,,
golden_rep-1229688,1229688,golden_rep,majority,message_only,en,medium,context_helpful,complaint,device_app_issue,none,0,"The all-new Kindle app is built for book lovers, with everything you need in one place. Learn more: URL URL",,
golden_rep-26958,26958,golden_rep,majority,message_only,en,easy,self_contained,support_request,device_app_issue,none,0,"@USER Good morning. Is the Alexa App down? It’s timing out here in London, UK.",,
golden_rep-2378990,2378990,golden_rep,majority,message_only,en,hard,context_helpful,complaint,device_app_issue,none,0,@USER @USER when I ask Alexa this price it says it’s $23.48 URL,,
golden_rep-1384330,1384330,golden_rep,majority,message_only,en,hard,context_helpful,complaint,device_app_issue,none,0,@USER is there anything wrong with payment on the amazon app today . Seeing this for sometime URL,,
golden_rep-2523357,2523357,golden_rep,majority,message_only,en,medium,context_helpful,follow_up,device_app_issue,none,0,@USER Thank you for your quick reply! I have a first gen.,,
golden_rep-1766849,1766849,golden_rep,majority,message_only,en,medium,context_helpful,support_request,device_app_issue,none,0,@USER Fire stick is broke getting new remote second time app is on an android box.,,
golden_rep-2847379,2847379,golden_rep,majority,message_only,en,medium,context_helpful,complaint,device_app_issue,none,0,"@USER At this time we CANNOT choose the language it is asking for, its under this tab in settings URL",,
golden_rep-2569705,2569705,golden_rep,majority,message_only,en,easy,self_contained,complaint,device_app_issue,none,0,"@USER Timing out across the board today, any idea on when things will be back up? URL",,
golden_rep-350494,350494,golden_rep,majority,message_only,en,medium,context_helpful,complaint,device_app_issue,none,0,@USER selling Echo devices without Alexa app for India.. how am I to use it at all!? Where is Alexa?,,
golden_rep-1464161,1464161,golden_rep,majority,message_only,en,medium,context_helpful,complaint,device_app_issue,none,0,@USER @USER @USER update: episode still unavailable. I think you're the people who update me. Not vice versa? 🔮,,
golden_rep-1943693,1943693,golden_rep,majority,message_only,en,easy,context_helpful,acknowledgement,none,none,1,@USER Yes i have shared the whole concern,,
golden_rep-2611658,2611658,golden_rep,majority,message_only,en,easy,context_helpful,acknowledgement,none,none,1,@USER Thanks! Got the package at 1.30 :D,,
golden_rep-309233,309233,golden_rep,majority,message_only,en,easy,self_contained,acknowledgement,none,none,1,Thanks @USER for the new cat bed. Velho loves it! #floof #CatsOfTwitter URL,,
golden_rep-2111184,2111184,golden_rep,majority,message_only,en,easy,self_contained,acknowledgement,none,none,1,"@USER Wow, that's was an amazingly quick response!! Hats off",,
golden_rep-174486,174486,golden_rep,majority,message_only,en,easy,context_helpful,acknowledgement,none,none,1,@USER me hiciste muy feliz hoy! 😍,,
golden_rep-2580464,2580464,golden_rep,majority,message_only,en,medium,context_helpful,acknowledgement,none,none,1,"@USER @USER I ended up escalated to a new chat room and the guy was great. Too nice, really!",,
golden_rep-2855145,2855145,golden_rep,majority,message_only,en,medium,context_helpful,acknowledgement,none,none,1,"@USER Thanks so much for helping, @USER! It was definitely the sales tax!",,
golden_rep-2384553,2384553,golden_rep,majority,message_only,en,easy,self_contained,acknowledgement,none,none,1,New books are on their way!! Can’t stop looking at the @USER tracking screen though - hurry up new books. More coming next week 👏🏻👏🏻 URL,,
golden_rep-1198549,1198549,golden_rep,majority,message_only,en,easy,context_helpful,acknowledgement,none,none,1,@USER @USER Nothing but respect for MY postal service 😤😤,,
golden_rep-1204940,1204940,golden_rep,majority,message_only,en,easy,context_helpful,acknowledgement,none,none,1,@USER @USER @USER Yes absolutely Right 💯 👍,,
golden_rep-487699,487699,golden_rep,majority,message_only,en,easy,context_helpful,acknowledgement,none,none,1,@USER I made a mistake. I ordered on your .co.uk site not .com so i actually do have the orders i ordered. Sorry for any inconvenience caused.,,
golden_rep-1181640,1181640,golden_rep,majority,message_only,en,easy,context_helpful,acknowledgement,none,none,1,@USER Will do! Thank you so much!,,
golden_rep-628261,628261,golden_rep,majority,message_only,en,medium,context_required,clarification,none,none,1,@USER I’m guessing by a marketplace seller? URL,,
golden_rep-2931934,2931934,golden_rep,majority,message_only,en,hard,context_helpful,unknown,none,none,1,@USER But I want I phone as a gift... On my birthday.. Don't want to purchase it,,
golden_rep-2769011,2769011,golden_rep,majority,message_only,en,medium,context_helpful,clarification,none,none,1,"@USER No need to filled the form, I'm sharing you giving the registered email via direct message",,
golden_rep-1707062,1707062,golden_rep,majority,message_only,en,easy,context_helpful,acknowledgement,none,none,1,"@USER The guy who sent it to me already reached me, tracking number checks out, mystery solved. Thanks, though",,
golden_rep-957126,957126,golden_rep,majority,message_only,en,medium,context_helpful,clarification,none,none,1,@USER @USER I haven't tried again simce yesterday. I was using mine in US before bringing it here so maybe I'll have to check the location etc agai,,
golden_rep-2389800,2389800,golden_rep,majority,message_only,en,hard,self_contained,unknown,none,none,1,Every breath you take should be as pure as nature intended. Improve the quality of the air you breathe indoors with a wide range air purifiers to choose from on Amazon.in. Visit: URL URL,,
golden_rep-2266765,2266765,golden_rep,majority,message_only,en,medium,self_contained,support_request,none,none,1,"@USER hey guys, Do you have any upcoming sale? In looking forward to buy the Moto g5s+ and I'm short of little money. Can you help me out?",,
golden_rep-1721707,1721707,golden_rep,majority,message_only,en,medium,self_contained,complaint,order_status_query,none,0,when you pay extra for shipping for next day delivery through amazon prime but they didnt deliver it @USER URL,,
golden_rep-646730,646730,golden_rep,majority,message_only,en,medium,context_helpful,follow_up,order_status_query,none,0,@USER when will me scampi fries be getting dispatched? Should have been yesterday and still not been dispatched. I want fishy fingers. Cheers 😏👍,,
golden_rep-2363235,2363235,golden_rep,majority,message_only,en,medium,context_helpful,support_request,order_status_query,none,0,"@USER So on the amazon website when I track my package it says that it just got to a warehouse near me and it is close, but on the usps site when I input my tracking number it says that they are still waiting to receive my items?",,
golden_rep-2960026,2960026,golden_rep,majority,message_only,en,medium,self_contained,follow_up,order_status_query,none,0,@USER where’s my tv going... it came to my ups then back to Sacramento.... URL,,
golden_rep-1105754,1105754,golden_rep,majority,message_only,en,medium,self_contained,complaint,order_status_query,none,0,Order updates from @USER have timestamps from before the order was placed. Looks like they are GMT.,,
golden_rep-1464285,1464285,golden_rep,majority,message_only,en,easy,self_contained,support_request,order_status_query,none,0,@USER @USER Order# 408-9863763-1429137 will my order be shipped or not?,,
golden_rep-993935,993935,golden_rep,majority,message_only,en,medium,context_helpful,follow_up,order_status_query,none,0,@USER I also search redmi note4 didn't show your website.please help me,,
golden_rep-832924,832924,golden_rep,majority,message_only,en,medium,context_helpful,follow_up,order_status_query,none,0,"@USER Yes, wc26th Oct. But if I click on the album it says in-stock and available for this weekend.",,
golden_rep-2288190,2288190,golden_rep,majority,message_only,en,medium,context_helpful,follow_up,order_status_query,none,0,"@USER It would be nice to know if my order is shipping any time soon. I ordered 24 hours ago with same day delivery. The status has been not yet shipped all day. Was supposed to be here at 9 pm today, 1.5 hours ago.",,
golden_rep-2374486,2374486,golden_rep,majority,message_only,en,hard,self_contained,complaint,order_status_query,none,0,@USER how can an order be “delivered by 8pm today” and “not yet shipped”?,,
golden_rep-1397273,1397273,golden_rep,majority,message_only,en,easy,self_contained,support_request,order_status_query,none,0,i want to buy echo spot when did it launch in india @USER @USER @USER @USER,,
golden_rep-1755281,1755281,golden_rep,majority,message_only,en,hard,context_helpful,support_request,other_unclear,none,0,@USER so I got this email. But I don't shop with Amazon so it might be a spam? Thought I would let you people know anyway. URL,,
golden_rep-467536,467536,golden_rep,majority,message_only,en,hard,context_helpful,complaint,product_return_and_replacement,none,0,@USER Not received the item. App is not upto the mark so did not get terms &amp; conditions clearly while placing order hence lost cashback offer also. Poor experience overall.,,
golden_rep-1147828,1147828,golden_rep,majority,message_only,en,hard,context_helpful,follow_up,product_return_and_replacement,none,0,@USER I HAVE OPTED for no cost emi thats why i am doing follow ups... Otherwise i am not a free person to exchange tweets and mails with u,,
golden_rep-2454046,2454046,golden_rep,majority,message_only,en,easy,context_helpful,acknowledgement,product_return_and_replacement,none,0,@USER No idea 😂 I've started a return and reordered URL,,
golden_rep-679025,679025,golden_rep,majority,message_only,en,medium,context_helpful,support_request,product_return_and_replacement,none,0,Hi @USER I purchased the wrong colour kindle and forgot to tick u registered. Can I exchange for a different colour?,,
golden_rep-2460750,2460750,golden_rep,majority,message_only,en,easy,self_contained,complaint,product_return_and_replacement,none,0,@USER So I had ordered a Moto G5s and I got a Moto G5 plus. Please do something about it. Thank you URL,,
golden_rep-2450570,2450570,golden_rep,majority,message_only,en,easy,self_contained,complaint,product_return_and_replacement,none,0,amazon sent the wrong cases 😩🤦🏾‍♀️,,
golden_rep-2608094,2608094,golden_rep,majority,message_only,en,medium,context_helpful,support_request,product_return_and_replacement,none,0,@USER if I got a product and it didn’t come with everything listed who would I contact to get the rest to the product ?,,
golden_rep-982267,982267,golden_rep,majority,message_only,en,easy,self_contained,complaint,product_return_and_replacement,none,0,Wtf @USER ... I ordered an altitude mask and you sent me a ‘tutu’ ?!😂🤦🏼‍♂️ URL,,
golden_rep-2291505,2291505,golden_rep,majority,message_only,en,hard,context_helpful,support_request,product_return_and_replacement,none,0,@USER I have buy Nokia 6 from Amazon India. The phone's display has purple colour on right side of the display. I want to replace my phone but Amazon can't. What can I do ? Help ASAP.,,
golden_rep-1018235,1018235,golden_rep,majority,message_only,en,hard,context_helpful,complaint,product_return_and_replacement,none,0,"@USER Now amazon starts blackmailing customers by sending wrong product and when return req. placed,They says ship prdct back by urself",,
golden_rep-1229460,1229460,golden_rep,majority,message_only,en,hard,context_helpful,complaint,product_return_and_replacement,none,0,"Hey, @USER, this DVD is a fraud. It claims to be the lost 1917 Cleopatra but is really the 1912 version. URL",,
golden_rep-2484077,2484077,golden_rep,majority,message_only,en,easy,self_contained,complaint,product_return_and_replacement,none,0,I payed good money for this cup that I received today in the post! I am deeply disappointed that it’s faulty #donotbuy @USER URL,,
golden_rep-345473,345473,golden_rep,majority,message_only,en,hard,context_helpful,complaint,product_return_and_replacement,none,0,Dear @USER You suck. We’ve had to replace one device already bc it keeps malfunctioning. The “new” one is malfunctioning too.,,
golden_rep-676899,676899,golden_rep,majority,message_only,en,hard,context_helpful,complaint,product_return_and_replacement,none,0,@USER why haven’t you fulfilled Lex Luthor’s order of a blue-ray copy of A league of their own? Amazon you have to stop doing an injustice to Lex he might start a league! #JusticeLeague,,
golden_rep-18706,18706,golden_rep,majority,message_only,en,medium,context_helpful,support_request,refund_request,none,0,@USER U kindly refund the amount back .. I have sent back the product and I demand a refund for the same .never had such dissaponments wit amazon,,
golden_rep-1436650,1436650,golden_rep,majority,message_only,en,easy,self_contained,complaint,refund_request,none,0,@USER shady service - trying to steal my money - promised a refund on delivery to hotel as didn't arrive as promised. Now told no refund!,,
golden_rep-2712534,2712534,golden_rep,majority,message_only,en,medium,context_helpful,support_request,refund_request,none,0,"This is the second time Prime Now has delivered an order with missing items, and I can't find a way to request a refund in the app.",,
golden_rep-1420491,1420491,golden_rep,majority,message_only,en,medium,context_helpful,follow_up,refund_request,none,0,@USER Yes i have sent my details via the form. I have cancelled the product and dont want to be associated with amazon refund my money to my CC,,
golden_rep-915961,915961,golden_rep,majority,message_only,en,medium,context_helpful,follow_up,refund_request,none,0,@USER how would you justify blocking a customer’s number who’s awaiting a refund?,,
golden_rep-2515914,2515914,golden_rep,majority,message_only,en,medium,context_helpful,follow_up,refund_request,none,0,"@USER Yes on all three orders, then you kept arguing with me about how it wasn’t your fault and how you don’t have the resources to refund my Prime membership",,
golden_rep-2217342,2217342,golden_rep,majority,message_only,en,hard,context_helpful,complaint,refund_request,none,0,"@USER Yes, and now you are rejecting the claim but the seller is sketchy.",,
golden_rep-1893565,1893565,golden_rep,majority,message_only,en,medium,context_helpful,follow_up,service_complaint_escalation,none,0,@USER Nope...never received a call,,
golden_rep-1763226,1763226,golden_rep,majority,message_only,en,medium,context_helpful,complaint,service_complaint_escalation,none,0,@USER Yes. I have also spent 8 hours on live chat.,,
golden_rep-2573750,2573750,golden_rep,majority,message_only,en,medium,context_helpful,complaint,service_complaint_escalation,none,0,"@USER I've checked all of my folders. Like I said, the number in that link is the exact one I have called five times. I'm a Prime member who has been locked from their account for three weeks and have had nothing visible done to remedy this.",,
golden_rep-1541879,1541879,golden_rep,majority,message_only,en,medium,context_helpful,complaint,service_complaint_escalation,none,0,@USER Look your cust service people just emailed to say they couldn’t deal with me because my email isn’t recognised. So unhelpful,,
golden_rep-1415560,1415560,golden_rep,majority,message_only,en,medium,context_helpful,complaint,service_complaint_escalation,none,0,"@USER Yes, I'm talking to a representative again but I'm still super disappointed.. The call I made last night with you guys was useless",,
golden_rep-334873,334873,golden_rep,majority,message_only,en,medium,context_helpful,complaint,service_complaint_escalation,none,0,@USER 6 years of shopping and never had an issue with CS until tonight. 10 mins later and no reply. URL,,
golden_rep-272875,272875,golden_rep,majority,message_only,en,medium,context_helpful,complaint,service_complaint_escalation,none,0,"@USER I checked the link even on the desktop. There's no link given to contact support, that's why i am pinging you here.",,
golden_rep-1537572,1537572,golden_rep,majority,message_only,en,medium,context_helpful,complaint,service_complaint_escalation,none,0,"3/ @USER WHY IS IT SO HARD TO REPORT A SHIPPING PROBLEM? Yesterday I got the ""chat is too slow, please call"" option. Why no message/email?",,
golden_rep-411902,411902,golden_rep,majority,message_only,en,easy,self_contained,complaint,service_complaint_escalation,none,0,"I will NEVER use @USER @USER for my business ever again. Bad customer service, impolite, and impressionable",,
golden_rep-1588773,1588773,golden_rep,majority,message_only,en,easy,self_contained,complaint,service_complaint_escalation,none,0,"God damn it, but @USER is getting worse and worse and worse as time goes on. Maybe it's time to dump all @USER services and move on.",,
golden_rep-2353843,2353843,golden_rep,majority,message_only,en,medium,context_helpful,complaint,service_complaint_escalation,none,0,@USER I am sorry but I would like to receive a phone call &amp; have this matter resolved asap! I have phoned 5 times now &amp; every time I get nothing. I am £90 down on an error on your part. This has been going on for almost 3 weeks now &amp; it’s time for you to actually do something.,,
golden_rep-1136222,1136222,golden_rep,majority,message_only,en,hard,context_helpful,complaint,service_complaint_escalation,none,0,@USER Already send and call to 50 tym no proper response from ur side.. My neice birthday on 17 oct. Fake commitment 405-8158996-7018755oredr id,,
golden_rep-1384189,1384189,golden_rep,majority,message_only,en,easy,self_contained,complaint,service_complaint_escalation,none,0,"Bad experience , not a sense of customer Service or cost saving at all..... @USER #disappointed",,
golden_rep-1746071,1746071,golden_rep,majority,message_only,en,medium,context_helpful,complaint,service_complaint_escalation,none,0,"@USER I don’t this information to be public, as it’s impossible to reach your customer care on phone. So either they should call me or reach item",,
golden_rep-390810,390810,golden_rep,majority,message_only,en,hard,context_helpful,complaint,service_complaint_escalation,none,0,@USER You must shut down your improper business. Now when the payment is done you're coming up with nasty excuses. Read the DM.,,
golden_rep-2151408,2151408,golden_rep,majority,message_only,en,medium,context_helpful,complaint,service_complaint_escalation,none,0,@USER doesn't provide way to claim #gst input credit for Business purchases. Even if I am giving all details they are denying this basic,,
golden_rep-2216600,2216600,golden_rep,majority,message_only,en,hard,context_helpful,complaint,service_complaint_escalation,none,0,@USER Dont trust Amazon India and @USER with any card cash back offers. They do not keep up to their promises!! Conveniently take 3 months so that customers forget about it!!! #FoolingPrimeCustomers,,
golden_rep-1250967,1250967,golden_rep,majority,message_only,en,hard,context_helpful,complaint,service_complaint_escalation,none,0,"Super disappointed in @USER lately. Lost packages, multiple wrong charges. What's the point of being prime 🙄🤔",,
golden_rep-2447260,2447260,golden_rep,majority,message_only,en,medium,context_helpful,complaint,service_complaint_escalation,none,0,"@USER should only &amp; selectively use #USPS for certain deliveries since the majority of time your order isn't going to arrive as promised, thus defeating entire premise of #AmazonPrime This is about #logistics plain &amp; simple.",,
golden_rep-1179639,1179639,golden_rep,majority,message_only,en,hard,context_helpful,complaint,service_complaint_escalation,none,0,@USER was told to wait. Called you today. Told item has NOT been put in locker then told it HAD. Your agents can't keep up with their own lies.,,
golden_rep-2245407,2245407,golden_rep,majority,message_only,en,hard,context_helpful,complaint,service_complaint_escalation,none,0,@USER why my call gets dropped Kindly please check my call log and please take an appropriate actions Why my call dropped? In between URL,,
golden_rep-886169,886169,golden_rep,majority,message_only,en,hard,context_helpful,complaint,service_complaint_escalation,none,0,@USER The email was terribly short with no direction expect “we left you a voice mail win instructions” and I had no voice mails!,,
golden_chal-2814438,2814438,golden_chal,majority,message_only,es,hard,context_helpful,complaint,account_access,none,0,@USER Ya lo he intentado. Me llego un mail pidiendo que les envie un fax.. les mande el fax con el resumen de la tarjeta y mi cuenta continua bloqueada! NECESITO AYUDA @USER,,
golden_chal-2694949,2694949,golden_chal,majority,message_only,en,hard,self_contained,complaint,account_access,none,0,I tried @USER prime years ago for 30 days before the student offer or music service existed but now I'm unable to trial it but keeps being displayed on homepage.,,
golden_chal-519702,519702,golden_chal,majority,message_only,en,hard,context_helpful,complaint,account_access,none,0,@USER I just want my psn codes so me and my friends can download and play a game tonight. After I get those I'll never bother you again.,,
golden_chal-2853614,2853614,golden_chal,majority,message_only,en,easy,self_contained,support_request,cancellation,none,0,"@USER Hi, I made an order and it went straight to cancelled! How can I un-cancel? I bought these on blackfriday.",,
golden_chal-1955907,1955907,golden_chal,majority,message_only,en,hard,context_required,follow_up,charge_issue,none,0,@USER URL,,
golden_chal-616914,616914,golden_chal,majority,message_only,en,hard,context_helpful,follow_up,charge_issue,none,0,@USER Same card. Most orders are paid with gift vouchers. You say it’s because I’m buying others say it’s because I sell. No one can give me a straight answer. I currently have 4 £1 trans in my account.,,
golden_chal-197857,197857,golden_chal,majority,message_only,en,hard,context_helpful,complaint,charge_issue,none,0,@USER It is your responsibility to bar sellers like these on your platform. An increase in 1300 rupees is criminal.,,
golden_chal-1845984,1845984,golden_chal,majority,message_only,en,hard,context_helpful,follow_up,charge_issue,none,0,@USER But I have already activated the card?,,
golden_chal-1568158,1568158,golden_chal,majority,message_only,en,hard,context_helpful,complaint,charge_issue,none,0,@USER And I have another one too this one's actual MRP is Rs. 525/ Frontech 700 MB 5001 FC BLANK CD-R- 50 Pcs URL,,
golden_chal-834216,834216,golden_chal,majority,message_only,en,hard,context_helpful,clarification,delivered_but_not_received,none,0,@USER AMZL US,,
golden_chal-2798309,2798309,golden_chal,majority,message_only,en,hard,context_required,follow_up,delivered_but_not_received,none,0,"@USER Sure, the thing is that I saw notified that my package arrived and this photo came with the notification. URL",,
golden_chal-689484,689484,golden_chal,majority,message_only,en,medium,context_helpful,complaint,delivered_but_not_received,none,0,Did @USER really just not deliver my package and instead of taking responsibilty they ask me to contact usps and file a police report!? Really? After years of being a prime member I am glad to have cancelled my membership smh,,
golden_chal-1242242,1242242,golden_chal,majority,message_only,en,hard,context_helpful,complaint,delivered_but_not_received,none,0,@USER Your customer service is the worst first they investigated the wrong item then they thought I got someone else’s package now they say I,,
golden_chal-1578555,1578555,golden_chal,majority,message_only,de,hard,context_helpful,complaint,delivered_wrong_location,none,0,@USER @USER Same here. Amazon hat mich auch im Stich gelassen heute :(,,
golden_chal-2284883,2284883,golden_chal,majority,message_only,en,hard,context_helpful,complaint,delivered_wrong_location,none,0,"@USER Wasn’t my order, it was my neighbors. No idea what his name is. Not trying to tattle. Just pointing out you aren’t hiring the best, most trustworthy people to justify the key service here.",,
golden_chal-2170818,2170818,golden_chal,majority,message_only,en,hard,context_required,follow_up,delivery_delay,none,0,@USER @USER ??,,
golden_chal-842315,842315,golden_chal,majority,message_only,fr,hard,context_helpful,clarification,delivery_delay,none,0,"@USER Transporteur : Amazon Logistics, n° de suivi CA0002376203",,
golden_chal-2171079,2171079,golden_chal,majority,message_only,en,medium,self_contained,complaint,delivery_delay,none,0,Sound een pre-ordering a game from @USER only to have it not show up when it's supposed to. Could have just went to the fucking shops for it if I knew it wasn't going to be delivered today 🙃,,
golden_chal-2785904,2785904,golden_chal,majority,message_only,en,medium,context_helpful,complaint,delivery_delay,none,0,"@USER No one seems sure. Cust service said ""hopefully"" it will arrive tomorrow.",,
golden_chal-1379340,1379340,golden_chal,majority,message_only,it,medium,self_contained,support_request,device_app_issue,none,0,@USER @USER C'è speranza di avere l'app #PrimeVideo sul Sony UHP-H1?,,
golden_chal-227064,227064,golden_chal,majority,message_only,ja,medium,self_contained,support_request,device_app_issue,none,0,AmazonリーディングってこれKindleのアプリからいけねぇのか？,,
golden_chal-1645512,1645512,golden_chal,majority,message_only,en,hard,context_helpful,complaint,device_app_issue,none,0,@USER I'm having it on the full site and the mobile site on all browsers. I don't use the app. Shopping works...I just can't buy.,,
golden_chal-2497106,2497106,golden_chal,majority,message_only,en,medium,context_helpful,complaint,device_app_issue,none,0,"@USER @USER @USER @USER @USER @USER @USER @USER @USER Given that the app is launched in India, I was hoping that English(India) language would also be available to choose 😕",,
golden_chal-487688,487688,golden_chal,majority,message_only,fr,medium,context_helpful,acknowledgement,none,none,1,"Mieux vaut tard que jamais... Commandé dimanche avec #AmazonPrime, reçu vendredi avec @USER! Cc @USER URL",,
golden_chal-1451501,1451501,golden_chal,majority,message_only,pt,medium,context_helpful,acknowledgement,none,none,1,"@USER Como foi minha primeira compra, eu comprei 2 (use a cabeça c E linux a bíblia), mas já estou fazendo a lista das próximas compras",,
golden_chal-787658,787658,golden_chal,majority,message_only,es,medium,context_helpful,acknowledgement,none,none,1,@USER ¡Gracias todo resuelto!,,
golden_chal-893308,893308,golden_chal,majority,message_only,pt,hard,context_helpful,unknown,none,none,1,"Atualizando meu @USER e quais são meus maiores gastos do mês? Sim meus caros, @USER , claro.",,
golden_chal-2254596,2254596,golden_chal,majority,message_only,it,easy,context_helpful,acknowledgement,none,none,1,"@USER Grazie, buonanotte 😊",,
golden_chal-426141,426141,golden_chal,majority,message_only,es,medium,self_contained,acknowledgement,none,none,1,"Cualquier día antes de que decida en pedir algo en @USER ,me ha llegado Dios que velocidad 😃😃",,
golden_chal-816342,816342,golden_chal,majority,message_only,it,hard,self_contained,unknown,none,none,1,#AmazonIndia URL,,
golden_chal-2586341,2586341,golden_chal,majority,message_only,ja,medium,self_contained,acknowledgement,none,none,1,アマゾンプライムミュージック入れたが、ペルソナだけで年会費の価値超えててすげぇ……,,
golden_chal-365605,365605,golden_chal,majority,message_only,fr,medium,context_helpful,acknowledgement,none,none,1,"@USER je viens de recevoir, désolé pour le dérangement",,
golden_chal-2472354,2472354,golden_chal,majority,message_only,ja,medium,context_helpful,acknowledgement,none,none,1,@USER これから特典たくさん利用したいと思ってます！ わざわざリプライありがとうございます！☺️,,
golden_chal-1033752,1033752,golden_chal,majority,message_only,de,medium,context_helpful,acknowledgement,none,none,1,"@USER Genau JETZT kam die Mail, dass mein Paket gleich ankommt. 👍 Danke für den tollen Kundenservice und die immer zügigen Antworten!",,
golden_chal-1738390,1738390,golden_chal,majority,message_only,ja,medium,self_contained,acknowledgement,none,none,1,Amazonで頼んだやつ来たーーー！！ 😈ｷﾞﾗﾝ そして俺の姉達はもうクリスマス🎅気分w←ついこの間ハロウィン🎃終わったばかりなのに､､､ww URL,,
golden_chal-2151072,2151072,golden_chal,majority,message_only,ja,easy,context_helpful,acknowledgement,none,none,1,@USER あ、ありがとうございます🙇‍♀️,,
golden_chal-1130527,1130527,golden_chal,majority,message_only,en,hard,context_helpful,support_request,order_status_query,none,0,@USER Invoice no: TN-MAA4-__credit_card__,,
golden_chal-2149534,2149534,golden_chal,majority,message_only,en,hard,context_helpful,complaint,order_status_query,none,0,"@USER Ok but when placing an order, your site always tells you if the item is eligible for P.O. box delivery or not. My order was processed and went through with no issues",,
golden_chal-2609965,2609965,golden_chal,majority,message_only,fr,hard,context_helpful,complaint,other_unclear,none,0,Bonjour @USER je viens de recevoir mon colis que j’avais demandé à être envoyé dans un colis Amazon pour cacher les informations du produit or ce n’est pas le cas. Pourquoi ? Amazon de moins en moins satisfaisant...,,
golden_chal-2909124,2909124,golden_chal,majority,message_only,en,hard,context_helpful,complaint,other_unclear,none,0,I love @USER but really?? You mailed this at Christmas without putting it in a plain box???? My kids saw it outside when they got off the bus! #christmasruined URL,,
golden_chal-582649,582649,golden_chal,majority,message_only,en,hard,context_helpful,follow_up,product_return_and_replacement,none,0,@USER *occassion,,
golden_chal-835153,835153,golden_chal,majority,message_only,en,easy,self_contained,complaint,product_return_and_replacement,none,0,I bought a captain America T-shirt from @USER and they sent me Rupa baniyan #AccheDin ? @USER URL,,
golden_chal-2679197,2679197,golden_chal,majority,message_only,en,hard,context_required,follow_up,product_return_and_replacement,none,0,@USER @USER Amazon is not supposed to take returns of our item. Did they replace it for you?,,
golden_chal-694411,694411,golden_chal,majority,message_only,en,medium,context_helpful,follow_up,product_return_and_replacement,none,0,@USER I did !! Request you to please give me the email address on which i can fwd you the video.,,
golden_chal-972720,972720,golden_chal,majority,message_only,en,hard,context_required,follow_up,refund_request,none,0,"#KaroMilkeTayyari for superb discounts on superb brands at #AmazonGreatIndianFestival. Ready with your wish-lists? Hurry, only 3 days to go. URL",,
golden_chal-232399,232399,golden_chal,majority,message_only,fr,medium,self_contained,complaint,service_complaint_escalation,none,0,En fait #Amazonprime c'est surtout de la merde non? Ça existe un livreur qui fait son taf à Paris ou c'est une utopie? @USER @USER,,
golden_chal-102915,102915,golden_chal,majority,message_only,en,medium,context_helpful,complaint,service_complaint_escalation,none,0,@USER And this is your TR customer: URL,,
golden_chal-2747122,2747122,golden_chal,majority,message_only,en,easy,self_contained,complaint,service_complaint_escalation,none,0,Is it just me or has anyone else noticed that the @USER customer service has decreased recently?! They can barely speak English and I'm convinced I'm talking to a computer due to their automated responses.,,
golden_chal-2521823,2521823,golden_chal,majority,message_only,en,easy,self_contained,complaint,service_complaint_escalation,none,0,@USER Wow each email I get is worse. Clearly no one actually reads what you write to customer services!!,,
golden_chal-1323314,1323314,golden_chal,majority,message_only,en,medium,context_helpful,complaint,service_complaint_escalation,none,0,@USER Look what reply we get when we complain to Amazon..... URL,,
test-535015,535015,test,logistic,message_only,en,medium,context_helpful,complaint,delivery_delay,service_complaint_escalation,0,@USER @USER Ok...then 1. why on Friday it was updated thru sms that courier attempt failed as customer not available 2. Why on Saturday it was told that I will get my courier on Saturday itself but still not delivered ?,0.11028886934252059,0.11028886934252059
test-2837028,2837028,test,logistic,message_only,pt,medium,self_contained,complaint,product_return_and_replacement,account_access,0,"@USER eu estou decepcionada com a amazon, vcs vendem livros sem ao menos dar um aviso prévio de que o livro é versão econômica!! nunca mais compro com vcs.",0.18877307997013093,0.18877307997013093
test-407498,407498,test,logistic,message_only,en,easy,self_contained,complaint,delivery_delay,service_complaint_escalation,0,@USER why do y'all hate me? I haven't gotten a single thing on time??,0.09546895813366119,0.09546895813366119
test-351165,351165,test,logistic,message_only,ja,medium,self_contained,complaint,none,order_status_query,0,一番ぐぬぬぬしてるのが、密林用意の密林発送なのに、代引きコンビニ支払い不可で、クレ払いのみってやつがぐぬぬぬぬぬぬしてる(クレカは持たない主義) いちいちギフカ買うのめんどくさいよ〜〜〜,0.10339468675972543,0.10339468675972543
test-783437,783437,test,logistic,message_only,en,easy,self_contained,support_request,delivered_but_not_received,delivery_delay,0,@USER i got the notification that I received my package but i did not and I waited an hour and nothing has came yet!,0.09806789223270791,0.09806789223270791
test-411435,411435,test,logistic,message_only,en,medium,self_contained,complaint,cancellation,service_complaint_escalation,0,I searched a book on amazon and it just automatically bought it wtf,0.09237110025833281,0.09237110025833281
test-1106537,1106537,test,logistic,message_only,en,medium,self_contained,complaint,delivery_delay,refund_request,0,@USER should b like #AmazonPrimeNEVER. Order placed 4 hrs ago &amp; watched driver go opposite direction while in 'hood. #inept #shame,0.14663370957039046,0.14663370957039046
test-619219,619219,test,logistic,message_only,es,medium,context_helpful,complaint,delivery_delay,account_access,0,"@USER Mañana, pero eso son 8 días después de realizar el pedido. Con estos plazos no creo que cambie mi compra en supermercado por Pantry",0.130791132204175,0.130791132204175
test-132555,132555,test,logistic,message_only,de,easy,self_contained,complaint,delivery_delay,product_return_and_replacement,0,"@USER Heute versandt, Dienstag geliefert? Früher wart ihr bei Prime-Versand mal schneller... :-( URL",0.1082569541466373,0.1082569541466373
test-1380925,1380925,test,logistic,message_only,en,medium,self_contained,complaint,delivery_delay,delivery_delay,1,@USER What's d big idea behind Amazon Prime's promise of 1 day delivery.? While ordering it says 3-4 days for delivery. #Disappointed.,0.11146156038373843,0.11146156038373843
test-2616364,2616364,test,logistic,message_only,en,easy,self_contained,unknown,none,delivered_but_not_received,0,@USER will OnePlus 5T have No Cost EMI as payment option on @USER,0.12332924930779861,0.12332924930779861
test-2089262,2089262,test,logistic,message_only,ja,easy,self_contained,acknowledgement,none,product_return_and_replacement,0,Amazon仕事早ーい(笑)(。-∀-)姪っ子ちゃんらのクリスマスプレゼントもうきた(笑)(。-∀-)🎄🎅🎁✨ URL,0.17491924658121968,0.17491924658121968
test-2830752,2830752,test,logistic,message_only,en,easy,self_contained,complaint,service_complaint_escalation,service_complaint_escalation,1,@USER worst customer service __email__.,0.14933118913672289,0.14933118913672289
test-470156,470156,test,logistic,message_only,en,easy,self_contained,complaint,none,none,1,"Dear @USER, today is Friday. You really don't need to keep sending cyber Monday emails. Thank you, The World.",0.10755079340392018,0.10755079340392018
test-1466972,1466972,test,logistic,message_only,en,medium,context_helpful,complaint,delivery_delay,delivery_delay,1,"@USER I was told it was a amazon carrier! But the fact that I received a email on Wednesday to say my parcel was out for delivery and would be there by 8pm that day to now be into Saturday and to now be told oh sorry we don’t know where the parcel is, is an absolute joke!",0.12193448736797492,0.12193448736797492
test-271574,271574,test,logistic,message_only,ja,medium,context_helpful,complaint,product_return_and_replacement,product_return_and_replacement,1,@USER お仕事ご苦労さまです。 返品申し込みをさせて頂きました。 完全な誤商品というよりは商品ページの記載に問題があるのでは？という気がしておりますが、返品しますのでまあもういいかなという感じです。今日使いたかったので不信感で腹が立ってしまいました。 わざわざリプありがとうございました。,0.13906929536765844,0.13906929536765844
test-234234,234234,test,logistic,message_only,es,medium,self_contained,unknown,none,delivered_wrong_location,0,@USER Sí lo he hecho. Pero hay preguntas de clientes respondidas hace años por el propio vendedor y la información en la ficha sigue mal,0.12475032495203926,0.12475032495203926
test-2520585,2520585,test,logistic,message_only,ja,easy,self_contained,acknowledgement,none,product_return_and_replacement,0,プライムはいりますたw glee cast 聴き放題なの嬉しい！！ URL,0.17491924658121968,0.17491924658121968
test-897110,897110,test,logistic,message_only,en,hard,context_required,clarification,service_complaint_escalation,delivery_delay,0,@USER I just sent the requested details through my mail to __email__,0.08901235712257828,0.08901235712257828
test-576056,576056,test,logistic,message_only,en,easy,self_contained,acknowledgement,none,device_app_issue,0,Shout out to the #Boston @USER @USER and @USER for the beautiful wreath! Brought it home to surprise my wife and it smelled amazing when I opened the box and she loved it! #Winning #TreasureTruck URL,0.10641975131806962,0.10641975131806962
test-1548344,1548344,test,logistic,message_only,en,hard,context_required,clarification,none,device_app_issue,0,"@USER Yes, I have.",0.1064552604109229,0.1064552604109229
test-2093938,2093938,test,logistic,message_only,hi,hard,self_contained,complaint,charge_issue,none,0,@USER @USER @USER @USER 2000रूपये के लिए यह कंपनी बेईमानी धोखेबाजी कर लेती हे ऐसी तुछ ओछी हरकत मेरे साथ हुई हे मुझे अबreorderकरने के लिए कहा जा रहा हे ताकि मुझे अब10999की जगह12999देने पड़ेंगे इसी सोचीसमझी साजिस के तहत मेरेorderको बीच रास्ते से return कर लिया था ? URL,0.12058391228697103,0.12058391228697103
test-2813544,2813544,test,logistic,message_only,en,easy,self_contained,complaint,delivered_wrong_location,delivery_delay,0,My @USER package was stolen today..,0.11060866926200674,0.11060866926200674
test-179430,179430,test,logistic,message_only,en,hard,context_required,support_request,other_unclear,other_unclear,1,@USER I need an urgent help??,0.139193869726338,0.139193869726338
test-2162437,2162437,test,logistic,message_only,en,medium,self_contained,complaint,product_return_and_replacement,delivery_delay,0,@USER you guys damage a package in transit &amp; then ask me to reorder the whole thing &amp; wait for another 10 days for delivery?!,0.11219281646645972,0.11219281646645972
test-2942015,2942015,test,logistic,message_only,en,medium,self_contained,unknown,cancellation,delivery_delay,0,"@USER @USER I've bought a G5s Plus already for a family member. Will my order, if placed, for another one for personal use be cancelled now?",0.10803852062836047,0.10803852062836047
test-414010,414010,test,logistic,message_only,ja,easy,self_contained,complaint,delivery_delay,order_status_query,0,Amazonで頼んだやつかれこれ２週間待ってる( ˙-˙ )←遅いなぁ....,0.10339468675972543,0.10339468675972543
test-1308262,1308262,test,logistic,message_only,en,medium,self_contained,complaint,delivered_wrong_location,other_unclear,0,What the heck is this @USER. Inexcusable! Packages from other floors in my office building just sitting there in the hallway of 4th floor URL,0.11454218992663205,0.11454218992663205
test-2939131,2939131,test,logistic,message_only,de,medium,context_helpful,unknown,none,order_status_query,0,"@USER Ist ein Kontakt auch als Firmenkunde möglich wenn man nicht der eingetragene Ansprechpartner, sondern nur ausführender Sachbearbeiter ist?",0.17337789943611925,0.17337789943611925
test-1968370,1968370,test,logistic,message_only,en,medium,context_helpful,complaint,cancellation,order_status_query,0,@USER My order showing cancelled...What the hell?,0.0933341710952392,0.0933341710952392
val-71873,71873,val,logistic,message_only,en,hard,context_helpful,complaint,service_complaint_escalation,refund_request,0,"@USER @USER @USER @USER @USER No Resolution yet. Haha, I am getting a email on 1st December 2017 for an pickup of 28th November. For Amazon time will go in reverse and they will come to me on 28th November 2017 for pickup. #greatfun URL",0.1352728728402867,0.1352728728402867
val-471605,471605,val,logistic,message_only,ja,easy,self_contained,complaint,delivered_wrong_location,order_status_query,0,Amazonで北海道に荷物頼んだらなぜか島根県へと配送されていた…,0.10339468675972543,0.10339468675972543
val-1655018,1655018,val,logistic,message_only,en,hard,context_required,clarification,none,other_unclear,0,@USER tell me what detail do you need? URL,0.1393600259756748,0.1393600259756748
val-218049,218049,val,logistic,message_only,en,medium,self_contained,support_request,device_app_issue,refund_request,0,Why can't I pre order @USER @USER on @USER app the @USER one isn't showing up #Wrestling #2K18 #XBoxOne,0.09690947813817215,0.09690947813817215
val-2828095,2828095,val,logistic,message_only,fr,easy,self_contained,complaint,product_return_and_replacement,product_return_and_replacement,1,@USER Je viens de recevoir un colis et le livre est arrivé en mauvais état. Est ce normal ? @USER URL,0.17717757564681944,0.17717757564681944
val-719853,719853,val,logistic,message_only,en,easy,self_contained,acknowledgement,none,product_return_and_replacement,0,good job @USER URL,0.12252957084293294,0.12252957084293294
val-1103613,1103613,val,logistic,message_only,en,easy,self_contained,complaint,delivered_but_not_received,delivery_delay,0,why would @USER say the package was delivered if it wasn't?,0.11125686648460932,0.11125686648460932
val-2472404,2472404,val,logistic,message_only,en,easy,self_contained,support_request,product_return_and_replacement,refund_request,0,"@USER hi there! i've got two items to return, and the amazon locker reservation time on one of them has expired- can i just put them both in one box in the locker space i still have available? if not, how do i go about getting a new locker space reservation? thanks!",0.11114145699726677,0.11114145699726677
val-437366,437366,val,logistic,message_only,en,easy,self_contained,complaint,delivered_wrong_location,refund_request,0,@USER My Mobile delivered to someone else.Waste of choosing 2day delivery.No response from CustomerCare.Feeling insecure to pay online,0.10307974975273256,0.10307974975273256
val-980000,980000,val,logistic,message_only,ja,medium,context_helpful,unknown,none,product_return_and_replacement,0,@USER メルアドを登録し忘れててたのですが コンビニで支払う11桁の支払番号は 注文履歴で確認することはできますか？,0.13906929536765844,0.13906929536765844
val-2567029,2567029,val,logistic,message_only,en,easy,self_contained,complaint,none,delivery_delay,0,Ordered a Christmas brooch from @USER for same day posting...came literally after i've had my dinner. My only complaint is...why does the package box need to be so big? Thought we were trying to save the environment. URL,0.10084395557453003,0.10084395557453003
val-1780206,1780206,val,logistic,message_only,en,easy,self_contained,unknown,none,refund_request,0,@USER Is there a way to restrict one amazon echo to one specific person in the household?,0.10290577229716158,0.10290577229716158
val-2360502,2360502,val,logistic,message_only,en,hard,context_required,follow_up,none,delivery_delay,0,@USER I've shared my contact details and the problems which I faced (In detail). Waiting for your response... URL,0.09756909410960739,0.09756909410960739
val-1394424,1394424,val,logistic,message_only,en,hard,self_contained,complaint,other_unclear,refund_request,0,"@USER @USER Order# 407-8361283-2219545 . Your delivery agent telephoned us and asked to ""come and collect the parcel """,0.11593372406517687,0.11593372406517687
val-2416355,2416355,val,logistic,message_only,en,medium,self_contained,complaint,service_complaint_escalation,refund_request,0,@USER &amp; @USER I had to struggle a lot to find the option to contact/chat regarding my order. Not a user friendly experience :(,0.12492954039856165,0.12492954039856165
val-167910,167910,val,logistic,message_only,fr,easy,self_contained,unknown,none,charge_issue,0,"@USER Entre nous, la Switch ne descendra pas en dessous de 292€, même pour le black friday ou le cyber monday, pas vrai? Que je sache si je dois me jeter dessus maintenant et prendre les jeux en boutique (cheques cadeaux ftw!)",0.09152376588800575,0.09152376588800575
val-2208276,2208276,val,logistic,message_only,en,hard,context_required,follow_up,delivery_delay,refund_request,0,"@USER @USER Happened to me, too. Gotta wait until the 13th to play it.",0.10104647726328272,0.10104647726328272
val-502468,502468,val,logistic,message_only,es,easy,self_contained,unknown,none,delivered_but_not_received,0,"Ey @USER, estaría bien que tanto en la app como en la web tuviérais un apartado de novedades, para ver lo que vais incluyendo en vuestro catálogo. Da cosa enterarse por otras personas o por casualidad.",0.10602262759878178,0.10602262759878178
val-2596396,2596396,val,logistic,message_only,en,medium,context_helpful,complaint,service_complaint_escalation,product_return_and_replacement,0,@USER Alrdy done,0.13906929536765844,0.13906929536765844
val-858760,858760,val,logistic,message_only,en,easy,self_contained,complaint,service_complaint_escalation,delivered_but_not_received,0,"As an event design company, we spend $$$ with @USER every year. Why can't we post reviews &amp; ask questions in the @USER community. Sick of waiting for your Call! FIX IT!",0.10359510685562681,0.10359510685562681
val-764802,764802,val,logistic,message_only,en,medium,self_contained,complaint,delivered_wrong_location,cancellation,0,"Dear twatty courier for @USER who thought it would be a good idea to leave my uni books in cardboard in the rain, you're an utter wanker.",0.11153755823919158,0.11153755823919158
val-2516925,2516925,val,logistic,message_only,ja,medium,self_contained,complaint,device_app_issue,product_return_and_replacement,0,@USER iPadのwebからほしい物リストに追加すると勝手に買い物かごに追加されてしまいます。ブラウザはchromeです。修正お願いします。,0.13906929536765844,0.13906929536765844
val-275517,275517,val,logistic,message_only,ja,easy,self_contained,acknowledgement,none,product_return_and_replacement,0,Amazon届いた⋆⸜(* ॑꒳ ॑* )⸝ﾋﾟｮﾝﾋﾟｮﾝ 買いまくってしまったイエベ秋似合うという化粧品⋆⸜(* ॑꒳ ॑* )⸝ﾋﾟｮﾝﾋﾟｮﾝ とずっと気になってたケイトのブルーグロス⋆⸜(* ॑꒳ ॑* )⸝ﾋﾟｮﾝﾋﾟｮﾝ URL,0.17491924658121968,0.17491924658121968
val-2571862,2571862,val,logistic,message_only,en,easy,context_helpful,acknowledgement,none,none,1,@USER Will do. Thanks.,0.09873324574296392,0.09873324574296392
val-204928,204928,val,logistic,message_only,ja,easy,context_helpful,acknowledgement,none,product_return_and_replacement,0,Amazonプライムミュージックにドリカムが入ってるのを発見！JBLに繋いで大音量でお掃除♪♪♪ URL,0.17491924658121968,0.17491924658121968
val-840845,840845,val,logistic,message_only,ja,hard,self_contained,complaint,product_return_and_replacement,order_status_query,0,アマゾンで頼んだバラストが初期不良で新しい物を送ってくれって言ったら中国直送で2週間かかるとか言われたんだけど、 そろそろかなと思って確認しに行ったら受取人不明で返送されたとか言われたんだけど どうしてくれる（怒）,0.10339468675972543,0.10339468675972543
val-1453811,1453811,val,logistic,message_only,de,medium,self_contained,follow_up,delivery_delay,order_status_query,0,"@USER hallo, Paket sollte gestern (Feiertag) zugestellt worden sein. Ortung des Pakets ist ca 40-50 km von mir weg. Was kann ich tun?",0.12356677935401668,0.12356677935401668
val-2052149,2052149,val,logistic,message_only,en,easy,self_contained,acknowledgement,none,none,1,@USER Done! Thanks,0.1083314177894782,0.1083314177894782
val-382580,382580,val,logistic,message_only,fr,medium,self_contained,follow_up,delivered_but_not_received,charge_issue,0,Énième souci avec une commande @USER dont le colis a été retourné à l’expéditeur suite à une erreur de tri. Cmt vous contacter ?,0.12074058247993848,0.12074058247993848
val-215983,215983,val,logistic,message_only,en,easy,self_contained,acknowledgement,none,none,1,@USER Just wanted to say thank you for your fast responses. Amazon is the best.,0.10878230297823435,0.10878230297823435
golden_all-2814438,2814438,golden_all,logistic,message_only,es,hard,context_helpful,complaint,account_access,delivered_wrong_location,0,@USER Ya lo he intentado. Me llego un mail pidiendo que les envie un fax.. les mande el fax con el resumen de la tarjeta y mi cuenta continua bloqueada! NECESITO AYUDA @USER,0.17182696385666904,0.17182696385666904
golden_all-2694949,2694949,golden_all,logistic,message_only,en,hard,self_contained,complaint,account_access,delivery_delay,0,I tried @USER prime years ago for 30 days before the student offer or music service existed but now I'm unable to trial it but keeps being displayed on homepage.,0.10692194526216145,0.10692194526216145
golden_all-519702,519702,golden_all,logistic,message_only,en,hard,context_helpful,complaint,account_access,charge_issue,0,@USER I just want my psn codes so me and my friends can download and play a game tonight. After I get those I'll never bother you again.,0.10157536248459348,0.10157536248459348
golden_all-2853614,2853614,golden_all,logistic,message_only,en,easy,self_contained,support_request,cancellation,service_complaint_escalation,0,"@USER Hi, I made an order and it went straight to cancelled! How can I un-cancel? I bought these on blackfriday.",0.11790729818583841,0.11790729818583841
golden_all-1955907,1955907,golden_all,logistic,message_only,en,hard,context_required,follow_up,charge_issue,product_return_and_replacement,0,@USER URL,0.12252957084293294,0.12252957084293294
golden_all-616914,616914,golden_all,logistic,message_only,en,hard,context_helpful,follow_up,charge_issue,charge_issue,1,@USER Same card. Most orders are paid with gift vouchers. You say it’s because I’m buying others say it’s because I sell. No one can give me a straight answer. I currently have 4 £1 trans in my account.,0.10831349260320869,0.10831349260320869
golden_all-197857,197857,golden_all,logistic,message_only,en,hard,context_helpful,complaint,charge_issue,service_complaint_escalation,0,@USER It is your responsibility to bar sellers like these on your platform. An increase in 1300 rupees is criminal.,0.10799260877056789,0.10799260877056789
golden_all-1845984,1845984,golden_all,logistic,message_only,en,hard,context_helpful,follow_up,charge_issue,charge_issue,1,@USER But I have already activated the card?,0.1119111430752847,0.1119111430752847
golden_all-1568158,1568158,golden_all,logistic,message_only,en,hard,context_helpful,complaint,charge_issue,product_return_and_replacement,0,@USER And I have another one too this one's actual MRP is Rs. 525/ Frontech 700 MB 5001 FC BLANK CD-R- 50 Pcs URL,0.10434239598621976,0.10434239598621976
golden_all-834216,834216,golden_all,logistic,message_only,en,hard,context_helpful,clarification,delivered_but_not_received,product_return_and_replacement,0,@USER AMZL US,0.13906929536765844,0.13906929536765844
golden_all-2798309,2798309,golden_all,logistic,message_only,en,hard,context_required,follow_up,delivered_but_not_received,service_complaint_escalation,0,"@USER Sure, the thing is that I saw notified that my package arrived and this photo came with the notification. URL",0.12390625858563416,0.12390625858563416
golden_all-689484,689484,golden_all,logistic,message_only,en,medium,context_helpful,complaint,delivered_but_not_received,delivery_delay,0,Did @USER really just not deliver my package and instead of taking responsibilty they ask me to contact usps and file a police report!? Really? After years of being a prime member I am glad to have cancelled my membership smh,0.11541656805064145,0.11541656805064145
golden_all-1242242,1242242,golden_all,logistic,message_only,en,hard,context_helpful,complaint,delivered_but_not_received,service_complaint_escalation,0,@USER Your customer service is the worst first they investigated the wrong item then they thought I got someone else’s package now they say I,0.12802252519642796,0.12802252519642796
golden_all-1578555,1578555,golden_all,logistic,message_only,de,hard,context_helpful,complaint,delivered_wrong_location,none,0,@USER @USER Same here. Amazon hat mich auch im Stich gelassen heute :(,0.1050638485598671,0.1050638485598671
golden_all-2284883,2284883,golden_all,logistic,message_only,en,hard,context_helpful,complaint,delivered_wrong_location,refund_request,0,"@USER Wasn’t my order, it was my neighbors. No idea what his name is. Not trying to tattle. Just pointing out you aren’t hiring the best, most trustworthy people to justify the key service here.",0.12047540050113657,0.12047540050113657
golden_all-2170818,2170818,golden_all,logistic,message_only,en,hard,context_required,follow_up,delivery_delay,none,0,@USER @USER ??,0.14176573841066287,0.14176573841066287
golden_all-842315,842315,golden_all,logistic,message_only,fr,hard,context_helpful,clarification,delivery_delay,account_access,0,"@USER Transporteur : Amazon Logistics, n° de suivi CA0002376203",0.12000869362820048,0.12000869362820048
golden_all-2171079,2171079,golden_all,logistic,message_only,en,medium,self_contained,complaint,delivery_delay,delivery_delay,1,Sound een pre-ordering a game from @USER only to have it not show up when it's supposed to. Could have just went to the fucking shops for it if I knew it wasn't going to be delivered today 🙃,0.11102852583904034,0.11102852583904034
golden_all-2785904,2785904,golden_all,logistic,message_only,en,medium,context_helpful,complaint,delivery_delay,refund_request,0,"@USER No one seems sure. Cust service said ""hopefully"" it will arrive tomorrow.",0.12297023377926072,0.12297023377926072
golden_all-1379340,1379340,golden_all,logistic,message_only,it,medium,self_contained,support_request,device_app_issue,none,0,@USER @USER C'è speranza di avere l'app #PrimeVideo sul Sony UHP-H1?,0.13143034983650967,0.13143034983650967
golden_all-227064,227064,golden_all,logistic,message_only,ja,medium,self_contained,support_request,device_app_issue,order_status_query,0,AmazonリーディングってこれKindleのアプリからいけねぇのか？,0.10339468675972543,0.10339468675972543
golden_all-1645512,1645512,golden_all,logistic,message_only,en,hard,context_helpful,complaint,device_app_issue,delivered_wrong_location,0,@USER I'm having it on the full site and the mobile site on all browsers. I don't use the app. Shopping works...I just can't buy.,0.09946808313031143,0.09946808313031143
golden_all-2497106,2497106,golden_all,logistic,message_only,en,medium,context_helpful,complaint,device_app_issue,none,0,"@USER @USER @USER @USER @USER @USER @USER @USER @USER Given that the app is launched in India, I was hoping that English(India) language would also be available to choose 😕",0.11744879603915283,0.11744879603915283
golden_all-487688,487688,golden_all,logistic,message_only,fr,medium,context_helpful,acknowledgement,none,account_access,0,"Mieux vaut tard que jamais... Commandé dimanche avec #AmazonPrime, reçu vendredi avec @USER! Cc @USER URL",0.15959607655765023,0.15959607655765023
golden_all-1451501,1451501,golden_all,logistic,message_only,pt,medium,context_helpful,acknowledgement,none,charge_issue,0,"@USER Como foi minha primeira compra, eu comprei 2 (use a cabeça c E linux a bíblia), mas já estou fazendo a lista das próximas compras",0.11364750634541701,0.11364750634541701
golden_all-787658,787658,golden_all,logistic,message_only,es,medium,context_helpful,acknowledgement,none,none,1,@USER ¡Gracias todo resuelto!,0.0918560622950873,0.0918560622950873
golden_all-893308,893308,golden_all,logistic,message_only,pt,hard,context_helpful,unknown,none,none,1,"Atualizando meu @USER e quais são meus maiores gastos do mês? Sim meus caros, @USER , claro.",0.09982565358394932,0.09982565358394932
golden_all-2254596,2254596,golden_all,logistic,message_only,it,easy,context_helpful,acknowledgement,none,product_return_and_replacement,0,"@USER Grazie, buonanotte 😊",0.13906929536765844,0.13906929536765844
golden_all-426141,426141,golden_all,logistic,message_only,es,medium,self_contained,acknowledgement,none,charge_issue,0,"Cualquier día antes de que decida en pedir algo en @USER ,me ha llegado Dios que velocidad 😃😃",0.12828118967703755,0.12828118967703755
golden_all-816342,816342,golden_all,logistic,message_only,it,hard,self_contained,unknown,none,product_return_and_replacement,0,#AmazonIndia URL,0.17491924658121968,0.17491924658121968
golden_all-2586341,2586341,golden_all,logistic,message_only,ja,medium,self_contained,acknowledgement,none,order_status_query,0,アマゾンプライムミュージック入れたが、ペルソナだけで年会費の価値超えててすげぇ……,0.10339468675972543,0.10339468675972543
golden_all-365605,365605,golden_all,logistic,message_only,fr,medium,context_helpful,acknowledgement,none,product_return_and_replacement,0,"@USER je viens de recevoir, désolé pour le dérangement",0.13504720869533246,0.13504720869533246
golden_all-2472354,2472354,golden_all,logistic,message_only,ja,medium,context_helpful,acknowledgement,none,product_return_and_replacement,0,@USER これから特典たくさん利用したいと思ってます！ わざわざリプライありがとうございます！☺️,0.13906929536765844,0.13906929536765844
golden_all-1033752,1033752,golden_all,logistic,message_only,de,medium,context_helpful,acknowledgement,none,device_app_issue,0,"@USER Genau JETZT kam die Mail, dass mein Paket gleich ankommt. 👍 Danke für den tollen Kundenservice und die immer zügigen Antworten!",0.09792273145516998,0.09792273145516998
golden_all-1738390,1738390,golden_all,logistic,message_only,ja,medium,self_contained,acknowledgement,none,product_return_and_replacement,0,Amazonで頼んだやつ来たーーー！！ 😈ｷﾞﾗﾝ そして俺の姉達はもうクリスマス🎅気分w←ついこの間ハロウィン🎃終わったばかりなのに､､､ww URL,0.17491924658121968,0.17491924658121968
golden_all-2151072,2151072,golden_all,logistic,message_only,ja,easy,context_helpful,acknowledgement,none,product_return_and_replacement,0,@USER あ、ありがとうございます🙇‍♀️,0.13906929536765844,0.13906929536765844
golden_all-1130527,1130527,golden_all,logistic,message_only,en,hard,context_helpful,support_request,order_status_query,account_info_update,0,@USER Invoice no: TN-MAA4-__credit_card__,0.13340467794015004,0.13340467794015004
golden_all-2149534,2149534,golden_all,logistic,message_only,en,hard,context_helpful,complaint,order_status_query,refund_request,0,"@USER Ok but when placing an order, your site always tells you if the item is eligible for P.O. box delivery or not. My order was processed and went through with no issues",0.10254628999356812,0.10254628999356812
golden_all-2609965,2609965,golden_all,logistic,message_only,fr,hard,context_helpful,complaint,other_unclear,account_access,0,Bonjour @USER je viens de recevoir mon colis que j’avais demandé à être envoyé dans un colis Amazon pour cacher les informations du produit or ce n’est pas le cas. Pourquoi ? Amazon de moins en moins satisfaisant...,0.11350551420128836,0.11350551420128836
golden_all-2909124,2909124,golden_all,logistic,message_only,en,hard,context_helpful,complaint,other_unclear,service_complaint_escalation,0,I love @USER but really?? You mailed this at Christmas without putting it in a plain box???? My kids saw it outside when they got off the bus! #christmasruined URL,0.09175405901395796,0.09175405901395796
golden_all-582649,582649,golden_all,logistic,message_only,en,hard,context_helpful,follow_up,product_return_and_replacement,product_return_and_replacement,1,@USER *occassion,0.13906929536765844,0.13906929536765844
golden_all-835153,835153,golden_all,logistic,message_only,en,easy,self_contained,complaint,product_return_and_replacement,delivery_delay,0,I bought a captain America T-shirt from @USER and they sent me Rupa baniyan #AccheDin ? @USER URL,0.0900297638374806,0.0900297638374806
golden_all-2679197,2679197,golden_all,logistic,message_only,en,hard,context_required,follow_up,product_return_and_replacement,service_complaint_escalation,0,@USER @USER Amazon is not supposed to take returns of our item. Did they replace it for you?,0.11613178906737157,0.11613178906737157
golden_all-694411,694411,golden_all,logistic,message_only,en,medium,context_helpful,follow_up,product_return_and_replacement,service_complaint_escalation,0,@USER I did !! Request you to please give me the email address on which i can fwd you the video.,0.11282803559883862,0.11282803559883862
golden_all-972720,972720,golden_all,logistic,message_only,en,hard,context_required,follow_up,refund_request,refund_request,1,"#KaroMilkeTayyari for superb discounts on superb brands at #AmazonGreatIndianFestival. Ready with your wish-lists? Hurry, only 3 days to go. URL",0.15259468598568807,0.15259468598568807
golden_all-232399,232399,golden_all,logistic,message_only,fr,medium,self_contained,complaint,service_complaint_escalation,none,0,En fait #Amazonprime c'est surtout de la merde non? Ça existe un livreur qui fait son taf à Paris ou c'est une utopie? @USER @USER,0.09506572633197453,0.09506572633197453
golden_all-102915,102915,golden_all,logistic,message_only,en,medium,context_helpful,complaint,service_complaint_escalation,product_return_and_replacement,0,@USER And this is your TR customer: URL,0.13118669977815095,0.13118669977815095
golden_all-2747122,2747122,golden_all,logistic,message_only,en,easy,self_contained,complaint,service_complaint_escalation,service_complaint_escalation,1,Is it just me or has anyone else noticed that the @USER customer service has decreased recently?! They can barely speak English and I'm convinced I'm talking to a computer due to their automated responses.,0.19452889020797984,0.19452889020797984
golden_all-2521823,2521823,golden_all,logistic,message_only,en,easy,self_contained,complaint,service_complaint_escalation,service_complaint_escalation,1,@USER Wow each email I get is worse. Clearly no one actually reads what you write to customer services!!,0.11723261214136807,0.11723261214136807
golden_all-1323314,1323314,golden_all,logistic,message_only,en,medium,context_helpful,complaint,service_complaint_escalation,delivered_but_not_received,0,@USER Look what reply we get when we complain to Amazon..... URL,0.09640240108830869,0.09640240108830869
golden_all-1912145,1912145,golden_all,logistic,message_only,en,medium,context_helpful,support_request,account_access,service_complaint_escalation,0,@USER - I am unable to order gifts for my husband or son because you display all purchases. Is there a way to secretly purchase so they can't see it? Maybe a password at a purchase level ?,0.11578576916536745,0.11578576916536745
golden_all-179205,179205,golden_all,logistic,message_only,en,easy,context_helpful,complaint,account_access,delivery_delay,0,@USER Read the previous tweets - I can’t log in! This has been going on for a day now!!!,0.0988174858086823,0.0988174858086823
golden_all-2789138,2789138,golden_all,logistic,message_only,en,hard,context_helpful,support_request,account_access,delivery_delay,0,Hello is there a way to check if I'm signed up to Prime? If so it's a mistake bc I can't afford the membership &amp; I noticed my packages are coming faster than expected. No complaints just can't afford Prime if charged @USER,0.10302073400524123,0.10302073400524123
golden_all-427799,427799,golden_all,logistic,message_only,en,medium,self_contained,support_request,account_info_update,charge_issue,0,@USER can i pay with Amazon pay balance account for one year prime membership?? Plz reply,0.0938300653490771,0.0938300653490771
golden_all-22572,22572,golden_all,logistic,message_only,en,medium,self_contained,support_request,cancellation,refund_request,0,@USER Ordered on 7 October 2017 Order# 403-7284574-6433108 not yet delivered. No way to cancel and get refund.,0.19609140031103717,0.19609140031103717
golden_all-2899649,2899649,golden_all,logistic,message_only,en,medium,context_helpful,support_request,cancellation,refund_request,0,"@USER Welp, that didn’t do anything. I’m just going to cancel the order - I don’t see why I should keep waiting while it’s literally sitting on store shelves. URL",0.09610715693449506,0.09610715693449506
golden_all-136922,136922,golden_all,logistic,message_only,en,hard,context_helpful,complaint,cancellation,service_complaint_escalation,0,@USER I am so upset I have just cancelled the whole order. Have you an email address I can write to you at. This is the first time I have ever received bad service from Amazon. He even brought me to tears,0.10374604039069775,0.10374604039069775
golden_all-880948,880948,golden_all,logistic,message_only,en,hard,context_helpful,complaint,cancellation,service_complaint_escalation,0,@USER They act so bossy that they didn't even bother to make a call regarding the pickup Just a confirmation txt n thn later a cancellation txt,0.11357418803498551,0.11357418803498551
golden_all-650056,650056,golden_all,logistic,message_only,en,hard,context_helpful,follow_up,cancellation,service_complaint_escalation,0,"@USER Oh right, you can't do that. I would hurt @USER wallet after all. @USER good on you.",0.1319399247825193,0.1319399247825193
golden_all-1604096,1604096,golden_all,logistic,message_only,en,hard,context_helpful,complaint,charge_issue,service_complaint_escalation,0,@USER And then they kindly dispersed the money in my ac to an ac they knew is closed.,0.1119164555689485,0.1119164555689485
golden_all-1218305,1218305,golden_all,logistic,message_only,en,hard,context_helpful,complaint,charge_issue,charge_issue,1,"@USER took my hard earned money, used it &amp; now asking me to cancel order. But nt taking ny action on seller instead shielding them (2/2)",0.12212897824191114,0.12212897824191114
golden_all-1724691,1724691,golden_all,logistic,message_only,en,easy,self_contained,support_request,charge_issue,charge_issue,1,@USER money debited from bank but isn’t credited to amazon pay balance please sew to this asap URL,0.0956026065285582,0.0956026065285582
golden_all-2612309,2612309,golden_all,logistic,message_only,en,easy,self_contained,complaint,charge_issue,charge_issue,1,Woke up to see that my bank account was over drawn from something i didn’t even buy off amazon??? HAPPY FRIDAY 🙃🙃🙃🙃,0.10121013022480393,0.10121013022480393
golden_all-332434,332434,golden_all,logistic,message_only,en,medium,context_helpful,complaint,charge_issue,refund_request,0,"@USER I don't get COD option for ur products.1st it shows that it is available but after proceeding for checkout,I can't get it.Why?",0.10284708694232186,0.10284708694232186
golden_all-895946,895946,golden_all,logistic,message_only,en,medium,context_helpful,complaint,charge_issue,service_complaint_escalation,0,"@USER I know cart prices aren’t set in stone. But like, it went from on sale to more than the regular price. It’s not a cute look.",0.1058755214172684,0.1058755214172684
golden_all-1109519,1109519,golden_all,logistic,message_only,en,medium,context_helpful,complaint,delivered_but_not_received,delivered_but_not_received,1,"@USER No, they haven't. They routinely mark packages as delivered before delivery is attempted, and sometimes the packages never arrive at all.",0.11680296818103277,0.11680296818103277
golden_all-1423023,1423023,golden_all,logistic,message_only,en,medium,context_helpful,complaint,delivered_but_not_received,device_app_issue,0,"@USER Have also had deliveries when courier claimed to have delivered, but put it back in the van and ended up back at the depot.",0.09814559436457686,0.09814559436457686
golden_all-2289844,2289844,golden_all,logistic,message_only,en,easy,self_contained,complaint,delivered_but_not_received,delivered_wrong_location,0,@USER The delivery agent says he will deliver the package later but he updates the status saying delivered directly to customer .. URL,0.0934780286713895,0.0934780286713895
golden_all-1220925,1220925,golden_all,logistic,message_only,en,medium,context_helpful,complaint,delivered_but_not_received,device_app_issue,0,@USER Why to hear you do nothing again?,0.10143731093963147,0.10143731093963147
golden_all-2532842,2532842,golden_all,logistic,message_only,en,hard,context_helpful,complaint,delivered_but_not_received,delivery_delay,0,@USER can someone contact me ASAP re an undelivered parcel.2 weeks &amp; still no joy.DPD said speak to you. Totally fed up right now!,0.10165320901279296,0.10165320901279296
golden_all-380695,380695,golden_all,logistic,message_only,en,medium,context_helpful,follow_up,delivered_but_not_received,service_complaint_escalation,0,@USER I'll have to do that later this morning. Absolutely infuriating,0.10600023160099561,0.10600023160099561
golden_all-482351,482351,golden_all,logistic,message_only,en,hard,context_helpful,complaint,delivered_but_not_received,refund_request,0,@USER I received my order but part of it is missing but my account say it's delivered. Box was partly open. Parcel left in flower Box!!! Who do I contact? #xmaspresent,0.1130763047721604,0.1130763047721604
golden_all-533206,533206,golden_all,logistic,message_only,en,hard,context_helpful,complaint,delivered_wrong_location,service_complaint_escalation,0,"@USER Also, if I haven't specifically indicated that I want my parcel to be left in a ""safe place""... why is the delivery driver assuming my recycle bin is a safe place? It is visible from the street; is NOT in a garden; and if someone sees him putting it there, it can be stolen!",0.1144678989405747,0.1144678989405747
golden_all-149199,149199,golden_all,logistic,message_only,en,medium,context_helpful,complaint,delivered_wrong_location,delivered_wrong_location,1,"@USER I don’t know about the item as it is not my parcel to open, it is my partners. It is unacceptable to force drivers to leave parcels in unsafe positions!",0.10317819295038075,0.10317819295038075
golden_all-2283511,2283511,golden_all,logistic,message_only,en,easy,self_contained,complaint,delivered_wrong_location,service_complaint_escalation,0,"Amazon seems to have forgotten how to deliver to my address so here I am waiting on 5 packages that all say ""delivery attempted"" TO THE WRONG AREA",0.11136077463698092,0.11136077463698092
golden_all-2594956,2594956,golden_all,logistic,message_only,en,hard,context_helpful,complaint,delivered_wrong_location,delivery_delay,0,"@USER I hope my pkg was not in there. Ste-Catherine Montreal, unlocked doors, windows open #unattendedpackages #intelcom #badcourrier URL",0.09249811199210245,0.09249811199210245
golden_all-1727624,1727624,golden_all,logistic,message_only,en,easy,self_contained,support_request,delivered_wrong_location,service_complaint_escalation,0,How to contact @USER about a stolen package? Website not user friendly requesting support. Unique situation would like to chat about.,0.114408536113794,0.114408536113794
golden_all-458877,458877,golden_all,logistic,message_only,en,medium,context_helpful,complaint,delivery_delay,account_access,0,@USER No. Status still “arriving by 8pm today” (9 minutes from now) but no sign of shipment and no tracking number. URL,0.11000157193152883,0.11000157193152883
golden_all-142833,142833,golden_all,logistic,message_only,en,medium,context_helpful,follow_up,delivery_delay,delivery_delay,1,@USER Order history is useless and just telling me it's out for delivery or due to be delivered. I've followed up once again by email,0.1212867472145743,0.1212867472145743
golden_all-1116569,1116569,golden_all,logistic,message_only,en,easy,self_contained,complaint,delivery_delay,refund_request,0,"I bought something on @USER, paid extra for 1 day shipping and it isn’t here. Who do I complain to? @USER",0.1312060388966364,0.1312060388966364
golden_all-515245,515245,golden_all,logistic,message_only,en,easy,self_contained,complaint,delivery_delay,delivery_delay,1,@USER My package was supposed to arrive Wednesday.Its friday. Still NOT here. So much for being a prime member!!!!,0.10717397140094514,0.10717397140094514
golden_all-2447788,2447788,golden_all,logistic,message_only,en,easy,self_contained,complaint,delivery_delay,refund_request,0,"@USER I placed an order with Amazon.in on October 17th and the money got deducted the same day. The order was supposed to deliver on 31st October, but it is 14th Nov today and I still have not received the product. Where is my stuff @USER ?",0.11037632800599044,0.11037632800599044
golden_all-2960467,2960467,golden_all,logistic,message_only,en,medium,context_helpful,complaint,delivery_delay,delivery_delay,1,Would really like to know why @USER is taking so long to deliver my package from @USER 😑 two day prime delivery is turning into a week now..... 😒 I could have driven to TN and picked it up myself faster.,0.13379024190316294,0.13379024190316294
golden_all-1311577,1311577,golden_all,logistic,message_only,en,medium,self_contained,follow_up,delivery_delay,delivery_delay,1,So where is it then? I wouldn't mind it being a day late if I was notified @USER URL,0.10830630458886124,0.10830630458886124
golden_all-608064,608064,golden_all,logistic,message_only,en,medium,context_helpful,follow_up,delivery_delay,refund_request,0,"@USER Sorry, the last picture was the shipment confirmation email. This one is the original order email, which also shows 11/20 as the delivery date URL",0.09428804583693928,0.09428804583693928
golden_all-2967623,2967623,golden_all,logistic,message_only,en,medium,context_helpful,complaint,delivery_delay,delivery_delay,1,"@USER @USER I just want my package to arrive the day they promised! Been sitting around my house, today is day 2, waiting......! Still doesn't even show out for delivery - I even paid for 3day delivery!",0.11643378144837241,0.11643378144837241
golden_all-2528270,2528270,golden_all,logistic,message_only,en,medium,context_helpful,complaint,delivery_delay,delivery_delay,1,@USER seems like all the one day shipping for items has vanished and is two day only,0.1040980164847227,0.1040980164847227
golden_all-2683519,2683519,golden_all,logistic,message_only,en,hard,context_helpful,complaint,delivery_delay,delivery_delay,1,"@USER @USER @USER it's frustrating that a package from Prime Pantry shows as ""delivered"" when it really means it's sitting at the US Post Office whose hours are impossible to visit for any person working a full time job...",0.10034701291227757,0.10034701291227757
golden_all-1192307,1192307,golden_all,logistic,message_only,en,easy,self_contained,complaint,delivery_delay,other_unclear,0,"so @USER are fibbers. I saw the delivery van pull up in our car park yesterday just before 5pm, then they drove off...",0.09115249348311227,0.09115249348311227
golden_all-2780552,2780552,golden_all,logistic,message_only,en,medium,context_helpful,follow_up,delivery_delay,service_complaint_escalation,0,"""helping us build Earth's Most Customer-Centric Company"" @USER is there an amendement to this vision which excludes me? Just been told to wait another 24 hours because you've misplaced my delivery (again!).",0.1370041772767514,0.1370041772767514
golden_all-2824739,2824739,golden_all,logistic,message_only,en,easy,self_contained,complaint,delivery_delay,cancellation,0,"I think @USER @USER may want to look into the definition one ""one day delivery"" URL",0.09825287665939565,0.09825287665939565
golden_all-2913230,2913230,golden_all,logistic,message_only,en,easy,self_contained,follow_up,delivery_delay,charge_issue,0,"@USER hi, I ordered a few Prime items on Monday, but they all say arriving Thursday. I thought it was 2 day shipping.... why the delay? Nothing has shipped yet and I thought they'd be here by tomorrow",0.10607023380455219,0.10607023380455219
golden_all-1218249,1218249,golden_all,logistic,message_only,en,medium,context_helpful,follow_up,delivery_delay,delivery_delay,1,@USER Says there was a delay with shipping. The tracking number at UPS says this. (see photo) URL,0.09686536591910931,0.09686536591910931
golden_all-2003910,2003910,golden_all,logistic,message_only,en,medium,context_helpful,follow_up,delivery_delay,none,0,"@USER Well, since ""taken care of"" would have meant Friday delivery, that's unlikely.",0.09255457726304547,0.09255457726304547
golden_all-300514,300514,golden_all,logistic,message_only,en,medium,context_helpful,complaint,delivery_delay,delivery_delay,1,"Really glad I used prime @USER seems @USER are unable to honour the next day delivery 😡, glad I invest in prime",0.09845695238711745,0.09845695238711745
golden_all-322945,322945,golden_all,logistic,message_only,en,medium,context_helpful,complaint,delivery_delay,delivery_delay,1,@USER Prime member should be given some preference and the items must be delivered within 2 days otherwise it is equal to a non prime member,0.09551821158324279,0.09551821158324279
golden_all-2954293,2954293,golden_all,logistic,message_only,en,medium,context_helpful,complaint,delivery_delay,service_complaint_escalation,0,@USER I don’t have time for that. That’s why I buy products on prime only. I work and go to school. I need prime to be a reliable service. Speed. Quality. Convenience. I don’t have time for stuff like this. I just won’t recommend your service.,0.10179223060114628,0.10179223060114628
golden_all-2664071,2664071,golden_all,logistic,message_only,en,hard,context_helpful,complaint,delivery_delay,delivered_but_not_received,0,"@USER Wrongly conceptualized add , bird's are being bullied Anyway Amazon is wowsome! Maintain this faith",0.11135288363297464,0.11135288363297464
golden_all-1210214,1210214,golden_all,logistic,message_only,en,medium,self_contained,complaint,delivery_delay,delivery_delay,1,Has anyone had a package returned to @USER because @USER refused to deliver it? 😐,0.10873813696210173,0.10873813696210173
golden_all-86209,86209,golden_all,logistic,message_only,en,easy,self_contained,complaint,delivery_delay,service_complaint_escalation,0,"Today is the twins’ 4th Birthday. This is their gift from us - ordered on Sunday with Amazon Prime. We were assured yesterday that it would arrive today but I have just received this message. I understand that these things happen, but I’m hoping you can work some magic @USER URL",0.11698050639126183,0.11698050639126183
golden_all-2192580,2192580,golden_all,logistic,message_only,en,easy,self_contained,complaint,delivery_delay,service_complaint_escalation,0,"You know you can't trust @USER marketplace if your order doesn't have any tracking info updates since it supposedly left origin facility. It was supposed to arrive yesterday. Last time was a nightmare enough, this time isn't looking much better. Thanks for the sub-par service.",0.10811080906544457,0.10811080906544457
golden_all-1406593,1406593,golden_all,logistic,message_only,en,medium,context_helpful,complaint,delivery_delay,service_complaint_escalation,0,@USER first weekend of prime... NOT IMPRESSED.,0.10488469231861167,0.10488469231861167
golden_all-1570766,1570766,golden_all,logistic,message_only,en,medium,context_helpful,follow_up,delivery_delay,none,0,@USER Do you have any update here?,0.09817282320078866,0.09817282320078866
golden_all-1389974,1389974,golden_all,logistic,message_only,en,medium,context_helpful,follow_up,delivery_delay,delivery_delay,1,@USER not impressed by your driver leaving my door within 6 seconds of knocking Despite my note explaining I've just had spine surgery!,0.09735876373842366,0.09735876373842366
golden_all-1399860,1399860,golden_all,logistic,message_only,en,medium,context_helpful,acknowledgement,delivery_delay,none,0,@USER Thank u so much.. Kindly Arrange to provide my parcel.. Thank u so much,0.0987368769957732,0.0987368769957732
golden_all-1335118,1335118,golden_all,logistic,message_only,en,medium,context_helpful,follow_up,delivery_delay,delivered_but_not_received,0,"@USER We needed it for a trip we are leaving on tonight, now we will not have it.",0.10569980970030317,0.10569980970030317
golden_all-999138,999138,golden_all,logistic,message_only,en,medium,context_helpful,complaint,delivery_delay,delivery_delay,1,@USER £70 a year membership for prime to be let down like this!! Will be cancelling my subscription as it's just not worth the hassle!! URL,0.10715933700939848,0.10715933700939848
golden_all-2852150,2852150,golden_all,logistic,message_only,en,medium,context_helpful,follow_up,delivery_delay,delivered_wrong_location,0,I'll go sit at the door for the next 8min then? @USER @USER URL,0.10752698009771763,0.10752698009771763
golden_all-2890574,2890574,golden_all,logistic,message_only,en,medium,context_helpful,complaint,delivery_delay,service_complaint_escalation,0,".@USER 3 years ago when something said #PRIME and I ordered it, it arrived in 2 days, this last year it is a lucky day to get something in 2 days, The service has gone 2 shit, it's so unreliable, You should knock prime membership in half, it's bogus at the moment #AMAZON",0.11224310626406103,0.11224310626406103
golden_all-1420099,1420099,golden_all,logistic,message_only,en,medium,context_helpful,complaint,delivery_delay,delivered_but_not_received,0,@USER ordered three items from amazon and all of their delivery dates kept getting pushed back and back and back. Not happy 😤,0.10624254210077046,0.10624254210077046
golden_all-550560,550560,golden_all,logistic,message_only,en,easy,self_contained,complaint,delivery_delay,device_app_issue,0,@USER I have a Prime membership. Quite often the 1 or 2 day shipping that I've selected doesn't arrive until 3-5+ days later. I thought shipping time was supposed to be from when you order the item? What's with missing the date so often?,0.11093491622579427,0.11093491622579427
golden_all-673242,673242,golden_all,logistic,message_only,en,medium,context_helpful,follow_up,delivery_delay,service_complaint_escalation,0,@USER That was a joke lol. But my order IS late — i contacted amazon and they said that it’d be here by tomorrow so let’s see,0.11781135432728061,0.11781135432728061
golden_all-1193931,1193931,golden_all,logistic,message_only,en,medium,context_helpful,follow_up,delivery_delay,delivered_wrong_location,0,@USER Amazon logistics is the carrier. Got disconnected while holding the first time around. Not clear if delivery is tmrw or delayed further.,0.15873282036315567,0.15873282036315567
golden_all-2731105,2731105,golden_all,logistic,message_only,en,easy,self_contained,complaint,delivery_delay,refund_request,0,@USER One of my orders will be delivered tomorrow when I paid for delivery today.,0.11451031350709023,0.11451031350709023
golden_all-1587374,1587374,golden_all,logistic,message_only,en,easy,self_contained,complaint,delivery_delay,refund_request,0,@USER i recently purchased an item from your website its scheduled to come on November 3rd at 8pm and i still havent received my order?,0.11108534529552844,0.11108534529552844
golden_all-2296826,2296826,golden_all,logistic,message_only,en,medium,context_helpful,follow_up,delivery_delay,delivery_delay,1,@USER Not sure but I think it's because Royal Mail doesn't deliver today. No idea why it wasn't delivered yesterday. I don't have the detail- a family member ordered it for me.,0.09992181257167157,0.09992181257167157
golden_all-1229688,1229688,golden_all,logistic,message_only,en,medium,context_helpful,complaint,device_app_issue,none,0,"The all-new Kindle app is built for book lovers, with everything you need in one place. Learn more: URL URL",0.10163052663430681,0.10163052663430681
golden_all-26958,26958,golden_all,logistic,message_only,en,easy,self_contained,support_request,device_app_issue,delivered_wrong_location,0,"@USER Good morning. Is the Alexa App down? It’s timing out here in London, UK.",0.09373640856837134,0.09373640856837134
golden_all-2378990,2378990,golden_all,logistic,message_only,en,hard,context_helpful,complaint,device_app_issue,product_return_and_replacement,0,@USER @USER when I ask Alexa this price it says it’s $23.48 URL,0.12065436650248149,0.12065436650248149
golden_all-1384330,1384330,golden_all,logistic,message_only,en,hard,context_helpful,complaint,device_app_issue,service_complaint_escalation,0,@USER is there anything wrong with payment on the amazon app today . Seeing this for sometime URL,0.09689961811639762,0.09689961811639762
golden_all-2523357,2523357,golden_all,logistic,message_only,en,medium,context_helpful,follow_up,device_app_issue,none,0,@USER Thank you for your quick reply! I have a first gen.,0.11638548406958643,0.11638548406958643
golden_all-1766849,1766849,golden_all,logistic,message_only,en,medium,context_helpful,support_request,device_app_issue,none,0,@USER Fire stick is broke getting new remote second time app is on an android box.,0.10949170549097743,0.10949170549097743
golden_all-2847379,2847379,golden_all,logistic,message_only,en,medium,context_helpful,complaint,device_app_issue,product_return_and_replacement,0,"@USER At this time we CANNOT choose the language it is asking for, its under this tab in settings URL",0.11657400916684456,0.11657400916684456
golden_all-2569705,2569705,golden_all,logistic,message_only,en,easy,self_contained,complaint,device_app_issue,delivery_delay,0,"@USER Timing out across the board today, any idea on when things will be back up? URL",0.09178770016168637,0.09178770016168637
golden_all-350494,350494,golden_all,logistic,message_only,en,medium,context_helpful,complaint,device_app_issue,device_app_issue,1,@USER selling Echo devices without Alexa app for India.. how am I to use it at all!? Where is Alexa?,0.11775207607042498,0.11775207607042498
golden_all-1464161,1464161,golden_all,logistic,message_only,en,medium,context_helpful,complaint,device_app_issue,cancellation,0,@USER @USER @USER update: episode still unavailable. I think you're the people who update me. Not vice versa? 🔮,0.12098292714663025,0.12098292714663025
golden_all-1943693,1943693,golden_all,logistic,message_only,en,easy,context_helpful,acknowledgement,none,device_app_issue,0,@USER Yes i have shared the whole concern,0.1338627106159616,0.1338627106159616
golden_all-2611658,2611658,golden_all,logistic,message_only,en,easy,context_helpful,acknowledgement,none,delivered_wrong_location,0,@USER Thanks! Got the package at 1.30 :D,0.10777124475250448,0.10777124475250448
golden_all-309233,309233,golden_all,logistic,message_only,en,easy,self_contained,acknowledgement,none,product_return_and_replacement,0,Thanks @USER for the new cat bed. Velho loves it! #floof #CatsOfTwitter URL,0.11591255908434595,0.11591255908434595
golden_all-2111184,2111184,golden_all,logistic,message_only,en,easy,self_contained,acknowledgement,none,service_complaint_escalation,0,"@USER Wow, that's was an amazingly quick response!! Hats off",0.10514292807137739,0.10514292807137739
golden_all-174486,174486,golden_all,logistic,message_only,en,easy,context_helpful,acknowledgement,none,order_status_query,0,@USER me hiciste muy feliz hoy! 😍,0.10216701012530978,0.10216701012530978
golden_all-2580464,2580464,golden_all,logistic,message_only,en,medium,context_helpful,acknowledgement,none,none,1,"@USER @USER I ended up escalated to a new chat room and the guy was great. Too nice, really!",0.09976044254704738,0.09976044254704738
golden_all-2855145,2855145,golden_all,logistic,message_only,en,medium,context_helpful,acknowledgement,none,delivered_wrong_location,0,"@USER Thanks so much for helping, @USER! It was definitely the sales tax!",0.10056511986200066,0.10056511986200066
golden_all-2384553,2384553,golden_all,logistic,message_only,en,easy,self_contained,acknowledgement,none,service_complaint_escalation,0,New books are on their way!! Can’t stop looking at the @USER tracking screen though - hurry up new books. More coming next week 👏🏻👏🏻 URL,0.10147185695640366,0.10147185695640366
golden_all-1198549,1198549,golden_all,logistic,message_only,en,easy,context_helpful,acknowledgement,none,charge_issue,0,@USER @USER Nothing but respect for MY postal service 😤😤,0.108639465970329,0.108639465970329
golden_all-1204940,1204940,golden_all,logistic,message_only,en,easy,context_helpful,acknowledgement,none,none,1,@USER @USER @USER Yes absolutely Right 💯 👍,0.12562607214820512,0.12562607214820512
golden_all-487699,487699,golden_all,logistic,message_only,en,easy,context_helpful,acknowledgement,none,other_unclear,0,@USER I made a mistake. I ordered on your .co.uk site not .com so i actually do have the orders i ordered. Sorry for any inconvenience caused.,0.09683266442716716,0.09683266442716716
golden_all-1181640,1181640,golden_all,logistic,message_only,en,easy,context_helpful,acknowledgement,none,none,1,@USER Will do! Thank you so much!,0.11798094635441618,0.11798094635441618
golden_all-628261,628261,golden_all,logistic,message_only,en,medium,context_required,clarification,none,product_return_and_replacement,0,@USER I’m guessing by a marketplace seller? URL,0.1421206421023939,0.1421206421023939
golden_all-2931934,2931934,golden_all,logistic,message_only,en,hard,context_helpful,unknown,none,charge_issue,0,@USER But I want I phone as a gift... On my birthday.. Don't want to purchase it,0.10771097458315969,0.10771097458315969
golden_all-2769011,2769011,golden_all,logistic,message_only,en,medium,context_helpful,clarification,none,other_unclear,0,"@USER No need to filled the form, I'm sharing you giving the registered email via direct message",0.10332456576821027,0.10332456576821027
golden_all-1707062,1707062,golden_all,logistic,message_only,en,easy,context_helpful,acknowledgement,none,service_complaint_escalation,0,"@USER The guy who sent it to me already reached me, tracking number checks out, mystery solved. Thanks, though",0.08946143439394082,0.08946143439394082
golden_all-957126,957126,golden_all,logistic,message_only,en,medium,context_helpful,clarification,none,none,1,@USER @USER I haven't tried again simce yesterday. I was using mine in US before bringing it here so maybe I'll have to check the location etc agai,0.09727281089258069,0.09727281089258069
golden_all-2389800,2389800,golden_all,logistic,message_only,en,hard,self_contained,unknown,none,device_app_issue,0,Every breath you take should be as pure as nature intended. Improve the quality of the air you breathe indoors with a wide range air purifiers to choose from on Amazon.in. Visit: URL URL,0.10750787558370473,0.10750787558370473
golden_all-2266765,2266765,golden_all,logistic,message_only,en,medium,self_contained,support_request,none,device_app_issue,0,"@USER hey guys, Do you have any upcoming sale? In looking forward to buy the Moto g5s+ and I'm short of little money. Can you help me out?",0.11922262505657073,0.11922262505657073
golden_all-1721707,1721707,golden_all,logistic,message_only,en,medium,self_contained,complaint,order_status_query,delivery_delay,0,when you pay extra for shipping for next day delivery through amazon prime but they didnt deliver it @USER URL,0.1218069328002415,0.1218069328002415
golden_all-646730,646730,golden_all,logistic,message_only,en,medium,context_helpful,follow_up,order_status_query,cancellation,0,@USER when will me scampi fries be getting dispatched? Should have been yesterday and still not been dispatched. I want fishy fingers. Cheers 😏👍,0.09257686227460313,0.09257686227460313
golden_all-2363235,2363235,golden_all,logistic,message_only,en,medium,context_helpful,support_request,order_status_query,service_complaint_escalation,0,"@USER So on the amazon website when I track my package it says that it just got to a warehouse near me and it is close, but on the usps site when I input my tracking number it says that they are still waiting to receive my items?",0.1040000832721799,0.1040000832721799
golden_all-2960026,2960026,golden_all,logistic,message_only,en,medium,self_contained,follow_up,order_status_query,delivery_delay,0,@USER where’s my tv going... it came to my ups then back to Sacramento.... URL,0.10356853527362493,0.10356853527362493
golden_all-1105754,1105754,golden_all,logistic,message_only,en,medium,self_contained,complaint,order_status_query,order_status_query,1,Order updates from @USER have timestamps from before the order was placed. Looks like they are GMT.,0.09953426011966293,0.09953426011966293
golden_all-1464285,1464285,golden_all,logistic,message_only,en,easy,self_contained,support_request,order_status_query,refund_request,0,@USER @USER Order# 408-9863763-1429137 will my order be shipped or not?,0.11118297929406398,0.11118297929406398
golden_all-993935,993935,golden_all,logistic,message_only,en,medium,context_helpful,follow_up,order_status_query,order_status_query,1,@USER I also search redmi note4 didn't show your website.please help me,0.11122655806838573,0.11122655806838573
golden_all-832924,832924,golden_all,logistic,message_only,en,medium,context_helpful,follow_up,order_status_query,delivery_delay,0,"@USER Yes, wc26th Oct. But if I click on the album it says in-stock and available for this weekend.",0.09886944181780488,0.09886944181780488
golden_all-2288190,2288190,golden_all,logistic,message_only,en,medium,context_helpful,follow_up,order_status_query,delivery_delay,0,"@USER It would be nice to know if my order is shipping any time soon. I ordered 24 hours ago with same day delivery. The status has been not yet shipped all day. Was supposed to be here at 9 pm today, 1.5 hours ago.",0.11591817211057719,0.11591817211057719
golden_all-2374486,2374486,golden_all,logistic,message_only,en,hard,self_contained,complaint,order_status_query,service_complaint_escalation,0,@USER how can an order be “delivered by 8pm today” and “not yet shipped”?,0.14144095437985055,0.14144095437985055
golden_all-1397273,1397273,golden_all,logistic,message_only,en,easy,self_contained,support_request,order_status_query,none,0,i want to buy echo spot when did it launch in india @USER @USER @USER @USER,0.12293090045937402,0.12293090045937402
golden_all-1755281,1755281,golden_all,logistic,message_only,en,hard,context_helpful,support_request,other_unclear,other_unclear,1,@USER so I got this email. But I don't shop with Amazon so it might be a spam? Thought I would let you people know anyway. URL,0.09446229901323593,0.09446229901323593
golden_all-467536,467536,golden_all,logistic,message_only,en,hard,context_helpful,complaint,product_return_and_replacement,service_complaint_escalation,0,@USER Not received the item. App is not upto the mark so did not get terms &amp; conditions clearly while placing order hence lost cashback offer also. Poor experience overall.,0.10731335977947895,0.10731335977947895
golden_all-1147828,1147828,golden_all,logistic,message_only,en,hard,context_helpful,follow_up,product_return_and_replacement,device_app_issue,0,@USER I HAVE OPTED for no cost emi thats why i am doing follow ups... Otherwise i am not a free person to exchange tweets and mails with u,0.11175602125797741,0.11175602125797741
golden_all-2454046,2454046,golden_all,logistic,message_only,en,easy,context_helpful,acknowledgement,product_return_and_replacement,account_access,0,@USER No idea 😂 I've started a return and reordered URL,0.14933500192646776,0.14933500192646776
golden_all-679025,679025,golden_all,logistic,message_only,en,medium,context_helpful,support_request,product_return_and_replacement,service_complaint_escalation,0,Hi @USER I purchased the wrong colour kindle and forgot to tick u registered. Can I exchange for a different colour?,0.1170955871135679,0.1170955871135679
golden_all-2460750,2460750,golden_all,logistic,message_only,en,easy,self_contained,complaint,product_return_and_replacement,other_unclear,0,@USER So I had ordered a Moto G5s and I got a Moto G5 plus. Please do something about it. Thank you URL,0.1053370140572483,0.1053370140572483
golden_all-2450570,2450570,golden_all,logistic,message_only,en,easy,self_contained,complaint,product_return_and_replacement,delivered_but_not_received,0,amazon sent the wrong cases 😩🤦🏾‍♀️,0.11018361793628498,0.11018361793628498
golden_all-2608094,2608094,golden_all,logistic,message_only,en,medium,context_helpful,support_request,product_return_and_replacement,refund_request,0,@USER if I got a product and it didn’t come with everything listed who would I contact to get the rest to the product ?,0.11647929326521471,0.11647929326521471
golden_all-982267,982267,golden_all,logistic,message_only,en,easy,self_contained,complaint,product_return_and_replacement,other_unclear,0,Wtf @USER ... I ordered an altitude mask and you sent me a ‘tutu’ ?!😂🤦🏼‍♂️ URL,0.11428268092704236,0.11428268092704236
golden_all-2291505,2291505,golden_all,logistic,message_only,en,hard,context_helpful,support_request,product_return_and_replacement,device_app_issue,0,@USER I have buy Nokia 6 from Amazon India. The phone's display has purple colour on right side of the display. I want to replace my phone but Amazon can't. What can I do ? Help ASAP.,0.11948694278660174,0.11948694278660174
golden_all-1018235,1018235,golden_all,logistic,message_only,en,hard,context_helpful,complaint,product_return_and_replacement,service_complaint_escalation,0,"@USER Now amazon starts blackmailing customers by sending wrong product and when return req. placed,They says ship prdct back by urself",0.10856396690288143,0.10856396690288143
golden_all-1229460,1229460,golden_all,logistic,message_only,en,hard,context_helpful,complaint,product_return_and_replacement,other_unclear,0,"Hey, @USER, this DVD is a fraud. It claims to be the lost 1917 Cleopatra but is really the 1912 version. URL",0.100261785998215,0.100261785998215
golden_all-2484077,2484077,golden_all,logistic,message_only,en,easy,self_contained,complaint,product_return_and_replacement,service_complaint_escalation,0,I payed good money for this cup that I received today in the post! I am deeply disappointed that it’s faulty #donotbuy @USER URL,0.1239740150412429,0.1239740150412429
golden_all-345473,345473,golden_all,logistic,message_only,en,hard,context_helpful,complaint,product_return_and_replacement,cancellation,0,Dear @USER You suck. We’ve had to replace one device already bc it keeps malfunctioning. The “new” one is malfunctioning too.,0.1183727292973785,0.1183727292973785
golden_all-676899,676899,golden_all,logistic,message_only,en,hard,context_helpful,complaint,product_return_and_replacement,refund_request,0,@USER why haven’t you fulfilled Lex Luthor’s order of a blue-ray copy of A league of their own? Amazon you have to stop doing an injustice to Lex he might start a league! #JusticeLeague,0.10263494372523346,0.10263494372523346
golden_all-18706,18706,golden_all,logistic,message_only,en,medium,context_helpful,support_request,refund_request,refund_request,1,@USER U kindly refund the amount back .. I have sent back the product and I demand a refund for the same .never had such dissaponments wit amazon,0.13121093463020422,0.13121093463020422
golden_all-1436650,1436650,golden_all,logistic,message_only,en,easy,self_contained,complaint,refund_request,refund_request,1,@USER shady service - trying to steal my money - promised a refund on delivery to hotel as didn't arrive as promised. Now told no refund!,0.2145244723802362,0.2145244723802362
golden_all-2712534,2712534,golden_all,logistic,message_only,en,medium,context_helpful,support_request,refund_request,refund_request,1,"This is the second time Prime Now has delivered an order with missing items, and I can't find a way to request a refund in the app.",0.11498268474813873,0.11498268474813873
golden_all-1420491,1420491,golden_all,logistic,message_only,en,medium,context_helpful,follow_up,refund_request,charge_issue,0,@USER Yes i have sent my details via the form. I have cancelled the product and dont want to be associated with amazon refund my money to my CC,0.11489323449998844,0.11489323449998844
golden_all-915961,915961,golden_all,logistic,message_only,en,medium,context_helpful,follow_up,refund_request,service_complaint_escalation,0,@USER how would you justify blocking a customer’s number who’s awaiting a refund?,0.14178595129020433,0.14178595129020433
golden_all-2515914,2515914,golden_all,logistic,message_only,en,medium,context_helpful,follow_up,refund_request,device_app_issue,0,"@USER Yes on all three orders, then you kept arguing with me about how it wasn’t your fault and how you don’t have the resources to refund my Prime membership",0.12237910693595003,0.12237910693595003
golden_all-2217342,2217342,golden_all,logistic,message_only,en,hard,context_helpful,complaint,refund_request,charge_issue,0,"@USER Yes, and now you are rejecting the claim but the seller is sketchy.",0.09201144089204394,0.09201144089204394
golden_all-1893565,1893565,golden_all,logistic,message_only,en,medium,context_helpful,follow_up,service_complaint_escalation,other_unclear,0,@USER Nope...never received a call,0.12209627149138283,0.12209627149138283
golden_all-1763226,1763226,golden_all,logistic,message_only,en,medium,context_helpful,complaint,service_complaint_escalation,device_app_issue,0,@USER Yes. I have also spent 8 hours on live chat.,0.11405716764420439,0.11405716764420439
golden_all-2573750,2573750,golden_all,logistic,message_only,en,medium,context_helpful,complaint,service_complaint_escalation,refund_request,0,"@USER I've checked all of my folders. Like I said, the number in that link is the exact one I have called five times. I'm a Prime member who has been locked from their account for three weeks and have had nothing visible done to remedy this.",0.10464274789430555,0.10464274789430555
golden_all-1541879,1541879,golden_all,logistic,message_only,en,medium,context_helpful,complaint,service_complaint_escalation,service_complaint_escalation,1,@USER Look your cust service people just emailed to say they couldn’t deal with me because my email isn’t recognised. So unhelpful,0.10248563899167634,0.10248563899167634
golden_all-1415560,1415560,golden_all,logistic,message_only,en,medium,context_helpful,complaint,service_complaint_escalation,service_complaint_escalation,1,"@USER Yes, I'm talking to a representative again but I'm still super disappointed.. The call I made last night with you guys was useless",0.10593798199572113,0.10593798199572113
golden_all-334873,334873,golden_all,logistic,message_only,en,medium,context_helpful,complaint,service_complaint_escalation,account_access,0,@USER 6 years of shopping and never had an issue with CS until tonight. 10 mins later and no reply. URL,0.10324607173213853,0.10324607173213853
golden_all-272875,272875,golden_all,logistic,message_only,en,medium,context_helpful,complaint,service_complaint_escalation,refund_request,0,"@USER I checked the link even on the desktop. There's no link given to contact support, that's why i am pinging you here.",0.09791834489090272,0.09791834489090272
golden_all-1537572,1537572,golden_all,logistic,message_only,en,medium,context_helpful,complaint,service_complaint_escalation,service_complaint_escalation,1,"3/ @USER WHY IS IT SO HARD TO REPORT A SHIPPING PROBLEM? Yesterday I got the ""chat is too slow, please call"" option. Why no message/email?",0.09498836381604178,0.09498836381604178
golden_all-411902,411902,golden_all,logistic,message_only,en,easy,self_contained,complaint,service_complaint_escalation,service_complaint_escalation,1,"I will NEVER use @USER @USER for my business ever again. Bad customer service, impolite, and impressionable",0.11632929338664458,0.11632929338664458
golden_all-1588773,1588773,golden_all,logistic,message_only,en,easy,self_contained,complaint,service_complaint_escalation,refund_request,0,"God damn it, but @USER is getting worse and worse and worse as time goes on. Maybe it's time to dump all @USER services and move on.",0.11529506730052742,0.11529506730052742
golden_all-2353843,2353843,golden_all,logistic,message_only,en,medium,context_helpful,complaint,service_complaint_escalation,delivery_delay,0,@USER I am sorry but I would like to receive a phone call &amp; have this matter resolved asap! I have phoned 5 times now &amp; every time I get nothing. I am £90 down on an error on your part. This has been going on for almost 3 weeks now &amp; it’s time for you to actually do something.,0.11145446143479533,0.11145446143479533
golden_all-1136222,1136222,golden_all,logistic,message_only,en,hard,context_helpful,complaint,service_complaint_escalation,other_unclear,0,@USER Already send and call to 50 tym no proper response from ur side.. My neice birthday on 17 oct. Fake commitment 405-8158996-7018755oredr id,0.11215190166522739,0.11215190166522739
golden_all-1384189,1384189,golden_all,logistic,message_only,en,easy,self_contained,complaint,service_complaint_escalation,service_complaint_escalation,1,"Bad experience , not a sense of customer Service or cost saving at all..... @USER #disappointed",0.18031579791268024,0.18031579791268024
golden_all-1746071,1746071,golden_all,logistic,message_only,en,medium,context_helpful,complaint,service_complaint_escalation,delivered_but_not_received,0,"@USER I don’t this information to be public, as it’s impossible to reach your customer care on phone. So either they should call me or reach item",0.11992039780227327,0.11992039780227327
golden_all-390810,390810,golden_all,logistic,message_only,en,hard,context_helpful,complaint,service_complaint_escalation,cancellation,0,@USER You must shut down your improper business. Now when the payment is done you're coming up with nasty excuses. Read the DM.,0.15742262235921511,0.15742262235921511
golden_all-2151408,2151408,golden_all,logistic,message_only,en,medium,context_helpful,complaint,service_complaint_escalation,order_status_query,0,@USER doesn't provide way to claim #gst input credit for Business purchases. Even if I am giving all details they are denying this basic,0.09264188489303696,0.09264188489303696
golden_all-2216600,2216600,golden_all,logistic,message_only,en,hard,context_helpful,complaint,service_complaint_escalation,service_complaint_escalation,1,@USER Dont trust Amazon India and @USER with any card cash back offers. They do not keep up to their promises!! Conveniently take 3 months so that customers forget about it!!! #FoolingPrimeCustomers,0.12562626615966652,0.12562626615966652
golden_all-1250967,1250967,golden_all,logistic,message_only,en,hard,context_helpful,complaint,service_complaint_escalation,delivered_wrong_location,0,"Super disappointed in @USER lately. Lost packages, multiple wrong charges. What's the point of being prime 🙄🤔",0.10890995378886038,0.10890995378886038
golden_all-2447260,2447260,golden_all,logistic,message_only,en,medium,context_helpful,complaint,service_complaint_escalation,refund_request,0,"@USER should only &amp; selectively use #USPS for certain deliveries since the majority of time your order isn't going to arrive as promised, thus defeating entire premise of #AmazonPrime This is about #logistics plain &amp; simple.",0.13466831045003194,0.13466831045003194
golden_all-1179639,1179639,golden_all,logistic,message_only,en,hard,context_helpful,complaint,service_complaint_escalation,service_complaint_escalation,1,@USER was told to wait. Called you today. Told item has NOT been put in locker then told it HAD. Your agents can't keep up with their own lies.,0.11564417521602884,0.11564417521602884
golden_all-2245407,2245407,golden_all,logistic,message_only,en,hard,context_helpful,complaint,service_complaint_escalation,charge_issue,0,@USER why my call gets dropped Kindly please check my call log and please take an appropriate actions Why my call dropped? In between URL,0.102230301583435,0.102230301583435
golden_all-886169,886169,golden_all,logistic,message_only,en,hard,context_helpful,complaint,service_complaint_escalation,other_unclear,0,@USER The email was terribly short with no direction expect “we left you a voice mail win instructions” and I had no voice mails!,0.08834157192940685,0.08834157192940685
golden_rep-1912145,1912145,golden_rep,logistic,message_only,en,medium,context_helpful,support_request,account_access,service_complaint_escalation,0,@USER - I am unable to order gifts for my husband or son because you display all purchases. Is there a way to secretly purchase so they can't see it? Maybe a password at a purchase level ?,0.11578576916536745,0.11578576916536745
golden_rep-179205,179205,golden_rep,logistic,message_only,en,easy,context_helpful,complaint,account_access,delivery_delay,0,@USER Read the previous tweets - I can’t log in! This has been going on for a day now!!!,0.0988174858086823,0.0988174858086823
golden_rep-2789138,2789138,golden_rep,logistic,message_only,en,hard,context_helpful,support_request,account_access,delivery_delay,0,Hello is there a way to check if I'm signed up to Prime? If so it's a mistake bc I can't afford the membership &amp; I noticed my packages are coming faster than expected. No complaints just can't afford Prime if charged @USER,0.10302073400524123,0.10302073400524123
golden_rep-427799,427799,golden_rep,logistic,message_only,en,medium,self_contained,support_request,account_info_update,charge_issue,0,@USER can i pay with Amazon pay balance account for one year prime membership?? Plz reply,0.0938300653490771,0.0938300653490771
golden_rep-22572,22572,golden_rep,logistic,message_only,en,medium,self_contained,support_request,cancellation,refund_request,0,@USER Ordered on 7 October 2017 Order# 403-7284574-6433108 not yet delivered. No way to cancel and get refund.,0.19609140031103717,0.19609140031103717
golden_rep-2899649,2899649,golden_rep,logistic,message_only,en,medium,context_helpful,support_request,cancellation,refund_request,0,"@USER Welp, that didn’t do anything. I’m just going to cancel the order - I don’t see why I should keep waiting while it’s literally sitting on store shelves. URL",0.09610715693449506,0.09610715693449506
golden_rep-136922,136922,golden_rep,logistic,message_only,en,hard,context_helpful,complaint,cancellation,service_complaint_escalation,0,@USER I am so upset I have just cancelled the whole order. Have you an email address I can write to you at. This is the first time I have ever received bad service from Amazon. He even brought me to tears,0.10374604039069775,0.10374604039069775
golden_rep-880948,880948,golden_rep,logistic,message_only,en,hard,context_helpful,complaint,cancellation,service_complaint_escalation,0,@USER They act so bossy that they didn't even bother to make a call regarding the pickup Just a confirmation txt n thn later a cancellation txt,0.11357418803498551,0.11357418803498551
golden_rep-650056,650056,golden_rep,logistic,message_only,en,hard,context_helpful,follow_up,cancellation,service_complaint_escalation,0,"@USER Oh right, you can't do that. I would hurt @USER wallet after all. @USER good on you.",0.1319399247825193,0.1319399247825193
golden_rep-1604096,1604096,golden_rep,logistic,message_only,en,hard,context_helpful,complaint,charge_issue,service_complaint_escalation,0,@USER And then they kindly dispersed the money in my ac to an ac they knew is closed.,0.1119164555689485,0.1119164555689485
golden_rep-1218305,1218305,golden_rep,logistic,message_only,en,hard,context_helpful,complaint,charge_issue,charge_issue,1,"@USER took my hard earned money, used it &amp; now asking me to cancel order. But nt taking ny action on seller instead shielding them (2/2)",0.12212897824191114,0.12212897824191114
golden_rep-1724691,1724691,golden_rep,logistic,message_only,en,easy,self_contained,support_request,charge_issue,charge_issue,1,@USER money debited from bank but isn’t credited to amazon pay balance please sew to this asap URL,0.0956026065285582,0.0956026065285582
golden_rep-2612309,2612309,golden_rep,logistic,message_only,en,easy,self_contained,complaint,charge_issue,charge_issue,1,Woke up to see that my bank account was over drawn from something i didn’t even buy off amazon??? HAPPY FRIDAY 🙃🙃🙃🙃,0.10121013022480393,0.10121013022480393
golden_rep-332434,332434,golden_rep,logistic,message_only,en,medium,context_helpful,complaint,charge_issue,refund_request,0,"@USER I don't get COD option for ur products.1st it shows that it is available but after proceeding for checkout,I can't get it.Why?",0.10284708694232186,0.10284708694232186
golden_rep-895946,895946,golden_rep,logistic,message_only,en,medium,context_helpful,complaint,charge_issue,service_complaint_escalation,0,"@USER I know cart prices aren’t set in stone. But like, it went from on sale to more than the regular price. It’s not a cute look.",0.1058755214172684,0.1058755214172684
golden_rep-1109519,1109519,golden_rep,logistic,message_only,en,medium,context_helpful,complaint,delivered_but_not_received,delivered_but_not_received,1,"@USER No, they haven't. They routinely mark packages as delivered before delivery is attempted, and sometimes the packages never arrive at all.",0.11680296818103277,0.11680296818103277
golden_rep-1423023,1423023,golden_rep,logistic,message_only,en,medium,context_helpful,complaint,delivered_but_not_received,device_app_issue,0,"@USER Have also had deliveries when courier claimed to have delivered, but put it back in the van and ended up back at the depot.",0.09814559436457686,0.09814559436457686
golden_rep-2289844,2289844,golden_rep,logistic,message_only,en,easy,self_contained,complaint,delivered_but_not_received,delivered_wrong_location,0,@USER The delivery agent says he will deliver the package later but he updates the status saying delivered directly to customer .. URL,0.0934780286713895,0.0934780286713895
golden_rep-1220925,1220925,golden_rep,logistic,message_only,en,medium,context_helpful,complaint,delivered_but_not_received,device_app_issue,0,@USER Why to hear you do nothing again?,0.10143731093963147,0.10143731093963147
golden_rep-2532842,2532842,golden_rep,logistic,message_only,en,hard,context_helpful,complaint,delivered_but_not_received,delivery_delay,0,@USER can someone contact me ASAP re an undelivered parcel.2 weeks &amp; still no joy.DPD said speak to you. Totally fed up right now!,0.10165320901279296,0.10165320901279296
golden_rep-380695,380695,golden_rep,logistic,message_only,en,medium,context_helpful,follow_up,delivered_but_not_received,service_complaint_escalation,0,@USER I'll have to do that later this morning. Absolutely infuriating,0.10600023160099561,0.10600023160099561
golden_rep-482351,482351,golden_rep,logistic,message_only,en,hard,context_helpful,complaint,delivered_but_not_received,refund_request,0,@USER I received my order but part of it is missing but my account say it's delivered. Box was partly open. Parcel left in flower Box!!! Who do I contact? #xmaspresent,0.1130763047721604,0.1130763047721604
golden_rep-533206,533206,golden_rep,logistic,message_only,en,hard,context_helpful,complaint,delivered_wrong_location,service_complaint_escalation,0,"@USER Also, if I haven't specifically indicated that I want my parcel to be left in a ""safe place""... why is the delivery driver assuming my recycle bin is a safe place? It is visible from the street; is NOT in a garden; and if someone sees him putting it there, it can be stolen!",0.1144678989405747,0.1144678989405747
golden_rep-149199,149199,golden_rep,logistic,message_only,en,medium,context_helpful,complaint,delivered_wrong_location,delivered_wrong_location,1,"@USER I don’t know about the item as it is not my parcel to open, it is my partners. It is unacceptable to force drivers to leave parcels in unsafe positions!",0.10317819295038075,0.10317819295038075
golden_rep-2283511,2283511,golden_rep,logistic,message_only,en,easy,self_contained,complaint,delivered_wrong_location,service_complaint_escalation,0,"Amazon seems to have forgotten how to deliver to my address so here I am waiting on 5 packages that all say ""delivery attempted"" TO THE WRONG AREA",0.11136077463698092,0.11136077463698092
golden_rep-2594956,2594956,golden_rep,logistic,message_only,en,hard,context_helpful,complaint,delivered_wrong_location,delivery_delay,0,"@USER I hope my pkg was not in there. Ste-Catherine Montreal, unlocked doors, windows open #unattendedpackages #intelcom #badcourrier URL",0.09249811199210245,0.09249811199210245
golden_rep-1727624,1727624,golden_rep,logistic,message_only,en,easy,self_contained,support_request,delivered_wrong_location,service_complaint_escalation,0,How to contact @USER about a stolen package? Website not user friendly requesting support. Unique situation would like to chat about.,0.114408536113794,0.114408536113794
golden_rep-458877,458877,golden_rep,logistic,message_only,en,medium,context_helpful,complaint,delivery_delay,account_access,0,@USER No. Status still “arriving by 8pm today” (9 minutes from now) but no sign of shipment and no tracking number. URL,0.11000157193152883,0.11000157193152883
golden_rep-142833,142833,golden_rep,logistic,message_only,en,medium,context_helpful,follow_up,delivery_delay,delivery_delay,1,@USER Order history is useless and just telling me it's out for delivery or due to be delivered. I've followed up once again by email,0.1212867472145743,0.1212867472145743
golden_rep-1116569,1116569,golden_rep,logistic,message_only,en,easy,self_contained,complaint,delivery_delay,refund_request,0,"I bought something on @USER, paid extra for 1 day shipping and it isn’t here. Who do I complain to? @USER",0.1312060388966364,0.1312060388966364
golden_rep-515245,515245,golden_rep,logistic,message_only,en,easy,self_contained,complaint,delivery_delay,delivery_delay,1,@USER My package was supposed to arrive Wednesday.Its friday. Still NOT here. So much for being a prime member!!!!,0.10717397140094514,0.10717397140094514
golden_rep-2447788,2447788,golden_rep,logistic,message_only,en,easy,self_contained,complaint,delivery_delay,refund_request,0,"@USER I placed an order with Amazon.in on October 17th and the money got deducted the same day. The order was supposed to deliver on 31st October, but it is 14th Nov today and I still have not received the product. Where is my stuff @USER ?",0.11037632800599044,0.11037632800599044
golden_rep-2960467,2960467,golden_rep,logistic,message_only,en,medium,context_helpful,complaint,delivery_delay,delivery_delay,1,Would really like to know why @USER is taking so long to deliver my package from @USER 😑 two day prime delivery is turning into a week now..... 😒 I could have driven to TN and picked it up myself faster.,0.13379024190316294,0.13379024190316294
golden_rep-1311577,1311577,golden_rep,logistic,message_only,en,medium,self_contained,follow_up,delivery_delay,delivery_delay,1,So where is it then? I wouldn't mind it being a day late if I was notified @USER URL,0.10830630458886124,0.10830630458886124
golden_rep-608064,608064,golden_rep,logistic,message_only,en,medium,context_helpful,follow_up,delivery_delay,refund_request,0,"@USER Sorry, the last picture was the shipment confirmation email. This one is the original order email, which also shows 11/20 as the delivery date URL",0.09428804583693928,0.09428804583693928
golden_rep-2967623,2967623,golden_rep,logistic,message_only,en,medium,context_helpful,complaint,delivery_delay,delivery_delay,1,"@USER @USER I just want my package to arrive the day they promised! Been sitting around my house, today is day 2, waiting......! Still doesn't even show out for delivery - I even paid for 3day delivery!",0.11643378144837241,0.11643378144837241
golden_rep-2528270,2528270,golden_rep,logistic,message_only,en,medium,context_helpful,complaint,delivery_delay,delivery_delay,1,@USER seems like all the one day shipping for items has vanished and is two day only,0.1040980164847227,0.1040980164847227
golden_rep-2683519,2683519,golden_rep,logistic,message_only,en,hard,context_helpful,complaint,delivery_delay,delivery_delay,1,"@USER @USER @USER it's frustrating that a package from Prime Pantry shows as ""delivered"" when it really means it's sitting at the US Post Office whose hours are impossible to visit for any person working a full time job...",0.10034701291227757,0.10034701291227757
golden_rep-1192307,1192307,golden_rep,logistic,message_only,en,easy,self_contained,complaint,delivery_delay,other_unclear,0,"so @USER are fibbers. I saw the delivery van pull up in our car park yesterday just before 5pm, then they drove off...",0.09115249348311227,0.09115249348311227
golden_rep-2780552,2780552,golden_rep,logistic,message_only,en,medium,context_helpful,follow_up,delivery_delay,service_complaint_escalation,0,"""helping us build Earth's Most Customer-Centric Company"" @USER is there an amendement to this vision which excludes me? Just been told to wait another 24 hours because you've misplaced my delivery (again!).",0.1370041772767514,0.1370041772767514
golden_rep-2824739,2824739,golden_rep,logistic,message_only,en,easy,self_contained,complaint,delivery_delay,cancellation,0,"I think @USER @USER may want to look into the definition one ""one day delivery"" URL",0.09825287665939565,0.09825287665939565
golden_rep-2913230,2913230,golden_rep,logistic,message_only,en,easy,self_contained,follow_up,delivery_delay,charge_issue,0,"@USER hi, I ordered a few Prime items on Monday, but they all say arriving Thursday. I thought it was 2 day shipping.... why the delay? Nothing has shipped yet and I thought they'd be here by tomorrow",0.10607023380455219,0.10607023380455219
golden_rep-1218249,1218249,golden_rep,logistic,message_only,en,medium,context_helpful,follow_up,delivery_delay,delivery_delay,1,@USER Says there was a delay with shipping. The tracking number at UPS says this. (see photo) URL,0.09686536591910931,0.09686536591910931
golden_rep-2003910,2003910,golden_rep,logistic,message_only,en,medium,context_helpful,follow_up,delivery_delay,none,0,"@USER Well, since ""taken care of"" would have meant Friday delivery, that's unlikely.",0.09255457726304547,0.09255457726304547
golden_rep-300514,300514,golden_rep,logistic,message_only,en,medium,context_helpful,complaint,delivery_delay,delivery_delay,1,"Really glad I used prime @USER seems @USER are unable to honour the next day delivery 😡, glad I invest in prime",0.09845695238711745,0.09845695238711745
golden_rep-322945,322945,golden_rep,logistic,message_only,en,medium,context_helpful,complaint,delivery_delay,delivery_delay,1,@USER Prime member should be given some preference and the items must be delivered within 2 days otherwise it is equal to a non prime member,0.09551821158324279,0.09551821158324279
golden_rep-2954293,2954293,golden_rep,logistic,message_only,en,medium,context_helpful,complaint,delivery_delay,service_complaint_escalation,0,@USER I don’t have time for that. That’s why I buy products on prime only. I work and go to school. I need prime to be a reliable service. Speed. Quality. Convenience. I don’t have time for stuff like this. I just won’t recommend your service.,0.10179223060114628,0.10179223060114628
golden_rep-2664071,2664071,golden_rep,logistic,message_only,en,hard,context_helpful,complaint,delivery_delay,delivered_but_not_received,0,"@USER Wrongly conceptualized add , bird's are being bullied Anyway Amazon is wowsome! Maintain this faith",0.11135288363297464,0.11135288363297464
golden_rep-1210214,1210214,golden_rep,logistic,message_only,en,medium,self_contained,complaint,delivery_delay,delivery_delay,1,Has anyone had a package returned to @USER because @USER refused to deliver it? 😐,0.10873813696210173,0.10873813696210173
golden_rep-86209,86209,golden_rep,logistic,message_only,en,easy,self_contained,complaint,delivery_delay,service_complaint_escalation,0,"Today is the twins’ 4th Birthday. This is their gift from us - ordered on Sunday with Amazon Prime. We were assured yesterday that it would arrive today but I have just received this message. I understand that these things happen, but I’m hoping you can work some magic @USER URL",0.11698050639126183,0.11698050639126183
golden_rep-2192580,2192580,golden_rep,logistic,message_only,en,easy,self_contained,complaint,delivery_delay,service_complaint_escalation,0,"You know you can't trust @USER marketplace if your order doesn't have any tracking info updates since it supposedly left origin facility. It was supposed to arrive yesterday. Last time was a nightmare enough, this time isn't looking much better. Thanks for the sub-par service.",0.10811080906544457,0.10811080906544457
golden_rep-1406593,1406593,golden_rep,logistic,message_only,en,medium,context_helpful,complaint,delivery_delay,service_complaint_escalation,0,@USER first weekend of prime... NOT IMPRESSED.,0.10488469231861167,0.10488469231861167
golden_rep-1570766,1570766,golden_rep,logistic,message_only,en,medium,context_helpful,follow_up,delivery_delay,none,0,@USER Do you have any update here?,0.09817282320078866,0.09817282320078866
golden_rep-1389974,1389974,golden_rep,logistic,message_only,en,medium,context_helpful,follow_up,delivery_delay,delivery_delay,1,@USER not impressed by your driver leaving my door within 6 seconds of knocking Despite my note explaining I've just had spine surgery!,0.09735876373842366,0.09735876373842366
golden_rep-1399860,1399860,golden_rep,logistic,message_only,en,medium,context_helpful,acknowledgement,delivery_delay,none,0,@USER Thank u so much.. Kindly Arrange to provide my parcel.. Thank u so much,0.0987368769957732,0.0987368769957732
golden_rep-1335118,1335118,golden_rep,logistic,message_only,en,medium,context_helpful,follow_up,delivery_delay,delivered_but_not_received,0,"@USER We needed it for a trip we are leaving on tonight, now we will not have it.",0.10569980970030317,0.10569980970030317
golden_rep-999138,999138,golden_rep,logistic,message_only,en,medium,context_helpful,complaint,delivery_delay,delivery_delay,1,@USER £70 a year membership for prime to be let down like this!! Will be cancelling my subscription as it's just not worth the hassle!! URL,0.10715933700939848,0.10715933700939848
golden_rep-2852150,2852150,golden_rep,logistic,message_only,en,medium,context_helpful,follow_up,delivery_delay,delivered_wrong_location,0,I'll go sit at the door for the next 8min then? @USER @USER URL,0.10752698009771763,0.10752698009771763
golden_rep-2890574,2890574,golden_rep,logistic,message_only,en,medium,context_helpful,complaint,delivery_delay,service_complaint_escalation,0,".@USER 3 years ago when something said #PRIME and I ordered it, it arrived in 2 days, this last year it is a lucky day to get something in 2 days, The service has gone 2 shit, it's so unreliable, You should knock prime membership in half, it's bogus at the moment #AMAZON",0.11224310626406103,0.11224310626406103
golden_rep-1420099,1420099,golden_rep,logistic,message_only,en,medium,context_helpful,complaint,delivery_delay,delivered_but_not_received,0,@USER ordered three items from amazon and all of their delivery dates kept getting pushed back and back and back. Not happy 😤,0.10624254210077046,0.10624254210077046
golden_rep-550560,550560,golden_rep,logistic,message_only,en,easy,self_contained,complaint,delivery_delay,device_app_issue,0,@USER I have a Prime membership. Quite often the 1 or 2 day shipping that I've selected doesn't arrive until 3-5+ days later. I thought shipping time was supposed to be from when you order the item? What's with missing the date so often?,0.11093491622579427,0.11093491622579427
golden_rep-673242,673242,golden_rep,logistic,message_only,en,medium,context_helpful,follow_up,delivery_delay,service_complaint_escalation,0,@USER That was a joke lol. But my order IS late — i contacted amazon and they said that it’d be here by tomorrow so let’s see,0.11781135432728061,0.11781135432728061
golden_rep-1193931,1193931,golden_rep,logistic,message_only,en,medium,context_helpful,follow_up,delivery_delay,delivered_wrong_location,0,@USER Amazon logistics is the carrier. Got disconnected while holding the first time around. Not clear if delivery is tmrw or delayed further.,0.15873282036315567,0.15873282036315567
golden_rep-2731105,2731105,golden_rep,logistic,message_only,en,easy,self_contained,complaint,delivery_delay,refund_request,0,@USER One of my orders will be delivered tomorrow when I paid for delivery today.,0.11451031350709023,0.11451031350709023
golden_rep-1587374,1587374,golden_rep,logistic,message_only,en,easy,self_contained,complaint,delivery_delay,refund_request,0,@USER i recently purchased an item from your website its scheduled to come on November 3rd at 8pm and i still havent received my order?,0.11108534529552844,0.11108534529552844
golden_rep-2296826,2296826,golden_rep,logistic,message_only,en,medium,context_helpful,follow_up,delivery_delay,delivery_delay,1,@USER Not sure but I think it's because Royal Mail doesn't deliver today. No idea why it wasn't delivered yesterday. I don't have the detail- a family member ordered it for me.,0.09992181257167157,0.09992181257167157
golden_rep-1229688,1229688,golden_rep,logistic,message_only,en,medium,context_helpful,complaint,device_app_issue,none,0,"The all-new Kindle app is built for book lovers, with everything you need in one place. Learn more: URL URL",0.10163052663430681,0.10163052663430681
golden_rep-26958,26958,golden_rep,logistic,message_only,en,easy,self_contained,support_request,device_app_issue,delivered_wrong_location,0,"@USER Good morning. Is the Alexa App down? It’s timing out here in London, UK.",0.09373640856837134,0.09373640856837134
golden_rep-2378990,2378990,golden_rep,logistic,message_only,en,hard,context_helpful,complaint,device_app_issue,product_return_and_replacement,0,@USER @USER when I ask Alexa this price it says it’s $23.48 URL,0.12065436650248149,0.12065436650248149
golden_rep-1384330,1384330,golden_rep,logistic,message_only,en,hard,context_helpful,complaint,device_app_issue,service_complaint_escalation,0,@USER is there anything wrong with payment on the amazon app today . Seeing this for sometime URL,0.09689961811639762,0.09689961811639762
golden_rep-2523357,2523357,golden_rep,logistic,message_only,en,medium,context_helpful,follow_up,device_app_issue,none,0,@USER Thank you for your quick reply! I have a first gen.,0.11638548406958643,0.11638548406958643
golden_rep-1766849,1766849,golden_rep,logistic,message_only,en,medium,context_helpful,support_request,device_app_issue,none,0,@USER Fire stick is broke getting new remote second time app is on an android box.,0.10949170549097743,0.10949170549097743
golden_rep-2847379,2847379,golden_rep,logistic,message_only,en,medium,context_helpful,complaint,device_app_issue,product_return_and_replacement,0,"@USER At this time we CANNOT choose the language it is asking for, its under this tab in settings URL",0.11657400916684456,0.11657400916684456
golden_rep-2569705,2569705,golden_rep,logistic,message_only,en,easy,self_contained,complaint,device_app_issue,delivery_delay,0,"@USER Timing out across the board today, any idea on when things will be back up? URL",0.09178770016168637,0.09178770016168637
golden_rep-350494,350494,golden_rep,logistic,message_only,en,medium,context_helpful,complaint,device_app_issue,device_app_issue,1,@USER selling Echo devices without Alexa app for India.. how am I to use it at all!? Where is Alexa?,0.11775207607042498,0.11775207607042498
golden_rep-1464161,1464161,golden_rep,logistic,message_only,en,medium,context_helpful,complaint,device_app_issue,cancellation,0,@USER @USER @USER update: episode still unavailable. I think you're the people who update me. Not vice versa? 🔮,0.12098292714663025,0.12098292714663025
golden_rep-1943693,1943693,golden_rep,logistic,message_only,en,easy,context_helpful,acknowledgement,none,device_app_issue,0,@USER Yes i have shared the whole concern,0.1338627106159616,0.1338627106159616
golden_rep-2611658,2611658,golden_rep,logistic,message_only,en,easy,context_helpful,acknowledgement,none,delivered_wrong_location,0,@USER Thanks! Got the package at 1.30 :D,0.10777124475250448,0.10777124475250448
golden_rep-309233,309233,golden_rep,logistic,message_only,en,easy,self_contained,acknowledgement,none,product_return_and_replacement,0,Thanks @USER for the new cat bed. Velho loves it! #floof #CatsOfTwitter URL,0.11591255908434595,0.11591255908434595
golden_rep-2111184,2111184,golden_rep,logistic,message_only,en,easy,self_contained,acknowledgement,none,service_complaint_escalation,0,"@USER Wow, that's was an amazingly quick response!! Hats off",0.10514292807137739,0.10514292807137739
golden_rep-174486,174486,golden_rep,logistic,message_only,en,easy,context_helpful,acknowledgement,none,order_status_query,0,@USER me hiciste muy feliz hoy! 😍,0.10216701012530978,0.10216701012530978
golden_rep-2580464,2580464,golden_rep,logistic,message_only,en,medium,context_helpful,acknowledgement,none,none,1,"@USER @USER I ended up escalated to a new chat room and the guy was great. Too nice, really!",0.09976044254704738,0.09976044254704738
golden_rep-2855145,2855145,golden_rep,logistic,message_only,en,medium,context_helpful,acknowledgement,none,delivered_wrong_location,0,"@USER Thanks so much for helping, @USER! It was definitely the sales tax!",0.10056511986200066,0.10056511986200066
golden_rep-2384553,2384553,golden_rep,logistic,message_only,en,easy,self_contained,acknowledgement,none,service_complaint_escalation,0,New books are on their way!! Can’t stop looking at the @USER tracking screen though - hurry up new books. More coming next week 👏🏻👏🏻 URL,0.10147185695640366,0.10147185695640366
golden_rep-1198549,1198549,golden_rep,logistic,message_only,en,easy,context_helpful,acknowledgement,none,charge_issue,0,@USER @USER Nothing but respect for MY postal service 😤😤,0.108639465970329,0.108639465970329
golden_rep-1204940,1204940,golden_rep,logistic,message_only,en,easy,context_helpful,acknowledgement,none,none,1,@USER @USER @USER Yes absolutely Right 💯 👍,0.12562607214820512,0.12562607214820512
golden_rep-487699,487699,golden_rep,logistic,message_only,en,easy,context_helpful,acknowledgement,none,other_unclear,0,@USER I made a mistake. I ordered on your .co.uk site not .com so i actually do have the orders i ordered. Sorry for any inconvenience caused.,0.09683266442716716,0.09683266442716716
golden_rep-1181640,1181640,golden_rep,logistic,message_only,en,easy,context_helpful,acknowledgement,none,none,1,@USER Will do! Thank you so much!,0.11798094635441618,0.11798094635441618
golden_rep-628261,628261,golden_rep,logistic,message_only,en,medium,context_required,clarification,none,product_return_and_replacement,0,@USER I’m guessing by a marketplace seller? URL,0.1421206421023939,0.1421206421023939
golden_rep-2931934,2931934,golden_rep,logistic,message_only,en,hard,context_helpful,unknown,none,charge_issue,0,@USER But I want I phone as a gift... On my birthday.. Don't want to purchase it,0.10771097458315969,0.10771097458315969
golden_rep-2769011,2769011,golden_rep,logistic,message_only,en,medium,context_helpful,clarification,none,other_unclear,0,"@USER No need to filled the form, I'm sharing you giving the registered email via direct message",0.10332456576821027,0.10332456576821027
golden_rep-1707062,1707062,golden_rep,logistic,message_only,en,easy,context_helpful,acknowledgement,none,service_complaint_escalation,0,"@USER The guy who sent it to me already reached me, tracking number checks out, mystery solved. Thanks, though",0.08946143439394082,0.08946143439394082
golden_rep-957126,957126,golden_rep,logistic,message_only,en,medium,context_helpful,clarification,none,none,1,@USER @USER I haven't tried again simce yesterday. I was using mine in US before bringing it here so maybe I'll have to check the location etc agai,0.09727281089258069,0.09727281089258069
golden_rep-2389800,2389800,golden_rep,logistic,message_only,en,hard,self_contained,unknown,none,device_app_issue,0,Every breath you take should be as pure as nature intended. Improve the quality of the air you breathe indoors with a wide range air purifiers to choose from on Amazon.in. Visit: URL URL,0.10750787558370473,0.10750787558370473
golden_rep-2266765,2266765,golden_rep,logistic,message_only,en,medium,self_contained,support_request,none,device_app_issue,0,"@USER hey guys, Do you have any upcoming sale? In looking forward to buy the Moto g5s+ and I'm short of little money. Can you help me out?",0.11922262505657073,0.11922262505657073
golden_rep-1721707,1721707,golden_rep,logistic,message_only,en,medium,self_contained,complaint,order_status_query,delivery_delay,0,when you pay extra for shipping for next day delivery through amazon prime but they didnt deliver it @USER URL,0.1218069328002415,0.1218069328002415
golden_rep-646730,646730,golden_rep,logistic,message_only,en,medium,context_helpful,follow_up,order_status_query,cancellation,0,@USER when will me scampi fries be getting dispatched? Should have been yesterday and still not been dispatched. I want fishy fingers. Cheers 😏👍,0.09257686227460313,0.09257686227460313
golden_rep-2363235,2363235,golden_rep,logistic,message_only,en,medium,context_helpful,support_request,order_status_query,service_complaint_escalation,0,"@USER So on the amazon website when I track my package it says that it just got to a warehouse near me and it is close, but on the usps site when I input my tracking number it says that they are still waiting to receive my items?",0.1040000832721799,0.1040000832721799
golden_rep-2960026,2960026,golden_rep,logistic,message_only,en,medium,self_contained,follow_up,order_status_query,delivery_delay,0,@USER where’s my tv going... it came to my ups then back to Sacramento.... URL,0.10356853527362493,0.10356853527362493
golden_rep-1105754,1105754,golden_rep,logistic,message_only,en,medium,self_contained,complaint,order_status_query,order_status_query,1,Order updates from @USER have timestamps from before the order was placed. Looks like they are GMT.,0.09953426011966293,0.09953426011966293
golden_rep-1464285,1464285,golden_rep,logistic,message_only,en,easy,self_contained,support_request,order_status_query,refund_request,0,@USER @USER Order# 408-9863763-1429137 will my order be shipped or not?,0.11118297929406398,0.11118297929406398
golden_rep-993935,993935,golden_rep,logistic,message_only,en,medium,context_helpful,follow_up,order_status_query,order_status_query,1,@USER I also search redmi note4 didn't show your website.please help me,0.11122655806838573,0.11122655806838573
golden_rep-832924,832924,golden_rep,logistic,message_only,en,medium,context_helpful,follow_up,order_status_query,delivery_delay,0,"@USER Yes, wc26th Oct. But if I click on the album it says in-stock and available for this weekend.",0.09886944181780488,0.09886944181780488
golden_rep-2288190,2288190,golden_rep,logistic,message_only,en,medium,context_helpful,follow_up,order_status_query,delivery_delay,0,"@USER It would be nice to know if my order is shipping any time soon. I ordered 24 hours ago with same day delivery. The status has been not yet shipped all day. Was supposed to be here at 9 pm today, 1.5 hours ago.",0.11591817211057719,0.11591817211057719
golden_rep-2374486,2374486,golden_rep,logistic,message_only,en,hard,self_contained,complaint,order_status_query,service_complaint_escalation,0,@USER how can an order be “delivered by 8pm today” and “not yet shipped”?,0.14144095437985055,0.14144095437985055
golden_rep-1397273,1397273,golden_rep,logistic,message_only,en,easy,self_contained,support_request,order_status_query,none,0,i want to buy echo spot when did it launch in india @USER @USER @USER @USER,0.12293090045937402,0.12293090045937402
golden_rep-1755281,1755281,golden_rep,logistic,message_only,en,hard,context_helpful,support_request,other_unclear,other_unclear,1,@USER so I got this email. But I don't shop with Amazon so it might be a spam? Thought I would let you people know anyway. URL,0.09446229901323593,0.09446229901323593
golden_rep-467536,467536,golden_rep,logistic,message_only,en,hard,context_helpful,complaint,product_return_and_replacement,service_complaint_escalation,0,@USER Not received the item. App is not upto the mark so did not get terms &amp; conditions clearly while placing order hence lost cashback offer also. Poor experience overall.,0.10731335977947895,0.10731335977947895
golden_rep-1147828,1147828,golden_rep,logistic,message_only,en,hard,context_helpful,follow_up,product_return_and_replacement,device_app_issue,0,@USER I HAVE OPTED for no cost emi thats why i am doing follow ups... Otherwise i am not a free person to exchange tweets and mails with u,0.11175602125797741,0.11175602125797741
golden_rep-2454046,2454046,golden_rep,logistic,message_only,en,easy,context_helpful,acknowledgement,product_return_and_replacement,account_access,0,@USER No idea 😂 I've started a return and reordered URL,0.14933500192646776,0.14933500192646776
golden_rep-679025,679025,golden_rep,logistic,message_only,en,medium,context_helpful,support_request,product_return_and_replacement,service_complaint_escalation,0,Hi @USER I purchased the wrong colour kindle and forgot to tick u registered. Can I exchange for a different colour?,0.1170955871135679,0.1170955871135679
golden_rep-2460750,2460750,golden_rep,logistic,message_only,en,easy,self_contained,complaint,product_return_and_replacement,other_unclear,0,@USER So I had ordered a Moto G5s and I got a Moto G5 plus. Please do something about it. Thank you URL,0.1053370140572483,0.1053370140572483
golden_rep-2450570,2450570,golden_rep,logistic,message_only,en,easy,self_contained,complaint,product_return_and_replacement,delivered_but_not_received,0,amazon sent the wrong cases 😩🤦🏾‍♀️,0.11018361793628498,0.11018361793628498
golden_rep-2608094,2608094,golden_rep,logistic,message_only,en,medium,context_helpful,support_request,product_return_and_replacement,refund_request,0,@USER if I got a product and it didn’t come with everything listed who would I contact to get the rest to the product ?,0.11647929326521471,0.11647929326521471
golden_rep-982267,982267,golden_rep,logistic,message_only,en,easy,self_contained,complaint,product_return_and_replacement,other_unclear,0,Wtf @USER ... I ordered an altitude mask and you sent me a ‘tutu’ ?!😂🤦🏼‍♂️ URL,0.11428268092704236,0.11428268092704236
golden_rep-2291505,2291505,golden_rep,logistic,message_only,en,hard,context_helpful,support_request,product_return_and_replacement,device_app_issue,0,@USER I have buy Nokia 6 from Amazon India. The phone's display has purple colour on right side of the display. I want to replace my phone but Amazon can't. What can I do ? Help ASAP.,0.11948694278660174,0.11948694278660174
golden_rep-1018235,1018235,golden_rep,logistic,message_only,en,hard,context_helpful,complaint,product_return_and_replacement,service_complaint_escalation,0,"@USER Now amazon starts blackmailing customers by sending wrong product and when return req. placed,They says ship prdct back by urself",0.10856396690288143,0.10856396690288143
golden_rep-1229460,1229460,golden_rep,logistic,message_only,en,hard,context_helpful,complaint,product_return_and_replacement,other_unclear,0,"Hey, @USER, this DVD is a fraud. It claims to be the lost 1917 Cleopatra but is really the 1912 version. URL",0.100261785998215,0.100261785998215
golden_rep-2484077,2484077,golden_rep,logistic,message_only,en,easy,self_contained,complaint,product_return_and_replacement,service_complaint_escalation,0,I payed good money for this cup that I received today in the post! I am deeply disappointed that it’s faulty #donotbuy @USER URL,0.1239740150412429,0.1239740150412429
golden_rep-345473,345473,golden_rep,logistic,message_only,en,hard,context_helpful,complaint,product_return_and_replacement,cancellation,0,Dear @USER You suck. We’ve had to replace one device already bc it keeps malfunctioning. The “new” one is malfunctioning too.,0.1183727292973785,0.1183727292973785
golden_rep-676899,676899,golden_rep,logistic,message_only,en,hard,context_helpful,complaint,product_return_and_replacement,refund_request,0,@USER why haven’t you fulfilled Lex Luthor’s order of a blue-ray copy of A league of their own? Amazon you have to stop doing an injustice to Lex he might start a league! #JusticeLeague,0.10263494372523346,0.10263494372523346
golden_rep-18706,18706,golden_rep,logistic,message_only,en,medium,context_helpful,support_request,refund_request,refund_request,1,@USER U kindly refund the amount back .. I have sent back the product and I demand a refund for the same .never had such dissaponments wit amazon,0.13121093463020422,0.13121093463020422
golden_rep-1436650,1436650,golden_rep,logistic,message_only,en,easy,self_contained,complaint,refund_request,refund_request,1,@USER shady service - trying to steal my money - promised a refund on delivery to hotel as didn't arrive as promised. Now told no refund!,0.2145244723802362,0.2145244723802362
golden_rep-2712534,2712534,golden_rep,logistic,message_only,en,medium,context_helpful,support_request,refund_request,refund_request,1,"This is the second time Prime Now has delivered an order with missing items, and I can't find a way to request a refund in the app.",0.11498268474813873,0.11498268474813873
golden_rep-1420491,1420491,golden_rep,logistic,message_only,en,medium,context_helpful,follow_up,refund_request,charge_issue,0,@USER Yes i have sent my details via the form. I have cancelled the product and dont want to be associated with amazon refund my money to my CC,0.11489323449998844,0.11489323449998844
golden_rep-915961,915961,golden_rep,logistic,message_only,en,medium,context_helpful,follow_up,refund_request,service_complaint_escalation,0,@USER how would you justify blocking a customer’s number who’s awaiting a refund?,0.14178595129020433,0.14178595129020433
golden_rep-2515914,2515914,golden_rep,logistic,message_only,en,medium,context_helpful,follow_up,refund_request,device_app_issue,0,"@USER Yes on all three orders, then you kept arguing with me about how it wasn’t your fault and how you don’t have the resources to refund my Prime membership",0.12237910693595003,0.12237910693595003
golden_rep-2217342,2217342,golden_rep,logistic,message_only,en,hard,context_helpful,complaint,refund_request,charge_issue,0,"@USER Yes, and now you are rejecting the claim but the seller is sketchy.",0.09201144089204394,0.09201144089204394
golden_rep-1893565,1893565,golden_rep,logistic,message_only,en,medium,context_helpful,follow_up,service_complaint_escalation,other_unclear,0,@USER Nope...never received a call,0.12209627149138283,0.12209627149138283
golden_rep-1763226,1763226,golden_rep,logistic,message_only,en,medium,context_helpful,complaint,service_complaint_escalation,device_app_issue,0,@USER Yes. I have also spent 8 hours on live chat.,0.11405716764420439,0.11405716764420439
golden_rep-2573750,2573750,golden_rep,logistic,message_only,en,medium,context_helpful,complaint,service_complaint_escalation,refund_request,0,"@USER I've checked all of my folders. Like I said, the number in that link is the exact one I have called five times. I'm a Prime member who has been locked from their account for three weeks and have had nothing visible done to remedy this.",0.10464274789430555,0.10464274789430555
golden_rep-1541879,1541879,golden_rep,logistic,message_only,en,medium,context_helpful,complaint,service_complaint_escalation,service_complaint_escalation,1,@USER Look your cust service people just emailed to say they couldn’t deal with me because my email isn’t recognised. So unhelpful,0.10248563899167634,0.10248563899167634
golden_rep-1415560,1415560,golden_rep,logistic,message_only,en,medium,context_helpful,complaint,service_complaint_escalation,service_complaint_escalation,1,"@USER Yes, I'm talking to a representative again but I'm still super disappointed.. The call I made last night with you guys was useless",0.10593798199572113,0.10593798199572113
golden_rep-334873,334873,golden_rep,logistic,message_only,en,medium,context_helpful,complaint,service_complaint_escalation,account_access,0,@USER 6 years of shopping and never had an issue with CS until tonight. 10 mins later and no reply. URL,0.10324607173213853,0.10324607173213853
golden_rep-272875,272875,golden_rep,logistic,message_only,en,medium,context_helpful,complaint,service_complaint_escalation,refund_request,0,"@USER I checked the link even on the desktop. There's no link given to contact support, that's why i am pinging you here.",0.09791834489090272,0.09791834489090272
golden_rep-1537572,1537572,golden_rep,logistic,message_only,en,medium,context_helpful,complaint,service_complaint_escalation,service_complaint_escalation,1,"3/ @USER WHY IS IT SO HARD TO REPORT A SHIPPING PROBLEM? Yesterday I got the ""chat is too slow, please call"" option. Why no message/email?",0.09498836381604178,0.09498836381604178
golden_rep-411902,411902,golden_rep,logistic,message_only,en,easy,self_contained,complaint,service_complaint_escalation,service_complaint_escalation,1,"I will NEVER use @USER @USER for my business ever again. Bad customer service, impolite, and impressionable",0.11632929338664458,0.11632929338664458
golden_rep-1588773,1588773,golden_rep,logistic,message_only,en,easy,self_contained,complaint,service_complaint_escalation,refund_request,0,"God damn it, but @USER is getting worse and worse and worse as time goes on. Maybe it's time to dump all @USER services and move on.",0.11529506730052742,0.11529506730052742
golden_rep-2353843,2353843,golden_rep,logistic,message_only,en,medium,context_helpful,complaint,service_complaint_escalation,delivery_delay,0,@USER I am sorry but I would like to receive a phone call &amp; have this matter resolved asap! I have phoned 5 times now &amp; every time I get nothing. I am £90 down on an error on your part. This has been going on for almost 3 weeks now &amp; it’s time for you to actually do something.,0.11145446143479533,0.11145446143479533
golden_rep-1136222,1136222,golden_rep,logistic,message_only,en,hard,context_helpful,complaint,service_complaint_escalation,other_unclear,0,@USER Already send and call to 50 tym no proper response from ur side.. My neice birthday on 17 oct. Fake commitment 405-8158996-7018755oredr id,0.11215190166522739,0.11215190166522739
golden_rep-1384189,1384189,golden_rep,logistic,message_only,en,easy,self_contained,complaint,service_complaint_escalation,service_complaint_escalation,1,"Bad experience , not a sense of customer Service or cost saving at all..... @USER #disappointed",0.18031579791268024,0.18031579791268024
golden_rep-1746071,1746071,golden_rep,logistic,message_only,en,medium,context_helpful,complaint,service_complaint_escalation,delivered_but_not_received,0,"@USER I don’t this information to be public, as it’s impossible to reach your customer care on phone. So either they should call me or reach item",0.11992039780227327,0.11992039780227327
golden_rep-390810,390810,golden_rep,logistic,message_only,en,hard,context_helpful,complaint,service_complaint_escalation,cancellation,0,@USER You must shut down your improper business. Now when the payment is done you're coming up with nasty excuses. Read the DM.,0.15742262235921511,0.15742262235921511
golden_rep-2151408,2151408,golden_rep,logistic,message_only,en,medium,context_helpful,complaint,service_complaint_escalation,order_status_query,0,@USER doesn't provide way to claim #gst input credit for Business purchases. Even if I am giving all details they are denying this basic,0.09264188489303696,0.09264188489303696
golden_rep-2216600,2216600,golden_rep,logistic,message_only,en,hard,context_helpful,complaint,service_complaint_escalation,service_complaint_escalation,1,@USER Dont trust Amazon India and @USER with any card cash back offers. They do not keep up to their promises!! Conveniently take 3 months so that customers forget about it!!! #FoolingPrimeCustomers,0.12562626615966652,0.12562626615966652
golden_rep-1250967,1250967,golden_rep,logistic,message_only,en,hard,context_helpful,complaint,service_complaint_escalation,delivered_wrong_location,0,"Super disappointed in @USER lately. Lost packages, multiple wrong charges. What's the point of being prime 🙄🤔",0.10890995378886038,0.10890995378886038
golden_rep-2447260,2447260,golden_rep,logistic,message_only,en,medium,context_helpful,complaint,service_complaint_escalation,refund_request,0,"@USER should only &amp; selectively use #USPS for certain deliveries since the majority of time your order isn't going to arrive as promised, thus defeating entire premise of #AmazonPrime This is about #logistics plain &amp; simple.",0.13466831045003194,0.13466831045003194
golden_rep-1179639,1179639,golden_rep,logistic,message_only,en,hard,context_helpful,complaint,service_complaint_escalation,service_complaint_escalation,1,@USER was told to wait. Called you today. Told item has NOT been put in locker then told it HAD. Your agents can't keep up with their own lies.,0.11564417521602884,0.11564417521602884
golden_rep-2245407,2245407,golden_rep,logistic,message_only,en,hard,context_helpful,complaint,service_complaint_escalation,charge_issue,0,@USER why my call gets dropped Kindly please check my call log and please take an appropriate actions Why my call dropped? In between URL,0.102230301583435,0.102230301583435
golden_rep-886169,886169,golden_rep,logistic,message_only,en,hard,context_helpful,complaint,service_complaint_escalation,other_unclear,0,@USER The email was terribly short with no direction expect “we left you a voice mail win instructions” and I had no voice mails!,0.08834157192940685,0.08834157192940685
golden_chal-2814438,2814438,golden_chal,logistic,message_only,es,hard,context_helpful,complaint,account_access,delivered_wrong_location,0,@USER Ya lo he intentado. Me llego un mail pidiendo que les envie un fax.. les mande el fax con el resumen de la tarjeta y mi cuenta continua bloqueada! NECESITO AYUDA @USER,0.17182696385666904,0.17182696385666904
golden_chal-2694949,2694949,golden_chal,logistic,message_only,en,hard,self_contained,complaint,account_access,delivery_delay,0,I tried @USER prime years ago for 30 days before the student offer or music service existed but now I'm unable to trial it but keeps being displayed on homepage.,0.10692194526216145,0.10692194526216145
golden_chal-519702,519702,golden_chal,logistic,message_only,en,hard,context_helpful,complaint,account_access,charge_issue,0,@USER I just want my psn codes so me and my friends can download and play a game tonight. After I get those I'll never bother you again.,0.10157536248459348,0.10157536248459348
golden_chal-2853614,2853614,golden_chal,logistic,message_only,en,easy,self_contained,support_request,cancellation,service_complaint_escalation,0,"@USER Hi, I made an order and it went straight to cancelled! How can I un-cancel? I bought these on blackfriday.",0.11790729818583841,0.11790729818583841
golden_chal-1955907,1955907,golden_chal,logistic,message_only,en,hard,context_required,follow_up,charge_issue,product_return_and_replacement,0,@USER URL,0.12252957084293294,0.12252957084293294
golden_chal-616914,616914,golden_chal,logistic,message_only,en,hard,context_helpful,follow_up,charge_issue,charge_issue,1,@USER Same card. Most orders are paid with gift vouchers. You say it’s because I’m buying others say it’s because I sell. No one can give me a straight answer. I currently have 4 £1 trans in my account.,0.10831349260320869,0.10831349260320869
golden_chal-197857,197857,golden_chal,logistic,message_only,en,hard,context_helpful,complaint,charge_issue,service_complaint_escalation,0,@USER It is your responsibility to bar sellers like these on your platform. An increase in 1300 rupees is criminal.,0.10799260877056789,0.10799260877056789
golden_chal-1845984,1845984,golden_chal,logistic,message_only,en,hard,context_helpful,follow_up,charge_issue,charge_issue,1,@USER But I have already activated the card?,0.1119111430752847,0.1119111430752847
golden_chal-1568158,1568158,golden_chal,logistic,message_only,en,hard,context_helpful,complaint,charge_issue,product_return_and_replacement,0,@USER And I have another one too this one's actual MRP is Rs. 525/ Frontech 700 MB 5001 FC BLANK CD-R- 50 Pcs URL,0.10434239598621976,0.10434239598621976
golden_chal-834216,834216,golden_chal,logistic,message_only,en,hard,context_helpful,clarification,delivered_but_not_received,product_return_and_replacement,0,@USER AMZL US,0.13906929536765844,0.13906929536765844
golden_chal-2798309,2798309,golden_chal,logistic,message_only,en,hard,context_required,follow_up,delivered_but_not_received,service_complaint_escalation,0,"@USER Sure, the thing is that I saw notified that my package arrived and this photo came with the notification. URL",0.12390625858563416,0.12390625858563416
golden_chal-689484,689484,golden_chal,logistic,message_only,en,medium,context_helpful,complaint,delivered_but_not_received,delivery_delay,0,Did @USER really just not deliver my package and instead of taking responsibilty they ask me to contact usps and file a police report!? Really? After years of being a prime member I am glad to have cancelled my membership smh,0.11541656805064145,0.11541656805064145
golden_chal-1242242,1242242,golden_chal,logistic,message_only,en,hard,context_helpful,complaint,delivered_but_not_received,service_complaint_escalation,0,@USER Your customer service is the worst first they investigated the wrong item then they thought I got someone else’s package now they say I,0.12802252519642796,0.12802252519642796
golden_chal-1578555,1578555,golden_chal,logistic,message_only,de,hard,context_helpful,complaint,delivered_wrong_location,none,0,@USER @USER Same here. Amazon hat mich auch im Stich gelassen heute :(,0.1050638485598671,0.1050638485598671
golden_chal-2284883,2284883,golden_chal,logistic,message_only,en,hard,context_helpful,complaint,delivered_wrong_location,refund_request,0,"@USER Wasn’t my order, it was my neighbors. No idea what his name is. Not trying to tattle. Just pointing out you aren’t hiring the best, most trustworthy people to justify the key service here.",0.12047540050113657,0.12047540050113657
golden_chal-2170818,2170818,golden_chal,logistic,message_only,en,hard,context_required,follow_up,delivery_delay,none,0,@USER @USER ??,0.14176573841066287,0.14176573841066287
golden_chal-842315,842315,golden_chal,logistic,message_only,fr,hard,context_helpful,clarification,delivery_delay,account_access,0,"@USER Transporteur : Amazon Logistics, n° de suivi CA0002376203",0.12000869362820048,0.12000869362820048
golden_chal-2171079,2171079,golden_chal,logistic,message_only,en,medium,self_contained,complaint,delivery_delay,delivery_delay,1,Sound een pre-ordering a game from @USER only to have it not show up when it's supposed to. Could have just went to the fucking shops for it if I knew it wasn't going to be delivered today 🙃,0.11102852583904034,0.11102852583904034
golden_chal-2785904,2785904,golden_chal,logistic,message_only,en,medium,context_helpful,complaint,delivery_delay,refund_request,0,"@USER No one seems sure. Cust service said ""hopefully"" it will arrive tomorrow.",0.12297023377926072,0.12297023377926072
golden_chal-1379340,1379340,golden_chal,logistic,message_only,it,medium,self_contained,support_request,device_app_issue,none,0,@USER @USER C'è speranza di avere l'app #PrimeVideo sul Sony UHP-H1?,0.13143034983650967,0.13143034983650967
golden_chal-227064,227064,golden_chal,logistic,message_only,ja,medium,self_contained,support_request,device_app_issue,order_status_query,0,AmazonリーディングってこれKindleのアプリからいけねぇのか？,0.10339468675972543,0.10339468675972543
golden_chal-1645512,1645512,golden_chal,logistic,message_only,en,hard,context_helpful,complaint,device_app_issue,delivered_wrong_location,0,@USER I'm having it on the full site and the mobile site on all browsers. I don't use the app. Shopping works...I just can't buy.,0.09946808313031143,0.09946808313031143
golden_chal-2497106,2497106,golden_chal,logistic,message_only,en,medium,context_helpful,complaint,device_app_issue,none,0,"@USER @USER @USER @USER @USER @USER @USER @USER @USER Given that the app is launched in India, I was hoping that English(India) language would also be available to choose 😕",0.11744879603915283,0.11744879603915283
golden_chal-487688,487688,golden_chal,logistic,message_only,fr,medium,context_helpful,acknowledgement,none,account_access,0,"Mieux vaut tard que jamais... Commandé dimanche avec #AmazonPrime, reçu vendredi avec @USER! Cc @USER URL",0.15959607655765023,0.15959607655765023
golden_chal-1451501,1451501,golden_chal,logistic,message_only,pt,medium,context_helpful,acknowledgement,none,charge_issue,0,"@USER Como foi minha primeira compra, eu comprei 2 (use a cabeça c E linux a bíblia), mas já estou fazendo a lista das próximas compras",0.11364750634541701,0.11364750634541701
golden_chal-787658,787658,golden_chal,logistic,message_only,es,medium,context_helpful,acknowledgement,none,none,1,@USER ¡Gracias todo resuelto!,0.0918560622950873,0.0918560622950873
golden_chal-893308,893308,golden_chal,logistic,message_only,pt,hard,context_helpful,unknown,none,none,1,"Atualizando meu @USER e quais são meus maiores gastos do mês? Sim meus caros, @USER , claro.",0.09982565358394932,0.09982565358394932
golden_chal-2254596,2254596,golden_chal,logistic,message_only,it,easy,context_helpful,acknowledgement,none,product_return_and_replacement,0,"@USER Grazie, buonanotte 😊",0.13906929536765844,0.13906929536765844
golden_chal-426141,426141,golden_chal,logistic,message_only,es,medium,self_contained,acknowledgement,none,charge_issue,0,"Cualquier día antes de que decida en pedir algo en @USER ,me ha llegado Dios que velocidad 😃😃",0.12828118967703755,0.12828118967703755
golden_chal-816342,816342,golden_chal,logistic,message_only,it,hard,self_contained,unknown,none,product_return_and_replacement,0,#AmazonIndia URL,0.17491924658121968,0.17491924658121968
golden_chal-2586341,2586341,golden_chal,logistic,message_only,ja,medium,self_contained,acknowledgement,none,order_status_query,0,アマゾンプライムミュージック入れたが、ペルソナだけで年会費の価値超えててすげぇ……,0.10339468675972543,0.10339468675972543
golden_chal-365605,365605,golden_chal,logistic,message_only,fr,medium,context_helpful,acknowledgement,none,product_return_and_replacement,0,"@USER je viens de recevoir, désolé pour le dérangement",0.13504720869533246,0.13504720869533246
golden_chal-2472354,2472354,golden_chal,logistic,message_only,ja,medium,context_helpful,acknowledgement,none,product_return_and_replacement,0,@USER これから特典たくさん利用したいと思ってます！ わざわざリプライありがとうございます！☺️,0.13906929536765844,0.13906929536765844
golden_chal-1033752,1033752,golden_chal,logistic,message_only,de,medium,context_helpful,acknowledgement,none,device_app_issue,0,"@USER Genau JETZT kam die Mail, dass mein Paket gleich ankommt. 👍 Danke für den tollen Kundenservice und die immer zügigen Antworten!",0.09792273145516998,0.09792273145516998
golden_chal-1738390,1738390,golden_chal,logistic,message_only,ja,medium,self_contained,acknowledgement,none,product_return_and_replacement,0,Amazonで頼んだやつ来たーーー！！ 😈ｷﾞﾗﾝ そして俺の姉達はもうクリスマス🎅気分w←ついこの間ハロウィン🎃終わったばかりなのに､､､ww URL,0.17491924658121968,0.17491924658121968
golden_chal-2151072,2151072,golden_chal,logistic,message_only,ja,easy,context_helpful,acknowledgement,none,product_return_and_replacement,0,@USER あ、ありがとうございます🙇‍♀️,0.13906929536765844,0.13906929536765844
golden_chal-1130527,1130527,golden_chal,logistic,message_only,en,hard,context_helpful,support_request,order_status_query,account_info_update,0,@USER Invoice no: TN-MAA4-__credit_card__,0.13340467794015004,0.13340467794015004
golden_chal-2149534,2149534,golden_chal,logistic,message_only,en,hard,context_helpful,complaint,order_status_query,refund_request,0,"@USER Ok but when placing an order, your site always tells you if the item is eligible for P.O. box delivery or not. My order was processed and went through with no issues",0.10254628999356812,0.10254628999356812
golden_chal-2609965,2609965,golden_chal,logistic,message_only,fr,hard,context_helpful,complaint,other_unclear,account_access,0,Bonjour @USER je viens de recevoir mon colis que j’avais demandé à être envoyé dans un colis Amazon pour cacher les informations du produit or ce n’est pas le cas. Pourquoi ? Amazon de moins en moins satisfaisant...,0.11350551420128836,0.11350551420128836
golden_chal-2909124,2909124,golden_chal,logistic,message_only,en,hard,context_helpful,complaint,other_unclear,service_complaint_escalation,0,I love @USER but really?? You mailed this at Christmas without putting it in a plain box???? My kids saw it outside when they got off the bus! #christmasruined URL,0.09175405901395796,0.09175405901395796
golden_chal-582649,582649,golden_chal,logistic,message_only,en,hard,context_helpful,follow_up,product_return_and_replacement,product_return_and_replacement,1,@USER *occassion,0.13906929536765844,0.13906929536765844
golden_chal-835153,835153,golden_chal,logistic,message_only,en,easy,self_contained,complaint,product_return_and_replacement,delivery_delay,0,I bought a captain America T-shirt from @USER and they sent me Rupa baniyan #AccheDin ? @USER URL,0.0900297638374806,0.0900297638374806
golden_chal-2679197,2679197,golden_chal,logistic,message_only,en,hard,context_required,follow_up,product_return_and_replacement,service_complaint_escalation,0,@USER @USER Amazon is not supposed to take returns of our item. Did they replace it for you?,0.11613178906737157,0.11613178906737157
golden_chal-694411,694411,golden_chal,logistic,message_only,en,medium,context_helpful,follow_up,product_return_and_replacement,service_complaint_escalation,0,@USER I did !! Request you to please give me the email address on which i can fwd you the video.,0.11282803559883862,0.11282803559883862
golden_chal-972720,972720,golden_chal,logistic,message_only,en,hard,context_required,follow_up,refund_request,refund_request,1,"#KaroMilkeTayyari for superb discounts on superb brands at #AmazonGreatIndianFestival. Ready with your wish-lists? Hurry, only 3 days to go. URL",0.15259468598568807,0.15259468598568807
golden_chal-232399,232399,golden_chal,logistic,message_only,fr,medium,self_contained,complaint,service_complaint_escalation,none,0,En fait #Amazonprime c'est surtout de la merde non? Ça existe un livreur qui fait son taf à Paris ou c'est une utopie? @USER @USER,0.09506572633197453,0.09506572633197453
golden_chal-102915,102915,golden_chal,logistic,message_only,en,medium,context_helpful,complaint,service_complaint_escalation,product_return_and_replacement,0,@USER And this is your TR customer: URL,0.13118669977815095,0.13118669977815095
golden_chal-2747122,2747122,golden_chal,logistic,message_only,en,easy,self_contained,complaint,service_complaint_escalation,service_complaint_escalation,1,Is it just me or has anyone else noticed that the @USER customer service has decreased recently?! They can barely speak English and I'm convinced I'm talking to a computer due to their automated responses.,0.19452889020797984,0.19452889020797984
golden_chal-2521823,2521823,golden_chal,logistic,message_only,en,easy,self_contained,complaint,service_complaint_escalation,service_complaint_escalation,1,@USER Wow each email I get is worse. Clearly no one actually reads what you write to customer services!!,0.11723261214136807,0.11723261214136807
golden_chal-1323314,1323314,golden_chal,logistic,message_only,en,medium,context_helpful,complaint,service_complaint_escalation,delivered_but_not_received,0,@USER Look what reply we get when we complain to Amazon..... URL,0.09640240108830869,0.09640240108830869
test-535015,535015,test,svm,message_only,en,medium,context_helpful,complaint,delivery_delay,delivered_but_not_received,0,@USER @USER Ok...then 1. why on Friday it was updated thru sms that courier attempt failed as customer not available 2. Why on Saturday it was told that I will get my courier on Saturday itself but still not delivered ?,,
test-2837028,2837028,test,svm,message_only,pt,medium,self_contained,complaint,product_return_and_replacement,account_access,0,"@USER eu estou decepcionada com a amazon, vcs vendem livros sem ao menos dar um aviso prévio de que o livro é versão econômica!! nunca mais compro com vcs.",,
test-407498,407498,test,svm,message_only,en,easy,self_contained,complaint,delivery_delay,service_complaint_escalation,0,@USER why do y'all hate me? I haven't gotten a single thing on time??,,
test-351165,351165,test,svm,message_only,ja,medium,self_contained,complaint,none,order_status_query,0,一番ぐぬぬぬしてるのが、密林用意の密林発送なのに、代引きコンビニ支払い不可で、クレ払いのみってやつがぐぬぬぬぬぬぬしてる(クレカは持たない主義) いちいちギフカ買うのめんどくさいよ〜〜〜,,
test-783437,783437,test,svm,message_only,en,easy,self_contained,support_request,delivered_but_not_received,delivery_delay,0,@USER i got the notification that I received my package but i did not and I waited an hour and nothing has came yet!,,
test-411435,411435,test,svm,message_only,en,medium,self_contained,complaint,cancellation,none,0,I searched a book on amazon and it just automatically bought it wtf,,
test-1106537,1106537,test,svm,message_only,en,medium,self_contained,complaint,delivery_delay,refund_request,0,@USER should b like #AmazonPrimeNEVER. Order placed 4 hrs ago &amp; watched driver go opposite direction while in 'hood. #inept #shame,,
test-619219,619219,test,svm,message_only,es,medium,context_helpful,complaint,delivery_delay,account_access,0,"@USER Mañana, pero eso son 8 días después de realizar el pedido. Con estos plazos no creo que cambie mi compra en supermercado por Pantry",,
test-132555,132555,test,svm,message_only,de,easy,self_contained,complaint,delivery_delay,charge_issue,0,"@USER Heute versandt, Dienstag geliefert? Früher wart ihr bei Prime-Versand mal schneller... :-( URL",,
test-1380925,1380925,test,svm,message_only,en,medium,self_contained,complaint,delivery_delay,delivery_delay,1,@USER What's d big idea behind Amazon Prime's promise of 1 day delivery.? While ordering it says 3-4 days for delivery. #Disappointed.,,
test-2616364,2616364,test,svm,message_only,en,easy,self_contained,unknown,none,delivered_but_not_received,0,@USER will OnePlus 5T have No Cost EMI as payment option on @USER,,
test-2089262,2089262,test,svm,message_only,ja,easy,self_contained,acknowledgement,none,account_access,0,Amazon仕事早ーい(笑)(。-∀-)姪っ子ちゃんらのクリスマスプレゼントもうきた(笑)(。-∀-)🎄🎅🎁✨ URL,,
test-2830752,2830752,test,svm,message_only,en,easy,self_contained,complaint,service_complaint_escalation,service_complaint_escalation,1,@USER worst customer service __email__.,,
test-470156,470156,test,svm,message_only,en,easy,self_contained,complaint,none,none,1,"Dear @USER, today is Friday. You really don't need to keep sending cyber Monday emails. Thank you, The World.",,
test-1466972,1466972,test,svm,message_only,en,medium,context_helpful,complaint,delivery_delay,delivery_delay,1,"@USER I was told it was a amazon carrier! But the fact that I received a email on Wednesday to say my parcel was out for delivery and would be there by 8pm that day to now be into Saturday and to now be told oh sorry we don’t know where the parcel is, is an absolute joke!",,
test-271574,271574,test,svm,message_only,ja,medium,context_helpful,complaint,product_return_and_replacement,product_return_and_replacement,1,@USER お仕事ご苦労さまです。 返品申し込みをさせて頂きました。 完全な誤商品というよりは商品ページの記載に問題があるのでは？という気がしておりますが、返品しますのでまあもういいかなという感じです。今日使いたかったので不信感で腹が立ってしまいました。 わざわざリプありがとうございました。,,
test-234234,234234,test,svm,message_only,es,medium,self_contained,unknown,none,delivered_but_not_received,0,@USER Sí lo he hecho. Pero hay preguntas de clientes respondidas hace años por el propio vendedor y la información en la ficha sigue mal,,
test-2520585,2520585,test,svm,message_only,ja,easy,self_contained,acknowledgement,none,account_access,0,プライムはいりますたw glee cast 聴き放題なの嬉しい！！ URL,,
test-897110,897110,test,svm,message_only,en,hard,context_required,clarification,service_complaint_escalation,charge_issue,0,@USER I just sent the requested details through my mail to __email__,,
test-576056,576056,test,svm,message_only,en,easy,self_contained,acknowledgement,none,device_app_issue,0,Shout out to the #Boston @USER @USER and @USER for the beautiful wreath! Brought it home to surprise my wife and it smelled amazing when I opened the box and she loved it! #Winning #TreasureTruck URL,,
test-1548344,1548344,test,svm,message_only,en,hard,context_required,clarification,none,charge_issue,0,"@USER Yes, I have.",,
test-2093938,2093938,test,svm,message_only,hi,hard,self_contained,complaint,charge_issue,none,0,@USER @USER @USER @USER 2000रूपये के लिए यह कंपनी बेईमानी धोखेबाजी कर लेती हे ऐसी तुछ ओछी हरकत मेरे साथ हुई हे मुझे अबreorderकरने के लिए कहा जा रहा हे ताकि मुझे अब10999की जगह12999देने पड़ेंगे इसी सोचीसमझी साजिस के तहत मेरेorderको बीच रास्ते से return कर लिया था ? URL,,
test-2813544,2813544,test,svm,message_only,en,easy,self_contained,complaint,delivered_wrong_location,delivery_delay,0,My @USER package was stolen today..,,
test-179430,179430,test,svm,message_only,en,hard,context_required,support_request,other_unclear,other_unclear,1,@USER I need an urgent help??,,
test-2162437,2162437,test,svm,message_only,en,medium,self_contained,complaint,product_return_and_replacement,delivery_delay,0,@USER you guys damage a package in transit &amp; then ask me to reorder the whole thing &amp; wait for another 10 days for delivery?!,,
test-2942015,2942015,test,svm,message_only,en,medium,self_contained,unknown,cancellation,delivery_delay,0,"@USER @USER I've bought a G5s Plus already for a family member. Will my order, if placed, for another one for personal use be cancelled now?",,
test-414010,414010,test,svm,message_only,ja,easy,self_contained,complaint,delivery_delay,order_status_query,0,Amazonで頼んだやつかれこれ２週間待ってる( ˙-˙ )←遅いなぁ....,,
test-1308262,1308262,test,svm,message_only,en,medium,self_contained,complaint,delivered_wrong_location,other_unclear,0,What the heck is this @USER. Inexcusable! Packages from other floors in my office building just sitting there in the hallway of 4th floor URL,,
test-2939131,2939131,test,svm,message_only,de,medium,context_helpful,unknown,none,order_status_query,0,"@USER Ist ein Kontakt auch als Firmenkunde möglich wenn man nicht der eingetragene Ansprechpartner, sondern nur ausführender Sachbearbeiter ist?",,
test-1968370,1968370,test,svm,message_only,en,medium,context_helpful,complaint,cancellation,account_access,0,@USER My order showing cancelled...What the hell?,,
val-71873,71873,val,svm,message_only,en,hard,context_helpful,complaint,service_complaint_escalation,refund_request,0,"@USER @USER @USER @USER @USER No Resolution yet. Haha, I am getting a email on 1st December 2017 for an pickup of 28th November. For Amazon time will go in reverse and they will come to me on 28th November 2017 for pickup. #greatfun URL",,
val-471605,471605,val,svm,message_only,ja,easy,self_contained,complaint,delivered_wrong_location,order_status_query,0,Amazonで北海道に荷物頼んだらなぜか島根県へと配送されていた…,,
val-1655018,1655018,val,svm,message_only,en,hard,context_required,clarification,none,other_unclear,0,@USER tell me what detail do you need? URL,,
val-218049,218049,val,svm,message_only,en,medium,self_contained,support_request,device_app_issue,none,0,Why can't I pre order @USER @USER on @USER app the @USER one isn't showing up #Wrestling #2K18 #XBoxOne,,
val-2828095,2828095,val,svm,message_only,fr,easy,self_contained,complaint,product_return_and_replacement,product_return_and_replacement,1,@USER Je viens de recevoir un colis et le livre est arrivé en mauvais état. Est ce normal ? @USER URL,,
val-719853,719853,val,svm,message_only,en,easy,self_contained,acknowledgement,none,delivery_delay,0,good job @USER URL,,
val-1103613,1103613,val,svm,message_only,en,easy,self_contained,complaint,delivered_but_not_received,delivery_delay,0,why would @USER say the package was delivered if it wasn't?,,
val-2472404,2472404,val,svm,message_only,en,easy,self_contained,support_request,product_return_and_replacement,refund_request,0,"@USER hi there! i've got two items to return, and the amazon locker reservation time on one of them has expired- can i just put them both in one box in the locker space i still have available? if not, how do i go about getting a new locker space reservation? thanks!",,
val-437366,437366,val,svm,message_only,en,easy,self_contained,complaint,delivered_wrong_location,delivery_delay,0,@USER My Mobile delivered to someone else.Waste of choosing 2day delivery.No response from CustomerCare.Feeling insecure to pay online,,
val-980000,980000,val,svm,message_only,ja,medium,context_helpful,unknown,none,product_return_and_replacement,0,@USER メルアドを登録し忘れててたのですが コンビニで支払う11桁の支払番号は 注文履歴で確認することはできますか？,,
val-2567029,2567029,val,svm,message_only,en,easy,self_contained,complaint,none,other_unclear,0,Ordered a Christmas brooch from @USER for same day posting...came literally after i've had my dinner. My only complaint is...why does the package box need to be so big? Thought we were trying to save the environment. URL,,
val-1780206,1780206,val,svm,message_only,en,easy,self_contained,unknown,none,refund_request,0,@USER Is there a way to restrict one amazon echo to one specific person in the household?,,
val-2360502,2360502,val,svm,message_only,en,hard,context_required,follow_up,none,delivery_delay,0,@USER I've shared my contact details and the problems which I faced (In detail). Waiting for your response... URL,,
val-1394424,1394424,val,svm,message_only,en,hard,self_contained,complaint,other_unclear,refund_request,0,"@USER @USER Order# 407-8361283-2219545 . Your delivery agent telephoned us and asked to ""come and collect the parcel """,,
val-2416355,2416355,val,svm,message_only,en,medium,self_contained,complaint,service_complaint_escalation,refund_request,0,@USER &amp; @USER I had to struggle a lot to find the option to contact/chat regarding my order. Not a user friendly experience :(,,
val-167910,167910,val,svm,message_only,fr,easy,self_contained,unknown,none,delivery_delay,0,"@USER Entre nous, la Switch ne descendra pas en dessous de 292€, même pour le black friday ou le cyber monday, pas vrai? Que je sache si je dois me jeter dessus maintenant et prendre les jeux en boutique (cheques cadeaux ftw!)",,
val-2208276,2208276,val,svm,message_only,en,hard,context_required,follow_up,delivery_delay,none,0,"@USER @USER Happened to me, too. Gotta wait until the 13th to play it.",,
val-502468,502468,val,svm,message_only,es,easy,self_contained,unknown,none,delivered_but_not_received,0,"Ey @USER, estaría bien que tanto en la app como en la web tuviérais un apartado de novedades, para ver lo que vais incluyendo en vuestro catálogo. Da cosa enterarse por otras personas o por casualidad.",,
val-2596396,2596396,val,svm,message_only,en,medium,context_helpful,complaint,service_complaint_escalation,product_return_and_replacement,0,@USER Alrdy done,,
val-858760,858760,val,svm,message_only,en,easy,self_contained,complaint,service_complaint_escalation,delivered_but_not_received,0,"As an event design company, we spend $$$ with @USER every year. Why can't we post reviews &amp; ask questions in the @USER community. Sick of waiting for your Call! FIX IT!",,
val-764802,764802,val,svm,message_only,en,medium,self_contained,complaint,delivered_wrong_location,delivery_delay,0,"Dear twatty courier for @USER who thought it would be a good idea to leave my uni books in cardboard in the rain, you're an utter wanker.",,
val-2516925,2516925,val,svm,message_only,ja,medium,self_contained,complaint,device_app_issue,product_return_and_replacement,0,@USER iPadのwebからほしい物リストに追加すると勝手に買い物かごに追加されてしまいます。ブラウザはchromeです。修正お願いします。,,
val-275517,275517,val,svm,message_only,ja,easy,self_contained,acknowledgement,none,account_access,0,Amazon届いた⋆⸜(* ॑꒳ ॑* )⸝ﾋﾟｮﾝﾋﾟｮﾝ 買いまくってしまったイエベ秋似合うという化粧品⋆⸜(* ॑꒳ ॑* )⸝ﾋﾟｮﾝﾋﾟｮﾝ とずっと気になってたケイトのブルーグロス⋆⸜(* ॑꒳ ॑* )⸝ﾋﾟｮﾝﾋﾟｮﾝ URL,,
val-2571862,2571862,val,svm,message_only,en,easy,context_helpful,acknowledgement,none,none,1,@USER Will do. Thanks.,,
val-204928,204928,val,svm,message_only,ja,easy,context_helpful,acknowledgement,none,account_access,0,Amazonプライムミュージックにドリカムが入ってるのを発見！JBLに繋いで大音量でお掃除♪♪♪ URL,,
val-840845,840845,val,svm,message_only,ja,hard,self_contained,complaint,product_return_and_replacement,order_status_query,0,アマゾンで頼んだバラストが初期不良で新しい物を送ってくれって言ったら中国直送で2週間かかるとか言われたんだけど、 そろそろかなと思って確認しに行ったら受取人不明で返送されたとか言われたんだけど どうしてくれる（怒）,,
val-1453811,1453811,val,svm,message_only,de,medium,self_contained,follow_up,delivery_delay,order_status_query,0,"@USER hallo, Paket sollte gestern (Feiertag) zugestellt worden sein. Ortung des Pakets ist ca 40-50 km von mir weg. Was kann ich tun?",,
val-2052149,2052149,val,svm,message_only,en,easy,self_contained,acknowledgement,none,none,1,@USER Done! Thanks,,
val-382580,382580,val,svm,message_only,fr,medium,self_contained,follow_up,delivered_but_not_received,product_return_and_replacement,0,Énième souci avec une commande @USER dont le colis a été retourné à l’expéditeur suite à une erreur de tri. Cmt vous contacter ?,,
val-215983,215983,val,svm,message_only,en,easy,self_contained,acknowledgement,none,none,1,@USER Just wanted to say thank you for your fast responses. Amazon is the best.,,
golden_all-2814438,2814438,golden_all,svm,message_only,es,hard,context_helpful,complaint,account_access,delivered_wrong_location,0,@USER Ya lo he intentado. Me llego un mail pidiendo que les envie un fax.. les mande el fax con el resumen de la tarjeta y mi cuenta continua bloqueada! NECESITO AYUDA @USER,,
golden_all-2694949,2694949,golden_all,svm,message_only,en,hard,self_contained,complaint,account_access,delivery_delay,0,I tried @USER prime years ago for 30 days before the student offer or music service existed but now I'm unable to trial it but keeps being displayed on homepage.,,
golden_all-519702,519702,golden_all,svm,message_only,en,hard,context_helpful,complaint,account_access,charge_issue,0,@USER I just want my psn codes so me and my friends can download and play a game tonight. After I get those I'll never bother you again.,,
golden_all-2853614,2853614,golden_all,svm,message_only,en,easy,self_contained,support_request,cancellation,service_complaint_escalation,0,"@USER Hi, I made an order and it went straight to cancelled! How can I un-cancel? I bought these on blackfriday.",,
golden_all-1955907,1955907,golden_all,svm,message_only,en,hard,context_required,follow_up,charge_issue,delivery_delay,0,@USER URL,,
golden_all-616914,616914,golden_all,svm,message_only,en,hard,context_helpful,follow_up,charge_issue,charge_issue,1,@USER Same card. Most orders are paid with gift vouchers. You say it’s because I’m buying others say it’s because I sell. No one can give me a straight answer. I currently have 4 £1 trans in my account.,,
golden_all-197857,197857,golden_all,svm,message_only,en,hard,context_helpful,complaint,charge_issue,none,0,@USER It is your responsibility to bar sellers like these on your platform. An increase in 1300 rupees is criminal.,,
golden_all-1845984,1845984,golden_all,svm,message_only,en,hard,context_helpful,follow_up,charge_issue,charge_issue,1,@USER But I have already activated the card?,,
golden_all-1568158,1568158,golden_all,svm,message_only,en,hard,context_helpful,complaint,charge_issue,product_return_and_replacement,0,@USER And I have another one too this one's actual MRP is Rs. 525/ Frontech 700 MB 5001 FC BLANK CD-R- 50 Pcs URL,,
golden_all-834216,834216,golden_all,svm,message_only,en,hard,context_helpful,clarification,delivered_but_not_received,product_return_and_replacement,0,@USER AMZL US,,
golden_all-2798309,2798309,golden_all,svm,message_only,en,hard,context_required,follow_up,delivered_but_not_received,service_complaint_escalation,0,"@USER Sure, the thing is that I saw notified that my package arrived and this photo came with the notification. URL",,
golden_all-689484,689484,golden_all,svm,message_only,en,medium,context_helpful,complaint,delivered_but_not_received,delivery_delay,0,Did @USER really just not deliver my package and instead of taking responsibilty they ask me to contact usps and file a police report!? Really? After years of being a prime member I am glad to have cancelled my membership smh,,
golden_all-1242242,1242242,golden_all,svm,message_only,en,hard,context_helpful,complaint,delivered_but_not_received,service_complaint_escalation,0,@USER Your customer service is the worst first they investigated the wrong item then they thought I got someone else’s package now they say I,,
golden_all-1578555,1578555,golden_all,svm,message_only,de,hard,context_helpful,complaint,delivered_wrong_location,none,0,@USER @USER Same here. Amazon hat mich auch im Stich gelassen heute :(,,
golden_all-2284883,2284883,golden_all,svm,message_only,en,hard,context_helpful,complaint,delivered_wrong_location,refund_request,0,"@USER Wasn’t my order, it was my neighbors. No idea what his name is. Not trying to tattle. Just pointing out you aren’t hiring the best, most trustworthy people to justify the key service here.",,
golden_all-2170818,2170818,golden_all,svm,message_only,en,hard,context_required,follow_up,delivery_delay,none,0,@USER @USER ??,,
golden_all-842315,842315,golden_all,svm,message_only,fr,hard,context_helpful,clarification,delivery_delay,account_access,0,"@USER Transporteur : Amazon Logistics, n° de suivi CA0002376203",,
golden_all-2171079,2171079,golden_all,svm,message_only,en,medium,self_contained,complaint,delivery_delay,delivery_delay,1,Sound een pre-ordering a game from @USER only to have it not show up when it's supposed to. Could have just went to the fucking shops for it if I knew it wasn't going to be delivered today 🙃,,
golden_all-2785904,2785904,golden_all,svm,message_only,en,medium,context_helpful,complaint,delivery_delay,refund_request,0,"@USER No one seems sure. Cust service said ""hopefully"" it will arrive tomorrow.",,
golden_all-1379340,1379340,golden_all,svm,message_only,it,medium,self_contained,support_request,device_app_issue,none,0,@USER @USER C'è speranza di avere l'app #PrimeVideo sul Sony UHP-H1?,,
golden_all-227064,227064,golden_all,svm,message_only,ja,medium,self_contained,support_request,device_app_issue,order_status_query,0,AmazonリーディングってこれKindleのアプリからいけねぇのか？,,
golden_all-1645512,1645512,golden_all,svm,message_only,en,hard,context_helpful,complaint,device_app_issue,delivered_wrong_location,0,@USER I'm having it on the full site and the mobile site on all browsers. I don't use the app. Shopping works...I just can't buy.,,
golden_all-2497106,2497106,golden_all,svm,message_only,en,medium,context_helpful,complaint,device_app_issue,none,0,"@USER @USER @USER @USER @USER @USER @USER @USER @USER Given that the app is launched in India, I was hoping that English(India) language would also be available to choose 😕",,
golden_all-487688,487688,golden_all,svm,message_only,fr,medium,context_helpful,acknowledgement,none,account_access,0,"Mieux vaut tard que jamais... Commandé dimanche avec #AmazonPrime, reçu vendredi avec @USER! Cc @USER URL",,
golden_all-1451501,1451501,golden_all,svm,message_only,pt,medium,context_helpful,acknowledgement,none,charge_issue,0,"@USER Como foi minha primeira compra, eu comprei 2 (use a cabeça c E linux a bíblia), mas já estou fazendo a lista das próximas compras",,
golden_all-787658,787658,golden_all,svm,message_only,es,medium,context_helpful,acknowledgement,none,account_info_update,0,@USER ¡Gracias todo resuelto!,,
golden_all-893308,893308,golden_all,svm,message_only,pt,hard,context_helpful,unknown,none,charge_issue,0,"Atualizando meu @USER e quais são meus maiores gastos do mês? Sim meus caros, @USER , claro.",,
golden_all-2254596,2254596,golden_all,svm,message_only,it,easy,context_helpful,acknowledgement,none,product_return_and_replacement,0,"@USER Grazie, buonanotte 😊",,
golden_all-426141,426141,golden_all,svm,message_only,es,medium,self_contained,acknowledgement,none,charge_issue,0,"Cualquier día antes de que decida en pedir algo en @USER ,me ha llegado Dios que velocidad 😃😃",,
golden_all-816342,816342,golden_all,svm,message_only,it,hard,self_contained,unknown,none,account_access,0,#AmazonIndia URL,,
golden_all-2586341,2586341,golden_all,svm,message_only,ja,medium,self_contained,acknowledgement,none,order_status_query,0,アマゾンプライムミュージック入れたが、ペルソナだけで年会費の価値超えててすげぇ……,,
golden_all-365605,365605,golden_all,svm,message_only,fr,medium,context_helpful,acknowledgement,none,product_return_and_replacement,0,"@USER je viens de recevoir, désolé pour le dérangement",,
golden_all-2472354,2472354,golden_all,svm,message_only,ja,medium,context_helpful,acknowledgement,none,product_return_and_replacement,0,@USER これから特典たくさん利用したいと思ってます！ わざわざリプライありがとうございます！☺️,,
golden_all-1033752,1033752,golden_all,svm,message_only,de,medium,context_helpful,acknowledgement,none,device_app_issue,0,"@USER Genau JETZT kam die Mail, dass mein Paket gleich ankommt. 👍 Danke für den tollen Kundenservice und die immer zügigen Antworten!",,
golden_all-1738390,1738390,golden_all,svm,message_only,ja,medium,self_contained,acknowledgement,none,account_access,0,Amazonで頼んだやつ来たーーー！！ 😈ｷﾞﾗﾝ そして俺の姉達はもうクリスマス🎅気分w←ついこの間ハロウィン🎃終わったばかりなのに､､､ww URL,,
golden_all-2151072,2151072,golden_all,svm,message_only,ja,easy,context_helpful,acknowledgement,none,product_return_and_replacement,0,@USER あ、ありがとうございます🙇‍♀️,,
golden_all-1130527,1130527,golden_all,svm,message_only,en,hard,context_helpful,support_request,order_status_query,delivered_but_not_received,0,@USER Invoice no: TN-MAA4-__credit_card__,,
golden_all-2149534,2149534,golden_all,svm,message_only,en,hard,context_helpful,complaint,order_status_query,delivered_but_not_received,0,"@USER Ok but when placing an order, your site always tells you if the item is eligible for P.O. box delivery or not. My order was processed and went through with no issues",,
golden_all-2609965,2609965,golden_all,svm,message_only,fr,hard,context_helpful,complaint,other_unclear,account_access,0,Bonjour @USER je viens de recevoir mon colis que j’avais demandé à être envoyé dans un colis Amazon pour cacher les informations du produit or ce n’est pas le cas. Pourquoi ? Amazon de moins en moins satisfaisant...,,
golden_all-2909124,2909124,golden_all,svm,message_only,en,hard,context_helpful,complaint,other_unclear,charge_issue,0,I love @USER but really?? You mailed this at Christmas without putting it in a plain box???? My kids saw it outside when they got off the bus! #christmasruined URL,,
golden_all-582649,582649,golden_all,svm,message_only,en,hard,context_helpful,follow_up,product_return_and_replacement,product_return_and_replacement,1,@USER *occassion,,
golden_all-835153,835153,golden_all,svm,message_only,en,easy,self_contained,complaint,product_return_and_replacement,service_complaint_escalation,0,I bought a captain America T-shirt from @USER and they sent me Rupa baniyan #AccheDin ? @USER URL,,
golden_all-2679197,2679197,golden_all,svm,message_only,en,hard,context_required,follow_up,product_return_and_replacement,none,0,@USER @USER Amazon is not supposed to take returns of our item. Did they replace it for you?,,
golden_all-694411,694411,golden_all,svm,message_only,en,medium,context_helpful,follow_up,product_return_and_replacement,service_complaint_escalation,0,@USER I did !! Request you to please give me the email address on which i can fwd you the video.,,
golden_all-972720,972720,golden_all,svm,message_only,en,hard,context_required,follow_up,refund_request,refund_request,1,"#KaroMilkeTayyari for superb discounts on superb brands at #AmazonGreatIndianFestival. Ready with your wish-lists? Hurry, only 3 days to go. URL",,
golden_all-232399,232399,golden_all,svm,message_only,fr,medium,self_contained,complaint,service_complaint_escalation,none,0,En fait #Amazonprime c'est surtout de la merde non? Ça existe un livreur qui fait son taf à Paris ou c'est une utopie? @USER @USER,,
golden_all-102915,102915,golden_all,svm,message_only,en,medium,context_helpful,complaint,service_complaint_escalation,product_return_and_replacement,0,@USER And this is your TR customer: URL,,
golden_all-2747122,2747122,golden_all,svm,message_only,en,easy,self_contained,complaint,service_complaint_escalation,service_complaint_escalation,1,Is it just me or has anyone else noticed that the @USER customer service has decreased recently?! They can barely speak English and I'm convinced I'm talking to a computer due to their automated responses.,,
golden_all-2521823,2521823,golden_all,svm,message_only,en,easy,self_contained,complaint,service_complaint_escalation,service_complaint_escalation,1,@USER Wow each email I get is worse. Clearly no one actually reads what you write to customer services!!,,
golden_all-1323314,1323314,golden_all,svm,message_only,en,medium,context_helpful,complaint,service_complaint_escalation,delivered_but_not_received,0,@USER Look what reply we get when we complain to Amazon..... URL,,
golden_all-1912145,1912145,golden_all,svm,message_only,en,medium,context_helpful,support_request,account_access,service_complaint_escalation,0,@USER - I am unable to order gifts for my husband or son because you display all purchases. Is there a way to secretly purchase so they can't see it? Maybe a password at a purchase level ?,,
golden_all-179205,179205,golden_all,svm,message_only,en,easy,context_helpful,complaint,account_access,delivery_delay,0,@USER Read the previous tweets - I can’t log in! This has been going on for a day now!!!,,
golden_all-2789138,2789138,golden_all,svm,message_only,en,hard,context_helpful,support_request,account_access,delivery_delay,0,Hello is there a way to check if I'm signed up to Prime? If so it's a mistake bc I can't afford the membership &amp; I noticed my packages are coming faster than expected. No complaints just can't afford Prime if charged @USER,,
golden_all-427799,427799,golden_all,svm,message_only,en,medium,self_contained,support_request,account_info_update,charge_issue,0,@USER can i pay with Amazon pay balance account for one year prime membership?? Plz reply,,
golden_all-22572,22572,golden_all,svm,message_only,en,medium,self_contained,support_request,cancellation,refund_request,0,@USER Ordered on 7 October 2017 Order# 403-7284574-6433108 not yet delivered. No way to cancel and get refund.,,
golden_all-2899649,2899649,golden_all,svm,message_only,en,medium,context_helpful,support_request,cancellation,refund_request,0,"@USER Welp, that didn’t do anything. I’m just going to cancel the order - I don’t see why I should keep waiting while it’s literally sitting on store shelves. URL",,
golden_all-136922,136922,golden_all,svm,message_only,en,hard,context_helpful,complaint,cancellation,delivery_delay,0,@USER I am so upset I have just cancelled the whole order. Have you an email address I can write to you at. This is the first time I have ever received bad service from Amazon. He even brought me to tears,,
golden_all-880948,880948,golden_all,svm,message_only,en,hard,context_helpful,complaint,cancellation,service_complaint_escalation,0,@USER They act so bossy that they didn't even bother to make a call regarding the pickup Just a confirmation txt n thn later a cancellation txt,,
golden_all-650056,650056,golden_all,svm,message_only,en,hard,context_helpful,follow_up,cancellation,service_complaint_escalation,0,"@USER Oh right, you can't do that. I would hurt @USER wallet after all. @USER good on you.",,
golden_all-1604096,1604096,golden_all,svm,message_only,en,hard,context_helpful,complaint,charge_issue,charge_issue,1,@USER And then they kindly dispersed the money in my ac to an ac they knew is closed.,,
golden_all-1218305,1218305,golden_all,svm,message_only,en,hard,context_helpful,complaint,charge_issue,charge_issue,1,"@USER took my hard earned money, used it &amp; now asking me to cancel order. But nt taking ny action on seller instead shielding them (2/2)",,
golden_all-1724691,1724691,golden_all,svm,message_only,en,easy,self_contained,support_request,charge_issue,charge_issue,1,@USER money debited from bank but isn’t credited to amazon pay balance please sew to this asap URL,,
golden_all-2612309,2612309,golden_all,svm,message_only,en,easy,self_contained,complaint,charge_issue,charge_issue,1,Woke up to see that my bank account was over drawn from something i didn’t even buy off amazon??? HAPPY FRIDAY 🙃🙃🙃🙃,,
golden_all-332434,332434,golden_all,svm,message_only,en,medium,context_helpful,complaint,charge_issue,refund_request,0,"@USER I don't get COD option for ur products.1st it shows that it is available but after proceeding for checkout,I can't get it.Why?",,
golden_all-895946,895946,golden_all,svm,message_only,en,medium,context_helpful,complaint,charge_issue,none,0,"@USER I know cart prices aren’t set in stone. But like, it went from on sale to more than the regular price. It’s not a cute look.",,
golden_all-1109519,1109519,golden_all,svm,message_only,en,medium,context_helpful,complaint,delivered_but_not_received,delivered_but_not_received,1,"@USER No, they haven't. They routinely mark packages as delivered before delivery is attempted, and sometimes the packages never arrive at all.",,
golden_all-1423023,1423023,golden_all,svm,message_only,en,medium,context_helpful,complaint,delivered_but_not_received,device_app_issue,0,"@USER Have also had deliveries when courier claimed to have delivered, but put it back in the van and ended up back at the depot.",,
golden_all-2289844,2289844,golden_all,svm,message_only,en,easy,self_contained,complaint,delivered_but_not_received,delivered_but_not_received,1,@USER The delivery agent says he will deliver the package later but he updates the status saying delivered directly to customer .. URL,,
golden_all-1220925,1220925,golden_all,svm,message_only,en,medium,context_helpful,complaint,delivered_but_not_received,device_app_issue,0,@USER Why to hear you do nothing again?,,
golden_all-2532842,2532842,golden_all,svm,message_only,en,hard,context_helpful,complaint,delivered_but_not_received,delivery_delay,0,@USER can someone contact me ASAP re an undelivered parcel.2 weeks &amp; still no joy.DPD said speak to you. Totally fed up right now!,,
golden_all-380695,380695,golden_all,svm,message_only,en,medium,context_helpful,follow_up,delivered_but_not_received,none,0,@USER I'll have to do that later this morning. Absolutely infuriating,,
golden_all-482351,482351,golden_all,svm,message_only,en,hard,context_helpful,complaint,delivered_but_not_received,none,0,@USER I received my order but part of it is missing but my account say it's delivered. Box was partly open. Parcel left in flower Box!!! Who do I contact? #xmaspresent,,
golden_all-533206,533206,golden_all,svm,message_only,en,hard,context_helpful,complaint,delivered_wrong_location,delivery_delay,0,"@USER Also, if I haven't specifically indicated that I want my parcel to be left in a ""safe place""... why is the delivery driver assuming my recycle bin is a safe place? It is visible from the street; is NOT in a garden; and if someone sees him putting it there, it can be stolen!",,
golden_all-149199,149199,golden_all,svm,message_only,en,medium,context_helpful,complaint,delivered_wrong_location,delivered_but_not_received,0,"@USER I don’t know about the item as it is not my parcel to open, it is my partners. It is unacceptable to force drivers to leave parcels in unsafe positions!",,
golden_all-2283511,2283511,golden_all,svm,message_only,en,easy,self_contained,complaint,delivered_wrong_location,delivery_delay,0,"Amazon seems to have forgotten how to deliver to my address so here I am waiting on 5 packages that all say ""delivery attempted"" TO THE WRONG AREA",,
golden_all-2594956,2594956,golden_all,svm,message_only,en,hard,context_helpful,complaint,delivered_wrong_location,delivery_delay,0,"@USER I hope my pkg was not in there. Ste-Catherine Montreal, unlocked doors, windows open #unattendedpackages #intelcom #badcourrier URL",,
golden_all-1727624,1727624,golden_all,svm,message_only,en,easy,self_contained,support_request,delivered_wrong_location,service_complaint_escalation,0,How to contact @USER about a stolen package? Website not user friendly requesting support. Unique situation would like to chat about.,,
golden_all-458877,458877,golden_all,svm,message_only,en,medium,context_helpful,complaint,delivery_delay,account_access,0,@USER No. Status still “arriving by 8pm today” (9 minutes from now) but no sign of shipment and no tracking number. URL,,
golden_all-142833,142833,golden_all,svm,message_only,en,medium,context_helpful,follow_up,delivery_delay,delivery_delay,1,@USER Order history is useless and just telling me it's out for delivery or due to be delivered. I've followed up once again by email,,
golden_all-1116569,1116569,golden_all,svm,message_only,en,easy,self_contained,complaint,delivery_delay,refund_request,0,"I bought something on @USER, paid extra for 1 day shipping and it isn’t here. Who do I complain to? @USER",,
golden_all-515245,515245,golden_all,svm,message_only,en,easy,self_contained,complaint,delivery_delay,delivery_delay,1,@USER My package was supposed to arrive Wednesday.Its friday. Still NOT here. So much for being a prime member!!!!,,
golden_all-2447788,2447788,golden_all,svm,message_only,en,easy,self_contained,complaint,delivery_delay,delivery_delay,1,"@USER I placed an order with Amazon.in on October 17th and the money got deducted the same day. The order was supposed to deliver on 31st October, but it is 14th Nov today and I still have not received the product. Where is my stuff @USER ?",,
golden_all-2960467,2960467,golden_all,svm,message_only,en,medium,context_helpful,complaint,delivery_delay,delivery_delay,1,Would really like to know why @USER is taking so long to deliver my package from @USER 😑 two day prime delivery is turning into a week now..... 😒 I could have driven to TN and picked it up myself faster.,,
golden_all-1311577,1311577,golden_all,svm,message_only,en,medium,self_contained,follow_up,delivery_delay,delivery_delay,1,So where is it then? I wouldn't mind it being a day late if I was notified @USER URL,,
golden_all-608064,608064,golden_all,svm,message_only,en,medium,context_helpful,follow_up,delivery_delay,delivery_delay,1,"@USER Sorry, the last picture was the shipment confirmation email. This one is the original order email, which also shows 11/20 as the delivery date URL",,
golden_all-2967623,2967623,golden_all,svm,message_only,en,medium,context_helpful,complaint,delivery_delay,delivery_delay,1,"@USER @USER I just want my package to arrive the day they promised! Been sitting around my house, today is day 2, waiting......! Still doesn't even show out for delivery - I even paid for 3day delivery!",,
golden_all-2528270,2528270,golden_all,svm,message_only,en,medium,context_helpful,complaint,delivery_delay,delivery_delay,1,@USER seems like all the one day shipping for items has vanished and is two day only,,
golden_all-2683519,2683519,golden_all,svm,message_only,en,hard,context_helpful,complaint,delivery_delay,delivery_delay,1,"@USER @USER @USER it's frustrating that a package from Prime Pantry shows as ""delivered"" when it really means it's sitting at the US Post Office whose hours are impossible to visit for any person working a full time job...",,
golden_all-1192307,1192307,golden_all,svm,message_only,en,easy,self_contained,complaint,delivery_delay,delivered_but_not_received,0,"so @USER are fibbers. I saw the delivery van pull up in our car park yesterday just before 5pm, then they drove off...",,
golden_all-2780552,2780552,golden_all,svm,message_only,en,medium,context_helpful,follow_up,delivery_delay,service_complaint_escalation,0,"""helping us build Earth's Most Customer-Centric Company"" @USER is there an amendement to this vision which excludes me? Just been told to wait another 24 hours because you've misplaced my delivery (again!).",,
golden_all-2824739,2824739,golden_all,svm,message_only,en,easy,self_contained,complaint,delivery_delay,cancellation,0,"I think @USER @USER may want to look into the definition one ""one day delivery"" URL",,
golden_all-2913230,2913230,golden_all,svm,message_only,en,easy,self_contained,follow_up,delivery_delay,charge_issue,0,"@USER hi, I ordered a few Prime items on Monday, but they all say arriving Thursday. I thought it was 2 day shipping.... why the delay? Nothing has shipped yet and I thought they'd be here by tomorrow",,
golden_all-1218249,1218249,golden_all,svm,message_only,en,medium,context_helpful,follow_up,delivery_delay,delivery_delay,1,@USER Says there was a delay with shipping. The tracking number at UPS says this. (see photo) URL,,
golden_all-2003910,2003910,golden_all,svm,message_only,en,medium,context_helpful,follow_up,delivery_delay,none,0,"@USER Well, since ""taken care of"" would have meant Friday delivery, that's unlikely.",,
golden_all-300514,300514,golden_all,svm,message_only,en,medium,context_helpful,complaint,delivery_delay,none,0,"Really glad I used prime @USER seems @USER are unable to honour the next day delivery 😡, glad I invest in prime",,
golden_all-322945,322945,golden_all,svm,message_only,en,medium,context_helpful,complaint,delivery_delay,none,0,@USER Prime member should be given some preference and the items must be delivered within 2 days otherwise it is equal to a non prime member,,
golden_all-2954293,2954293,golden_all,svm,message_only,en,medium,context_helpful,complaint,delivery_delay,delivery_delay,1,@USER I don’t have time for that. That’s why I buy products on prime only. I work and go to school. I need prime to be a reliable service. Speed. Quality. Convenience. I don’t have time for stuff like this. I just won’t recommend your service.,,
golden_all-2664071,2664071,golden_all,svm,message_only,en,hard,context_helpful,complaint,delivery_delay,other_unclear,0,"@USER Wrongly conceptualized add , bird's are being bullied Anyway Amazon is wowsome! Maintain this faith",,
golden_all-1210214,1210214,golden_all,svm,message_only,en,medium,self_contained,complaint,delivery_delay,delivery_delay,1,Has anyone had a package returned to @USER because @USER refused to deliver it? 😐,,
golden_all-86209,86209,golden_all,svm,message_only,en,easy,self_contained,complaint,delivery_delay,delivery_delay,1,"Today is the twins’ 4th Birthday. This is their gift from us - ordered on Sunday with Amazon Prime. We were assured yesterday that it would arrive today but I have just received this message. I understand that these things happen, but I’m hoping you can work some magic @USER URL",,
golden_all-2192580,2192580,golden_all,svm,message_only,en,easy,self_contained,complaint,delivery_delay,delivery_delay,1,"You know you can't trust @USER marketplace if your order doesn't have any tracking info updates since it supposedly left origin facility. It was supposed to arrive yesterday. Last time was a nightmare enough, this time isn't looking much better. Thanks for the sub-par service.",,
golden_all-1406593,1406593,golden_all,svm,message_only,en,medium,context_helpful,complaint,delivery_delay,none,0,@USER first weekend of prime... NOT IMPRESSED.,,
golden_all-1570766,1570766,golden_all,svm,message_only,en,medium,context_helpful,follow_up,delivery_delay,delivery_delay,1,@USER Do you have any update here?,,
golden_all-1389974,1389974,golden_all,svm,message_only,en,medium,context_helpful,follow_up,delivery_delay,delivery_delay,1,@USER not impressed by your driver leaving my door within 6 seconds of knocking Despite my note explaining I've just had spine surgery!,,
golden_all-1399860,1399860,golden_all,svm,message_only,en,medium,context_helpful,acknowledgement,delivery_delay,none,0,@USER Thank u so much.. Kindly Arrange to provide my parcel.. Thank u so much,,
golden_all-1335118,1335118,golden_all,svm,message_only,en,medium,context_helpful,follow_up,delivery_delay,delivery_delay,1,"@USER We needed it for a trip we are leaving on tonight, now we will not have it.",,
golden_all-999138,999138,golden_all,svm,message_only,en,medium,context_helpful,complaint,delivery_delay,delivery_delay,1,@USER £70 a year membership for prime to be let down like this!! Will be cancelling my subscription as it's just not worth the hassle!! URL,,
golden_all-2852150,2852150,golden_all,svm,message_only,en,medium,context_helpful,follow_up,delivery_delay,delivered_wrong_location,0,I'll go sit at the door for the next 8min then? @USER @USER URL,,
golden_all-2890574,2890574,golden_all,svm,message_only,en,medium,context_helpful,complaint,delivery_delay,delivery_delay,1,".@USER 3 years ago when something said #PRIME and I ordered it, it arrived in 2 days, this last year it is a lucky day to get something in 2 days, The service has gone 2 shit, it's so unreliable, You should knock prime membership in half, it's bogus at the moment #AMAZON",,
golden_all-1420099,1420099,golden_all,svm,message_only,en,medium,context_helpful,complaint,delivery_delay,delivered_but_not_received,0,@USER ordered three items from amazon and all of their delivery dates kept getting pushed back and back and back. Not happy 😤,,
golden_all-550560,550560,golden_all,svm,message_only,en,easy,self_contained,complaint,delivery_delay,delivery_delay,1,@USER I have a Prime membership. Quite often the 1 or 2 day shipping that I've selected doesn't arrive until 3-5+ days later. I thought shipping time was supposed to be from when you order the item? What's with missing the date so often?,,
golden_all-673242,673242,golden_all,svm,message_only,en,medium,context_helpful,follow_up,delivery_delay,service_complaint_escalation,0,@USER That was a joke lol. But my order IS late — i contacted amazon and they said that it’d be here by tomorrow so let’s see,,
golden_all-1193931,1193931,golden_all,svm,message_only,en,medium,context_helpful,follow_up,delivery_delay,delivered_wrong_location,0,@USER Amazon logistics is the carrier. Got disconnected while holding the first time around. Not clear if delivery is tmrw or delayed further.,,
golden_all-2731105,2731105,golden_all,svm,message_only,en,easy,self_contained,complaint,delivery_delay,delivery_delay,1,@USER One of my orders will be delivered tomorrow when I paid for delivery today.,,
golden_all-1587374,1587374,golden_all,svm,message_only,en,easy,self_contained,complaint,delivery_delay,delivered_but_not_received,0,@USER i recently purchased an item from your website its scheduled to come on November 3rd at 8pm and i still havent received my order?,,
golden_all-2296826,2296826,golden_all,svm,message_only,en,medium,context_helpful,follow_up,delivery_delay,delivery_delay,1,@USER Not sure but I think it's because Royal Mail doesn't deliver today. No idea why it wasn't delivered yesterday. I don't have the detail- a family member ordered it for me.,,
golden_all-1229688,1229688,golden_all,svm,message_only,en,medium,context_helpful,complaint,device_app_issue,none,0,"The all-new Kindle app is built for book lovers, with everything you need in one place. Learn more: URL URL",,
golden_all-26958,26958,golden_all,svm,message_only,en,easy,self_contained,support_request,device_app_issue,none,0,"@USER Good morning. Is the Alexa App down? It’s timing out here in London, UK.",,
golden_all-2378990,2378990,golden_all,svm,message_only,en,hard,context_helpful,complaint,device_app_issue,none,0,@USER @USER when I ask Alexa this price it says it’s $23.48 URL,,
golden_all-1384330,1384330,golden_all,svm,message_only,en,hard,context_helpful,complaint,device_app_issue,delivered_but_not_received,0,@USER is there anything wrong with payment on the amazon app today . Seeing this for sometime URL,,
golden_all-2523357,2523357,golden_all,svm,message_only,en,medium,context_helpful,follow_up,device_app_issue,none,0,@USER Thank you for your quick reply! I have a first gen.,,
golden_all-1766849,1766849,golden_all,svm,message_only,en,medium,context_helpful,support_request,device_app_issue,none,0,@USER Fire stick is broke getting new remote second time app is on an android box.,,
golden_all-2847379,2847379,golden_all,svm,message_only,en,medium,context_helpful,complaint,device_app_issue,product_return_and_replacement,0,"@USER At this time we CANNOT choose the language it is asking for, its under this tab in settings URL",,
golden_all-2569705,2569705,golden_all,svm,message_only,en,easy,self_contained,complaint,device_app_issue,delivery_delay,0,"@USER Timing out across the board today, any idea on when things will be back up? URL",,
golden_all-350494,350494,golden_all,svm,message_only,en,medium,context_helpful,complaint,device_app_issue,device_app_issue,1,@USER selling Echo devices without Alexa app for India.. how am I to use it at all!? Where is Alexa?,,
golden_all-1464161,1464161,golden_all,svm,message_only,en,medium,context_helpful,complaint,device_app_issue,cancellation,0,@USER @USER @USER update: episode still unavailable. I think you're the people who update me. Not vice versa? 🔮,,
golden_all-1943693,1943693,golden_all,svm,message_only,en,easy,context_helpful,acknowledgement,none,device_app_issue,0,@USER Yes i have shared the whole concern,,
golden_all-2611658,2611658,golden_all,svm,message_only,en,easy,context_helpful,acknowledgement,none,none,1,@USER Thanks! Got the package at 1.30 :D,,
golden_all-309233,309233,golden_all,svm,message_only,en,easy,self_contained,acknowledgement,none,product_return_and_replacement,0,Thanks @USER for the new cat bed. Velho loves it! #floof #CatsOfTwitter URL,,
golden_all-2111184,2111184,golden_all,svm,message_only,en,easy,self_contained,acknowledgement,none,service_complaint_escalation,0,"@USER Wow, that's was an amazingly quick response!! Hats off",,
golden_all-174486,174486,golden_all,svm,message_only,en,easy,context_helpful,acknowledgement,none,charge_issue,0,@USER me hiciste muy feliz hoy! 😍,,
golden_all-2580464,2580464,golden_all,svm,message_only,en,medium,context_helpful,acknowledgement,none,none,1,"@USER @USER I ended up escalated to a new chat room and the guy was great. Too nice, really!",,
golden_all-2855145,2855145,golden_all,svm,message_only,en,medium,context_helpful,acknowledgement,none,none,1,"@USER Thanks so much for helping, @USER! It was definitely the sales tax!",,
golden_all-2384553,2384553,golden_all,svm,message_only,en,easy,self_contained,acknowledgement,none,service_complaint_escalation,0,New books are on their way!! Can’t stop looking at the @USER tracking screen though - hurry up new books. More coming next week 👏🏻👏🏻 URL,,
golden_all-1198549,1198549,golden_all,svm,message_only,en,easy,context_helpful,acknowledgement,none,charge_issue,0,@USER @USER Nothing but respect for MY postal service 😤😤,,
golden_all-1204940,1204940,golden_all,svm,message_only,en,easy,context_helpful,acknowledgement,none,none,1,@USER @USER @USER Yes absolutely Right 💯 👍,,
golden_all-487699,487699,golden_all,svm,message_only,en,easy,context_helpful,acknowledgement,none,other_unclear,0,@USER I made a mistake. I ordered on your .co.uk site not .com so i actually do have the orders i ordered. Sorry for any inconvenience caused.,,
golden_all-1181640,1181640,golden_all,svm,message_only,en,easy,context_helpful,acknowledgement,none,none,1,@USER Will do! Thank you so much!,,
golden_all-628261,628261,golden_all,svm,message_only,en,medium,context_required,clarification,none,product_return_and_replacement,0,@USER I’m guessing by a marketplace seller? URL,,
golden_all-2931934,2931934,golden_all,svm,message_only,en,hard,context_helpful,unknown,none,charge_issue,0,@USER But I want I phone as a gift... On my birthday.. Don't want to purchase it,,
golden_all-2769011,2769011,golden_all,svm,message_only,en,medium,context_helpful,clarification,none,other_unclear,0,"@USER No need to filled the form, I'm sharing you giving the registered email via direct message",,
golden_all-1707062,1707062,golden_all,svm,message_only,en,easy,context_helpful,acknowledgement,none,product_return_and_replacement,0,"@USER The guy who sent it to me already reached me, tracking number checks out, mystery solved. Thanks, though",,
golden_all-957126,957126,golden_all,svm,message_only,en,medium,context_helpful,clarification,none,none,1,@USER @USER I haven't tried again simce yesterday. I was using mine in US before bringing it here so maybe I'll have to check the location etc agai,,
golden_all-2389800,2389800,golden_all,svm,message_only,en,hard,self_contained,unknown,none,device_app_issue,0,Every breath you take should be as pure as nature intended. Improve the quality of the air you breathe indoors with a wide range air purifiers to choose from on Amazon.in. Visit: URL URL,,
golden_all-2266765,2266765,golden_all,svm,message_only,en,medium,self_contained,support_request,none,device_app_issue,0,"@USER hey guys, Do you have any upcoming sale? In looking forward to buy the Moto g5s+ and I'm short of little money. Can you help me out?",,
golden_all-1721707,1721707,golden_all,svm,message_only,en,medium,self_contained,complaint,order_status_query,delivery_delay,0,when you pay extra for shipping for next day delivery through amazon prime but they didnt deliver it @USER URL,,
golden_all-646730,646730,golden_all,svm,message_only,en,medium,context_helpful,follow_up,order_status_query,refund_request,0,@USER when will me scampi fries be getting dispatched? Should have been yesterday and still not been dispatched. I want fishy fingers. Cheers 😏👍,,
golden_all-2363235,2363235,golden_all,svm,message_only,en,medium,context_helpful,support_request,order_status_query,delivery_delay,0,"@USER So on the amazon website when I track my package it says that it just got to a warehouse near me and it is close, but on the usps site when I input my tracking number it says that they are still waiting to receive my items?",,
golden_all-2960026,2960026,golden_all,svm,message_only,en,medium,self_contained,follow_up,order_status_query,delivery_delay,0,@USER where’s my tv going... it came to my ups then back to Sacramento.... URL,,
golden_all-1105754,1105754,golden_all,svm,message_only,en,medium,self_contained,complaint,order_status_query,charge_issue,0,Order updates from @USER have timestamps from before the order was placed. Looks like they are GMT.,,
golden_all-1464285,1464285,golden_all,svm,message_only,en,easy,self_contained,support_request,order_status_query,refund_request,0,@USER @USER Order# 408-9863763-1429137 will my order be shipped or not?,,
golden_all-993935,993935,golden_all,svm,message_only,en,medium,context_helpful,follow_up,order_status_query,order_status_query,1,@USER I also search redmi note4 didn't show your website.please help me,,
golden_all-832924,832924,golden_all,svm,message_only,en,medium,context_helpful,follow_up,order_status_query,delivery_delay,0,"@USER Yes, wc26th Oct. But if I click on the album it says in-stock and available for this weekend.",,
golden_all-2288190,2288190,golden_all,svm,message_only,en,medium,context_helpful,follow_up,order_status_query,delivery_delay,0,"@USER It would be nice to know if my order is shipping any time soon. I ordered 24 hours ago with same day delivery. The status has been not yet shipped all day. Was supposed to be here at 9 pm today, 1.5 hours ago.",,
golden_all-2374486,2374486,golden_all,svm,message_only,en,hard,self_contained,complaint,order_status_query,service_complaint_escalation,0,@USER how can an order be “delivered by 8pm today” and “not yet shipped”?,,
golden_all-1397273,1397273,golden_all,svm,message_only,en,easy,self_contained,support_request,order_status_query,none,0,i want to buy echo spot when did it launch in india @USER @USER @USER @USER,,
golden_all-1755281,1755281,golden_all,svm,message_only,en,hard,context_helpful,support_request,other_unclear,delivery_delay,0,@USER so I got this email. But I don't shop with Amazon so it might be a spam? Thought I would let you people know anyway. URL,,
golden_all-467536,467536,golden_all,svm,message_only,en,hard,context_helpful,complaint,product_return_and_replacement,delivered_but_not_received,0,@USER Not received the item. App is not upto the mark so did not get terms &amp; conditions clearly while placing order hence lost cashback offer also. Poor experience overall.,,
golden_all-1147828,1147828,golden_all,svm,message_only,en,hard,context_helpful,follow_up,product_return_and_replacement,device_app_issue,0,@USER I HAVE OPTED for no cost emi thats why i am doing follow ups... Otherwise i am not a free person to exchange tweets and mails with u,,
golden_all-2454046,2454046,golden_all,svm,message_only,en,easy,context_helpful,acknowledgement,product_return_and_replacement,account_access,0,@USER No idea 😂 I've started a return and reordered URL,,
golden_all-679025,679025,golden_all,svm,message_only,en,medium,context_helpful,support_request,product_return_and_replacement,service_complaint_escalation,0,Hi @USER I purchased the wrong colour kindle and forgot to tick u registered. Can I exchange for a different colour?,,
golden_all-2460750,2460750,golden_all,svm,message_only,en,easy,self_contained,complaint,product_return_and_replacement,none,0,@USER So I had ordered a Moto G5s and I got a Moto G5 plus. Please do something about it. Thank you URL,,
golden_all-2450570,2450570,golden_all,svm,message_only,en,easy,self_contained,complaint,product_return_and_replacement,delivered_but_not_received,0,amazon sent the wrong cases 😩🤦🏾‍♀️,,
golden_all-2608094,2608094,golden_all,svm,message_only,en,medium,context_helpful,support_request,product_return_and_replacement,refund_request,0,@USER if I got a product and it didn’t come with everything listed who would I contact to get the rest to the product ?,,
golden_all-982267,982267,golden_all,svm,message_only,en,easy,self_contained,complaint,product_return_and_replacement,other_unclear,0,Wtf @USER ... I ordered an altitude mask and you sent me a ‘tutu’ ?!😂🤦🏼‍♂️ URL,,
golden_all-2291505,2291505,golden_all,svm,message_only,en,hard,context_helpful,support_request,product_return_and_replacement,device_app_issue,0,@USER I have buy Nokia 6 from Amazon India. The phone's display has purple colour on right side of the display. I want to replace my phone but Amazon can't. What can I do ? Help ASAP.,,
golden_all-1018235,1018235,golden_all,svm,message_only,en,hard,context_helpful,complaint,product_return_and_replacement,service_complaint_escalation,0,"@USER Now amazon starts blackmailing customers by sending wrong product and when return req. placed,They says ship prdct back by urself",,
golden_all-1229460,1229460,golden_all,svm,message_only,en,hard,context_helpful,complaint,product_return_and_replacement,other_unclear,0,"Hey, @USER, this DVD is a fraud. It claims to be the lost 1917 Cleopatra but is really the 1912 version. URL",,
golden_all-2484077,2484077,golden_all,svm,message_only,en,easy,self_contained,complaint,product_return_and_replacement,service_complaint_escalation,0,I payed good money for this cup that I received today in the post! I am deeply disappointed that it’s faulty #donotbuy @USER URL,,
golden_all-345473,345473,golden_all,svm,message_only,en,hard,context_helpful,complaint,product_return_and_replacement,none,0,Dear @USER You suck. We’ve had to replace one device already bc it keeps malfunctioning. The “new” one is malfunctioning too.,,
golden_all-676899,676899,golden_all,svm,message_only,en,hard,context_helpful,complaint,product_return_and_replacement,none,0,@USER why haven’t you fulfilled Lex Luthor’s order of a blue-ray copy of A league of their own? Amazon you have to stop doing an injustice to Lex he might start a league! #JusticeLeague,,
golden_all-18706,18706,golden_all,svm,message_only,en,medium,context_helpful,support_request,refund_request,refund_request,1,@USER U kindly refund the amount back .. I have sent back the product and I demand a refund for the same .never had such dissaponments wit amazon,,
golden_all-1436650,1436650,golden_all,svm,message_only,en,easy,self_contained,complaint,refund_request,refund_request,1,@USER shady service - trying to steal my money - promised a refund on delivery to hotel as didn't arrive as promised. Now told no refund!,,
golden_all-2712534,2712534,golden_all,svm,message_only,en,medium,context_helpful,support_request,refund_request,delivery_delay,0,"This is the second time Prime Now has delivered an order with missing items, and I can't find a way to request a refund in the app.",,
golden_all-1420491,1420491,golden_all,svm,message_only,en,medium,context_helpful,follow_up,refund_request,charge_issue,0,@USER Yes i have sent my details via the form. I have cancelled the product and dont want to be associated with amazon refund my money to my CC,,
golden_all-915961,915961,golden_all,svm,message_only,en,medium,context_helpful,follow_up,refund_request,service_complaint_escalation,0,@USER how would you justify blocking a customer’s number who’s awaiting a refund?,,
golden_all-2515914,2515914,golden_all,svm,message_only,en,medium,context_helpful,follow_up,refund_request,device_app_issue,0,"@USER Yes on all three orders, then you kept arguing with me about how it wasn’t your fault and how you don’t have the resources to refund my Prime membership",,
golden_all-2217342,2217342,golden_all,svm,message_only,en,hard,context_helpful,complaint,refund_request,charge_issue,0,"@USER Yes, and now you are rejecting the claim but the seller is sketchy.",,
golden_all-1893565,1893565,golden_all,svm,message_only,en,medium,context_helpful,follow_up,service_complaint_escalation,other_unclear,0,@USER Nope...never received a call,,
golden_all-1763226,1763226,golden_all,svm,message_only,en,medium,context_helpful,complaint,service_complaint_escalation,device_app_issue,0,@USER Yes. I have also spent 8 hours on live chat.,,
golden_all-2573750,2573750,golden_all,svm,message_only,en,medium,context_helpful,complaint,service_complaint_escalation,account_access,0,"@USER I've checked all of my folders. Like I said, the number in that link is the exact one I have called five times. I'm a Prime member who has been locked from their account for three weeks and have had nothing visible done to remedy this.",,
golden_all-1541879,1541879,golden_all,svm,message_only,en,medium,context_helpful,complaint,service_complaint_escalation,charge_issue,0,@USER Look your cust service people just emailed to say they couldn’t deal with me because my email isn’t recognised. So unhelpful,,
golden_all-1415560,1415560,golden_all,svm,message_only,en,medium,context_helpful,complaint,service_complaint_escalation,other_unclear,0,"@USER Yes, I'm talking to a representative again but I'm still super disappointed.. The call I made last night with you guys was useless",,
golden_all-334873,334873,golden_all,svm,message_only,en,medium,context_helpful,complaint,service_complaint_escalation,refund_request,0,@USER 6 years of shopping and never had an issue with CS until tonight. 10 mins later and no reply. URL,,
golden_all-272875,272875,golden_all,svm,message_only,en,medium,context_helpful,complaint,service_complaint_escalation,refund_request,0,"@USER I checked the link even on the desktop. There's no link given to contact support, that's why i am pinging you here.",,
golden_all-1537572,1537572,golden_all,svm,message_only,en,medium,context_helpful,complaint,service_complaint_escalation,charge_issue,0,"3/ @USER WHY IS IT SO HARD TO REPORT A SHIPPING PROBLEM? Yesterday I got the ""chat is too slow, please call"" option. Why no message/email?",,
golden_all-411902,411902,golden_all,svm,message_only,en,easy,self_contained,complaint,service_complaint_escalation,service_complaint_escalation,1,"I will NEVER use @USER @USER for my business ever again. Bad customer service, impolite, and impressionable",,
golden_all-1588773,1588773,golden_all,svm,message_only,en,easy,self_contained,complaint,service_complaint_escalation,refund_request,0,"God damn it, but @USER is getting worse and worse and worse as time goes on. Maybe it's time to dump all @USER services and move on.",,
golden_all-2353843,2353843,golden_all,svm,message_only,en,medium,context_helpful,complaint,service_complaint_escalation,delivery_delay,0,@USER I am sorry but I would like to receive a phone call &amp; have this matter resolved asap! I have phoned 5 times now &amp; every time I get nothing. I am £90 down on an error on your part. This has been going on for almost 3 weeks now &amp; it’s time for you to actually do something.,,
golden_all-1136222,1136222,golden_all,svm,message_only,en,hard,context_helpful,complaint,service_complaint_escalation,other_unclear,0,@USER Already send and call to 50 tym no proper response from ur side.. My neice birthday on 17 oct. Fake commitment 405-8158996-7018755oredr id,,
golden_all-1384189,1384189,golden_all,svm,message_only,en,easy,self_contained,complaint,service_complaint_escalation,service_complaint_escalation,1,"Bad experience , not a sense of customer Service or cost saving at all..... @USER #disappointed",,
golden_all-1746071,1746071,golden_all,svm,message_only,en,medium,context_helpful,complaint,service_complaint_escalation,delivered_but_not_received,0,"@USER I don’t this information to be public, as it’s impossible to reach your customer care on phone. So either they should call me or reach item",,
golden_all-390810,390810,golden_all,svm,message_only,en,hard,context_helpful,complaint,service_complaint_escalation,cancellation,0,@USER You must shut down your improper business. Now when the payment is done you're coming up with nasty excuses. Read the DM.,,
golden_all-2151408,2151408,golden_all,svm,message_only,en,medium,context_helpful,complaint,service_complaint_escalation,order_status_query,0,@USER doesn't provide way to claim #gst input credit for Business purchases. Even if I am giving all details they are denying this basic,,
golden_all-2216600,2216600,golden_all,svm,message_only,en,hard,context_helpful,complaint,service_complaint_escalation,service_complaint_escalation,1,@USER Dont trust Amazon India and @USER with any card cash back offers. They do not keep up to their promises!! Conveniently take 3 months so that customers forget about it!!! #FoolingPrimeCustomers,,
golden_all-1250967,1250967,golden_all,svm,message_only,en,hard,context_helpful,complaint,service_complaint_escalation,delivered_wrong_location,0,"Super disappointed in @USER lately. Lost packages, multiple wrong charges. What's the point of being prime 🙄🤔",,
golden_all-2447260,2447260,golden_all,svm,message_only,en,medium,context_helpful,complaint,service_complaint_escalation,refund_request,0,"@USER should only &amp; selectively use #USPS for certain deliveries since the majority of time your order isn't going to arrive as promised, thus defeating entire premise of #AmazonPrime This is about #logistics plain &amp; simple.",,
golden_all-1179639,1179639,golden_all,svm,message_only,en,hard,context_helpful,complaint,service_complaint_escalation,service_complaint_escalation,1,@USER was told to wait. Called you today. Told item has NOT been put in locker then told it HAD. Your agents can't keep up with their own lies.,,
golden_all-2245407,2245407,golden_all,svm,message_only,en,hard,context_helpful,complaint,service_complaint_escalation,charge_issue,0,@USER why my call gets dropped Kindly please check my call log and please take an appropriate actions Why my call dropped? In between URL,,
golden_all-886169,886169,golden_all,svm,message_only,en,hard,context_helpful,complaint,service_complaint_escalation,account_info_update,0,@USER The email was terribly short with no direction expect “we left you a voice mail win instructions” and I had no voice mails!,,
golden_rep-1912145,1912145,golden_rep,svm,message_only,en,medium,context_helpful,support_request,account_access,service_complaint_escalation,0,@USER - I am unable to order gifts for my husband or son because you display all purchases. Is there a way to secretly purchase so they can't see it? Maybe a password at a purchase level ?,,
golden_rep-179205,179205,golden_rep,svm,message_only,en,easy,context_helpful,complaint,account_access,delivery_delay,0,@USER Read the previous tweets - I can’t log in! This has been going on for a day now!!!,,
golden_rep-2789138,2789138,golden_rep,svm,message_only,en,hard,context_helpful,support_request,account_access,delivery_delay,0,Hello is there a way to check if I'm signed up to Prime? If so it's a mistake bc I can't afford the membership &amp; I noticed my packages are coming faster than expected. No complaints just can't afford Prime if charged @USER,,
golden_rep-427799,427799,golden_rep,svm,message_only,en,medium,self_contained,support_request,account_info_update,charge_issue,0,@USER can i pay with Amazon pay balance account for one year prime membership?? Plz reply,,
golden_rep-22572,22572,golden_rep,svm,message_only,en,medium,self_contained,support_request,cancellation,refund_request,0,@USER Ordered on 7 October 2017 Order# 403-7284574-6433108 not yet delivered. No way to cancel and get refund.,,
golden_rep-2899649,2899649,golden_rep,svm,message_only,en,medium,context_helpful,support_request,cancellation,refund_request,0,"@USER Welp, that didn’t do anything. I’m just going to cancel the order - I don’t see why I should keep waiting while it’s literally sitting on store shelves. URL",,
golden_rep-136922,136922,golden_rep,svm,message_only,en,hard,context_helpful,complaint,cancellation,delivery_delay,0,@USER I am so upset I have just cancelled the whole order. Have you an email address I can write to you at. This is the first time I have ever received bad service from Amazon. He even brought me to tears,,
golden_rep-880948,880948,golden_rep,svm,message_only,en,hard,context_helpful,complaint,cancellation,service_complaint_escalation,0,@USER They act so bossy that they didn't even bother to make a call regarding the pickup Just a confirmation txt n thn later a cancellation txt,,
golden_rep-650056,650056,golden_rep,svm,message_only,en,hard,context_helpful,follow_up,cancellation,service_complaint_escalation,0,"@USER Oh right, you can't do that. I would hurt @USER wallet after all. @USER good on you.",,
golden_rep-1604096,1604096,golden_rep,svm,message_only,en,hard,context_helpful,complaint,charge_issue,charge_issue,1,@USER And then they kindly dispersed the money in my ac to an ac they knew is closed.,,
golden_rep-1218305,1218305,golden_rep,svm,message_only,en,hard,context_helpful,complaint,charge_issue,charge_issue,1,"@USER took my hard earned money, used it &amp; now asking me to cancel order. But nt taking ny action on seller instead shielding them (2/2)",,
golden_rep-1724691,1724691,golden_rep,svm,message_only,en,easy,self_contained,support_request,charge_issue,charge_issue,1,@USER money debited from bank but isn’t credited to amazon pay balance please sew to this asap URL,,
golden_rep-2612309,2612309,golden_rep,svm,message_only,en,easy,self_contained,complaint,charge_issue,charge_issue,1,Woke up to see that my bank account was over drawn from something i didn’t even buy off amazon??? HAPPY FRIDAY 🙃🙃🙃🙃,,
golden_rep-332434,332434,golden_rep,svm,message_only,en,medium,context_helpful,complaint,charge_issue,refund_request,0,"@USER I don't get COD option for ur products.1st it shows that it is available but after proceeding for checkout,I can't get it.Why?",,
golden_rep-895946,895946,golden_rep,svm,message_only,en,medium,context_helpful,complaint,charge_issue,none,0,"@USER I know cart prices aren’t set in stone. But like, it went from on sale to more than the regular price. It’s not a cute look.",,
golden_rep-1109519,1109519,golden_rep,svm,message_only,en,medium,context_helpful,complaint,delivered_but_not_received,delivered_but_not_received,1,"@USER No, they haven't. They routinely mark packages as delivered before delivery is attempted, and sometimes the packages never arrive at all.",,
golden_rep-1423023,1423023,golden_rep,svm,message_only,en,medium,context_helpful,complaint,delivered_but_not_received,device_app_issue,0,"@USER Have also had deliveries when courier claimed to have delivered, but put it back in the van and ended up back at the depot.",,
golden_rep-2289844,2289844,golden_rep,svm,message_only,en,easy,self_contained,complaint,delivered_but_not_received,delivered_but_not_received,1,@USER The delivery agent says he will deliver the package later but he updates the status saying delivered directly to customer .. URL,,
golden_rep-1220925,1220925,golden_rep,svm,message_only,en,medium,context_helpful,complaint,delivered_but_not_received,device_app_issue,0,@USER Why to hear you do nothing again?,,
golden_rep-2532842,2532842,golden_rep,svm,message_only,en,hard,context_helpful,complaint,delivered_but_not_received,delivery_delay,0,@USER can someone contact me ASAP re an undelivered parcel.2 weeks &amp; still no joy.DPD said speak to you. Totally fed up right now!,,
golden_rep-380695,380695,golden_rep,svm,message_only,en,medium,context_helpful,follow_up,delivered_but_not_received,none,0,@USER I'll have to do that later this morning. Absolutely infuriating,,
golden_rep-482351,482351,golden_rep,svm,message_only,en,hard,context_helpful,complaint,delivered_but_not_received,none,0,@USER I received my order but part of it is missing but my account say it's delivered. Box was partly open. Parcel left in flower Box!!! Who do I contact? #xmaspresent,,
golden_rep-533206,533206,golden_rep,svm,message_only,en,hard,context_helpful,complaint,delivered_wrong_location,delivery_delay,0,"@USER Also, if I haven't specifically indicated that I want my parcel to be left in a ""safe place""... why is the delivery driver assuming my recycle bin is a safe place? It is visible from the street; is NOT in a garden; and if someone sees him putting it there, it can be stolen!",,
golden_rep-149199,149199,golden_rep,svm,message_only,en,medium,context_helpful,complaint,delivered_wrong_location,delivered_but_not_received,0,"@USER I don’t know about the item as it is not my parcel to open, it is my partners. It is unacceptable to force drivers to leave parcels in unsafe positions!",,
golden_rep-2283511,2283511,golden_rep,svm,message_only,en,easy,self_contained,complaint,delivered_wrong_location,delivery_delay,0,"Amazon seems to have forgotten how to deliver to my address so here I am waiting on 5 packages that all say ""delivery attempted"" TO THE WRONG AREA",,
golden_rep-2594956,2594956,golden_rep,svm,message_only,en,hard,context_helpful,complaint,delivered_wrong_location,delivery_delay,0,"@USER I hope my pkg was not in there. Ste-Catherine Montreal, unlocked doors, windows open #unattendedpackages #intelcom #badcourrier URL",,
golden_rep-1727624,1727624,golden_rep,svm,message_only,en,easy,self_contained,support_request,delivered_wrong_location,service_complaint_escalation,0,How to contact @USER about a stolen package? Website not user friendly requesting support. Unique situation would like to chat about.,,
golden_rep-458877,458877,golden_rep,svm,message_only,en,medium,context_helpful,complaint,delivery_delay,account_access,0,@USER No. Status still “arriving by 8pm today” (9 minutes from now) but no sign of shipment and no tracking number. URL,,
golden_rep-142833,142833,golden_rep,svm,message_only,en,medium,context_helpful,follow_up,delivery_delay,delivery_delay,1,@USER Order history is useless and just telling me it's out for delivery or due to be delivered. I've followed up once again by email,,
golden_rep-1116569,1116569,golden_rep,svm,message_only,en,easy,self_contained,complaint,delivery_delay,refund_request,0,"I bought something on @USER, paid extra for 1 day shipping and it isn’t here. Who do I complain to? @USER",,
golden_rep-515245,515245,golden_rep,svm,message_only,en,easy,self_contained,complaint,delivery_delay,delivery_delay,1,@USER My package was supposed to arrive Wednesday.Its friday. Still NOT here. So much for being a prime member!!!!,,
golden_rep-2447788,2447788,golden_rep,svm,message_only,en,easy,self_contained,complaint,delivery_delay,delivery_delay,1,"@USER I placed an order with Amazon.in on October 17th and the money got deducted the same day. The order was supposed to deliver on 31st October, but it is 14th Nov today and I still have not received the product. Where is my stuff @USER ?",,
golden_rep-2960467,2960467,golden_rep,svm,message_only,en,medium,context_helpful,complaint,delivery_delay,delivery_delay,1,Would really like to know why @USER is taking so long to deliver my package from @USER 😑 two day prime delivery is turning into a week now..... 😒 I could have driven to TN and picked it up myself faster.,,
golden_rep-1311577,1311577,golden_rep,svm,message_only,en,medium,self_contained,follow_up,delivery_delay,delivery_delay,1,So where is it then? I wouldn't mind it being a day late if I was notified @USER URL,,
golden_rep-608064,608064,golden_rep,svm,message_only,en,medium,context_helpful,follow_up,delivery_delay,delivery_delay,1,"@USER Sorry, the last picture was the shipment confirmation email. This one is the original order email, which also shows 11/20 as the delivery date URL",,
golden_rep-2967623,2967623,golden_rep,svm,message_only,en,medium,context_helpful,complaint,delivery_delay,delivery_delay,1,"@USER @USER I just want my package to arrive the day they promised! Been sitting around my house, today is day 2, waiting......! Still doesn't even show out for delivery - I even paid for 3day delivery!",,
golden_rep-2528270,2528270,golden_rep,svm,message_only,en,medium,context_helpful,complaint,delivery_delay,delivery_delay,1,@USER seems like all the one day shipping for items has vanished and is two day only,,
golden_rep-2683519,2683519,golden_rep,svm,message_only,en,hard,context_helpful,complaint,delivery_delay,delivery_delay,1,"@USER @USER @USER it's frustrating that a package from Prime Pantry shows as ""delivered"" when it really means it's sitting at the US Post Office whose hours are impossible to visit for any person working a full time job...",,
golden_rep-1192307,1192307,golden_rep,svm,message_only,en,easy,self_contained,complaint,delivery_delay,delivered_but_not_received,0,"so @USER are fibbers. I saw the delivery van pull up in our car park yesterday just before 5pm, then they drove off...",,
golden_rep-2780552,2780552,golden_rep,svm,message_only,en,medium,context_helpful,follow_up,delivery_delay,service_complaint_escalation,0,"""helping us build Earth's Most Customer-Centric Company"" @USER is there an amendement to this vision which excludes me? Just been told to wait another 24 hours because you've misplaced my delivery (again!).",,
golden_rep-2824739,2824739,golden_rep,svm,message_only,en,easy,self_contained,complaint,delivery_delay,cancellation,0,"I think @USER @USER may want to look into the definition one ""one day delivery"" URL",,
golden_rep-2913230,2913230,golden_rep,svm,message_only,en,easy,self_contained,follow_up,delivery_delay,charge_issue,0,"@USER hi, I ordered a few Prime items on Monday, but they all say arriving Thursday. I thought it was 2 day shipping.... why the delay? Nothing has shipped yet and I thought they'd be here by tomorrow",,
golden_rep-1218249,1218249,golden_rep,svm,message_only,en,medium,context_helpful,follow_up,delivery_delay,delivery_delay,1,@USER Says there was a delay with shipping. The tracking number at UPS says this. (see photo) URL,,
golden_rep-2003910,2003910,golden_rep,svm,message_only,en,medium,context_helpful,follow_up,delivery_delay,none,0,"@USER Well, since ""taken care of"" would have meant Friday delivery, that's unlikely.",,
golden_rep-300514,300514,golden_rep,svm,message_only,en,medium,context_helpful,complaint,delivery_delay,none,0,"Really glad I used prime @USER seems @USER are unable to honour the next day delivery 😡, glad I invest in prime",,
golden_rep-322945,322945,golden_rep,svm,message_only,en,medium,context_helpful,complaint,delivery_delay,none,0,@USER Prime member should be given some preference and the items must be delivered within 2 days otherwise it is equal to a non prime member,,
golden_rep-2954293,2954293,golden_rep,svm,message_only,en,medium,context_helpful,complaint,delivery_delay,delivery_delay,1,@USER I don’t have time for that. That’s why I buy products on prime only. I work and go to school. I need prime to be a reliable service. Speed. Quality. Convenience. I don’t have time for stuff like this. I just won’t recommend your service.,,
golden_rep-2664071,2664071,golden_rep,svm,message_only,en,hard,context_helpful,complaint,delivery_delay,other_unclear,0,"@USER Wrongly conceptualized add , bird's are being bullied Anyway Amazon is wowsome! Maintain this faith",,
golden_rep-1210214,1210214,golden_rep,svm,message_only,en,medium,self_contained,complaint,delivery_delay,delivery_delay,1,Has anyone had a package returned to @USER because @USER refused to deliver it? 😐,,
golden_rep-86209,86209,golden_rep,svm,message_only,en,easy,self_contained,complaint,delivery_delay,delivery_delay,1,"Today is the twins’ 4th Birthday. This is their gift from us - ordered on Sunday with Amazon Prime. We were assured yesterday that it would arrive today but I have just received this message. I understand that these things happen, but I’m hoping you can work some magic @USER URL",,
golden_rep-2192580,2192580,golden_rep,svm,message_only,en,easy,self_contained,complaint,delivery_delay,delivery_delay,1,"You know you can't trust @USER marketplace if your order doesn't have any tracking info updates since it supposedly left origin facility. It was supposed to arrive yesterday. Last time was a nightmare enough, this time isn't looking much better. Thanks for the sub-par service.",,
golden_rep-1406593,1406593,golden_rep,svm,message_only,en,medium,context_helpful,complaint,delivery_delay,none,0,@USER first weekend of prime... NOT IMPRESSED.,,
golden_rep-1570766,1570766,golden_rep,svm,message_only,en,medium,context_helpful,follow_up,delivery_delay,delivery_delay,1,@USER Do you have any update here?,,
golden_rep-1389974,1389974,golden_rep,svm,message_only,en,medium,context_helpful,follow_up,delivery_delay,delivery_delay,1,@USER not impressed by your driver leaving my door within 6 seconds of knocking Despite my note explaining I've just had spine surgery!,,
golden_rep-1399860,1399860,golden_rep,svm,message_only,en,medium,context_helpful,acknowledgement,delivery_delay,none,0,@USER Thank u so much.. Kindly Arrange to provide my parcel.. Thank u so much,,
golden_rep-1335118,1335118,golden_rep,svm,message_only,en,medium,context_helpful,follow_up,delivery_delay,delivery_delay,1,"@USER We needed it for a trip we are leaving on tonight, now we will not have it.",,
golden_rep-999138,999138,golden_rep,svm,message_only,en,medium,context_helpful,complaint,delivery_delay,delivery_delay,1,@USER £70 a year membership for prime to be let down like this!! Will be cancelling my subscription as it's just not worth the hassle!! URL,,
golden_rep-2852150,2852150,golden_rep,svm,message_only,en,medium,context_helpful,follow_up,delivery_delay,delivered_wrong_location,0,I'll go sit at the door for the next 8min then? @USER @USER URL,,
golden_rep-2890574,2890574,golden_rep,svm,message_only,en,medium,context_helpful,complaint,delivery_delay,delivery_delay,1,".@USER 3 years ago when something said #PRIME and I ordered it, it arrived in 2 days, this last year it is a lucky day to get something in 2 days, The service has gone 2 shit, it's so unreliable, You should knock prime membership in half, it's bogus at the moment #AMAZON",,
golden_rep-1420099,1420099,golden_rep,svm,message_only,en,medium,context_helpful,complaint,delivery_delay,delivered_but_not_received,0,@USER ordered three items from amazon and all of their delivery dates kept getting pushed back and back and back. Not happy 😤,,
golden_rep-550560,550560,golden_rep,svm,message_only,en,easy,self_contained,complaint,delivery_delay,delivery_delay,1,@USER I have a Prime membership. Quite often the 1 or 2 day shipping that I've selected doesn't arrive until 3-5+ days later. I thought shipping time was supposed to be from when you order the item? What's with missing the date so often?,,
golden_rep-673242,673242,golden_rep,svm,message_only,en,medium,context_helpful,follow_up,delivery_delay,service_complaint_escalation,0,@USER That was a joke lol. But my order IS late — i contacted amazon and they said that it’d be here by tomorrow so let’s see,,
golden_rep-1193931,1193931,golden_rep,svm,message_only,en,medium,context_helpful,follow_up,delivery_delay,delivered_wrong_location,0,@USER Amazon logistics is the carrier. Got disconnected while holding the first time around. Not clear if delivery is tmrw or delayed further.,,
golden_rep-2731105,2731105,golden_rep,svm,message_only,en,easy,self_contained,complaint,delivery_delay,delivery_delay,1,@USER One of my orders will be delivered tomorrow when I paid for delivery today.,,
golden_rep-1587374,1587374,golden_rep,svm,message_only,en,easy,self_contained,complaint,delivery_delay,delivered_but_not_received,0,@USER i recently purchased an item from your website its scheduled to come on November 3rd at 8pm and i still havent received my order?,,
golden_rep-2296826,2296826,golden_rep,svm,message_only,en,medium,context_helpful,follow_up,delivery_delay,delivery_delay,1,@USER Not sure but I think it's because Royal Mail doesn't deliver today. No idea why it wasn't delivered yesterday. I don't have the detail- a family member ordered it for me.,,
golden_rep-1229688,1229688,golden_rep,svm,message_only,en,medium,context_helpful,complaint,device_app_issue,none,0,"The all-new Kindle app is built for book lovers, with everything you need in one place. Learn more: URL URL",,
golden_rep-26958,26958,golden_rep,svm,message_only,en,easy,self_contained,support_request,device_app_issue,none,0,"@USER Good morning. Is the Alexa App down? It’s timing out here in London, UK.",,
golden_rep-2378990,2378990,golden_rep,svm,message_only,en,hard,context_helpful,complaint,device_app_issue,none,0,@USER @USER when I ask Alexa this price it says it’s $23.48 URL,,
golden_rep-1384330,1384330,golden_rep,svm,message_only,en,hard,context_helpful,complaint,device_app_issue,delivered_but_not_received,0,@USER is there anything wrong with payment on the amazon app today . Seeing this for sometime URL,,
golden_rep-2523357,2523357,golden_rep,svm,message_only,en,medium,context_helpful,follow_up,device_app_issue,none,0,@USER Thank you for your quick reply! I have a first gen.,,
golden_rep-1766849,1766849,golden_rep,svm,message_only,en,medium,context_helpful,support_request,device_app_issue,none,0,@USER Fire stick is broke getting new remote second time app is on an android box.,,
golden_rep-2847379,2847379,golden_rep,svm,message_only,en,medium,context_helpful,complaint,device_app_issue,product_return_and_replacement,0,"@USER At this time we CANNOT choose the language it is asking for, its under this tab in settings URL",,
golden_rep-2569705,2569705,golden_rep,svm,message_only,en,easy,self_contained,complaint,device_app_issue,delivery_delay,0,"@USER Timing out across the board today, any idea on when things will be back up? URL",,
golden_rep-350494,350494,golden_rep,svm,message_only,en,medium,context_helpful,complaint,device_app_issue,device_app_issue,1,@USER selling Echo devices without Alexa app for India.. how am I to use it at all!? Where is Alexa?,,
golden_rep-1464161,1464161,golden_rep,svm,message_only,en,medium,context_helpful,complaint,device_app_issue,cancellation,0,@USER @USER @USER update: episode still unavailable. I think you're the people who update me. Not vice versa? 🔮,,
golden_rep-1943693,1943693,golden_rep,svm,message_only,en,easy,context_helpful,acknowledgement,none,device_app_issue,0,@USER Yes i have shared the whole concern,,
golden_rep-2611658,2611658,golden_rep,svm,message_only,en,easy,context_helpful,acknowledgement,none,none,1,@USER Thanks! Got the package at 1.30 :D,,
golden_rep-309233,309233,golden_rep,svm,message_only,en,easy,self_contained,acknowledgement,none,product_return_and_replacement,0,Thanks @USER for the new cat bed. Velho loves it! #floof #CatsOfTwitter URL,,
golden_rep-2111184,2111184,golden_rep,svm,message_only,en,easy,self_contained,acknowledgement,none,service_complaint_escalation,0,"@USER Wow, that's was an amazingly quick response!! Hats off",,
golden_rep-174486,174486,golden_rep,svm,message_only,en,easy,context_helpful,acknowledgement,none,charge_issue,0,@USER me hiciste muy feliz hoy! 😍,,
golden_rep-2580464,2580464,golden_rep,svm,message_only,en,medium,context_helpful,acknowledgement,none,none,1,"@USER @USER I ended up escalated to a new chat room and the guy was great. Too nice, really!",,
golden_rep-2855145,2855145,golden_rep,svm,message_only,en,medium,context_helpful,acknowledgement,none,none,1,"@USER Thanks so much for helping, @USER! It was definitely the sales tax!",,
golden_rep-2384553,2384553,golden_rep,svm,message_only,en,easy,self_contained,acknowledgement,none,service_complaint_escalation,0,New books are on their way!! Can’t stop looking at the @USER tracking screen though - hurry up new books. More coming next week 👏🏻👏🏻 URL,,
golden_rep-1198549,1198549,golden_rep,svm,message_only,en,easy,context_helpful,acknowledgement,none,charge_issue,0,@USER @USER Nothing but respect for MY postal service 😤😤,,
golden_rep-1204940,1204940,golden_rep,svm,message_only,en,easy,context_helpful,acknowledgement,none,none,1,@USER @USER @USER Yes absolutely Right 💯 👍,,
golden_rep-487699,487699,golden_rep,svm,message_only,en,easy,context_helpful,acknowledgement,none,other_unclear,0,@USER I made a mistake. I ordered on your .co.uk site not .com so i actually do have the orders i ordered. Sorry for any inconvenience caused.,,
golden_rep-1181640,1181640,golden_rep,svm,message_only,en,easy,context_helpful,acknowledgement,none,none,1,@USER Will do! Thank you so much!,,
golden_rep-628261,628261,golden_rep,svm,message_only,en,medium,context_required,clarification,none,product_return_and_replacement,0,@USER I’m guessing by a marketplace seller? URL,,
golden_rep-2931934,2931934,golden_rep,svm,message_only,en,hard,context_helpful,unknown,none,charge_issue,0,@USER But I want I phone as a gift... On my birthday.. Don't want to purchase it,,
golden_rep-2769011,2769011,golden_rep,svm,message_only,en,medium,context_helpful,clarification,none,other_unclear,0,"@USER No need to filled the form, I'm sharing you giving the registered email via direct message",,
golden_rep-1707062,1707062,golden_rep,svm,message_only,en,easy,context_helpful,acknowledgement,none,product_return_and_replacement,0,"@USER The guy who sent it to me already reached me, tracking number checks out, mystery solved. Thanks, though",,
golden_rep-957126,957126,golden_rep,svm,message_only,en,medium,context_helpful,clarification,none,none,1,@USER @USER I haven't tried again simce yesterday. I was using mine in US before bringing it here so maybe I'll have to check the location etc agai,,
golden_rep-2389800,2389800,golden_rep,svm,message_only,en,hard,self_contained,unknown,none,device_app_issue,0,Every breath you take should be as pure as nature intended. Improve the quality of the air you breathe indoors with a wide range air purifiers to choose from on Amazon.in. Visit: URL URL,,
golden_rep-2266765,2266765,golden_rep,svm,message_only,en,medium,self_contained,support_request,none,device_app_issue,0,"@USER hey guys, Do you have any upcoming sale? In looking forward to buy the Moto g5s+ and I'm short of little money. Can you help me out?",,
golden_rep-1721707,1721707,golden_rep,svm,message_only,en,medium,self_contained,complaint,order_status_query,delivery_delay,0,when you pay extra for shipping for next day delivery through amazon prime but they didnt deliver it @USER URL,,
golden_rep-646730,646730,golden_rep,svm,message_only,en,medium,context_helpful,follow_up,order_status_query,refund_request,0,@USER when will me scampi fries be getting dispatched? Should have been yesterday and still not been dispatched. I want fishy fingers. Cheers 😏👍,,
golden_rep-2363235,2363235,golden_rep,svm,message_only,en,medium,context_helpful,support_request,order_status_query,delivery_delay,0,"@USER So on the amazon website when I track my package it says that it just got to a warehouse near me and it is close, but on the usps site when I input my tracking number it says that they are still waiting to receive my items?",,
golden_rep-2960026,2960026,golden_rep,svm,message_only,en,medium,self_contained,follow_up,order_status_query,delivery_delay,0,@USER where’s my tv going... it came to my ups then back to Sacramento.... URL,,
golden_rep-1105754,1105754,golden_rep,svm,message_only,en,medium,self_contained,complaint,order_status_query,charge_issue,0,Order updates from @USER have timestamps from before the order was placed. Looks like they are GMT.,,
golden_rep-1464285,1464285,golden_rep,svm,message_only,en,easy,self_contained,support_request,order_status_query,refund_request,0,@USER @USER Order# 408-9863763-1429137 will my order be shipped or not?,,
golden_rep-993935,993935,golden_rep,svm,message_only,en,medium,context_helpful,follow_up,order_status_query,order_status_query,1,@USER I also search redmi note4 didn't show your website.please help me,,
golden_rep-832924,832924,golden_rep,svm,message_only,en,medium,context_helpful,follow_up,order_status_query,delivery_delay,0,"@USER Yes, wc26th Oct. But if I click on the album it says in-stock and available for this weekend.",,
golden_rep-2288190,2288190,golden_rep,svm,message_only,en,medium,context_helpful,follow_up,order_status_query,delivery_delay,0,"@USER It would be nice to know if my order is shipping any time soon. I ordered 24 hours ago with same day delivery. The status has been not yet shipped all day. Was supposed to be here at 9 pm today, 1.5 hours ago.",,
golden_rep-2374486,2374486,golden_rep,svm,message_only,en,hard,self_contained,complaint,order_status_query,service_complaint_escalation,0,@USER how can an order be “delivered by 8pm today” and “not yet shipped”?,,
golden_rep-1397273,1397273,golden_rep,svm,message_only,en,easy,self_contained,support_request,order_status_query,none,0,i want to buy echo spot when did it launch in india @USER @USER @USER @USER,,
golden_rep-1755281,1755281,golden_rep,svm,message_only,en,hard,context_helpful,support_request,other_unclear,delivery_delay,0,@USER so I got this email. But I don't shop with Amazon so it might be a spam? Thought I would let you people know anyway. URL,,
golden_rep-467536,467536,golden_rep,svm,message_only,en,hard,context_helpful,complaint,product_return_and_replacement,delivered_but_not_received,0,@USER Not received the item. App is not upto the mark so did not get terms &amp; conditions clearly while placing order hence lost cashback offer also. Poor experience overall.,,
golden_rep-1147828,1147828,golden_rep,svm,message_only,en,hard,context_helpful,follow_up,product_return_and_replacement,device_app_issue,0,@USER I HAVE OPTED for no cost emi thats why i am doing follow ups... Otherwise i am not a free person to exchange tweets and mails with u,,
golden_rep-2454046,2454046,golden_rep,svm,message_only,en,easy,context_helpful,acknowledgement,product_return_and_replacement,account_access,0,@USER No idea 😂 I've started a return and reordered URL,,
golden_rep-679025,679025,golden_rep,svm,message_only,en,medium,context_helpful,support_request,product_return_and_replacement,service_complaint_escalation,0,Hi @USER I purchased the wrong colour kindle and forgot to tick u registered. Can I exchange for a different colour?,,
golden_rep-2460750,2460750,golden_rep,svm,message_only,en,easy,self_contained,complaint,product_return_and_replacement,none,0,@USER So I had ordered a Moto G5s and I got a Moto G5 plus. Please do something about it. Thank you URL,,
golden_rep-2450570,2450570,golden_rep,svm,message_only,en,easy,self_contained,complaint,product_return_and_replacement,delivered_but_not_received,0,amazon sent the wrong cases 😩🤦🏾‍♀️,,
golden_rep-2608094,2608094,golden_rep,svm,message_only,en,medium,context_helpful,support_request,product_return_and_replacement,refund_request,0,@USER if I got a product and it didn’t come with everything listed who would I contact to get the rest to the product ?,,
golden_rep-982267,982267,golden_rep,svm,message_only,en,easy,self_contained,complaint,product_return_and_replacement,other_unclear,0,Wtf @USER ... I ordered an altitude mask and you sent me a ‘tutu’ ?!😂🤦🏼‍♂️ URL,,
golden_rep-2291505,2291505,golden_rep,svm,message_only,en,hard,context_helpful,support_request,product_return_and_replacement,device_app_issue,0,@USER I have buy Nokia 6 from Amazon India. The phone's display has purple colour on right side of the display. I want to replace my phone but Amazon can't. What can I do ? Help ASAP.,,
golden_rep-1018235,1018235,golden_rep,svm,message_only,en,hard,context_helpful,complaint,product_return_and_replacement,service_complaint_escalation,0,"@USER Now amazon starts blackmailing customers by sending wrong product and when return req. placed,They says ship prdct back by urself",,
golden_rep-1229460,1229460,golden_rep,svm,message_only,en,hard,context_helpful,complaint,product_return_and_replacement,other_unclear,0,"Hey, @USER, this DVD is a fraud. It claims to be the lost 1917 Cleopatra but is really the 1912 version. URL",,
golden_rep-2484077,2484077,golden_rep,svm,message_only,en,easy,self_contained,complaint,product_return_and_replacement,service_complaint_escalation,0,I payed good money for this cup that I received today in the post! I am deeply disappointed that it’s faulty #donotbuy @USER URL,,
golden_rep-345473,345473,golden_rep,svm,message_only,en,hard,context_helpful,complaint,product_return_and_replacement,none,0,Dear @USER You suck. We’ve had to replace one device already bc it keeps malfunctioning. The “new” one is malfunctioning too.,,
golden_rep-676899,676899,golden_rep,svm,message_only,en,hard,context_helpful,complaint,product_return_and_replacement,none,0,@USER why haven’t you fulfilled Lex Luthor’s order of a blue-ray copy of A league of their own? Amazon you have to stop doing an injustice to Lex he might start a league! #JusticeLeague,,
golden_rep-18706,18706,golden_rep,svm,message_only,en,medium,context_helpful,support_request,refund_request,refund_request,1,@USER U kindly refund the amount back .. I have sent back the product and I demand a refund for the same .never had such dissaponments wit amazon,,
golden_rep-1436650,1436650,golden_rep,svm,message_only,en,easy,self_contained,complaint,refund_request,refund_request,1,@USER shady service - trying to steal my money - promised a refund on delivery to hotel as didn't arrive as promised. Now told no refund!,,
golden_rep-2712534,2712534,golden_rep,svm,message_only,en,medium,context_helpful,support_request,refund_request,delivery_delay,0,"This is the second time Prime Now has delivered an order with missing items, and I can't find a way to request a refund in the app.",,
golden_rep-1420491,1420491,golden_rep,svm,message_only,en,medium,context_helpful,follow_up,refund_request,charge_issue,0,@USER Yes i have sent my details via the form. I have cancelled the product and dont want to be associated with amazon refund my money to my CC,,
golden_rep-915961,915961,golden_rep,svm,message_only,en,medium,context_helpful,follow_up,refund_request,service_complaint_escalation,0,@USER how would you justify blocking a customer’s number who’s awaiting a refund?,,
golden_rep-2515914,2515914,golden_rep,svm,message_only,en,medium,context_helpful,follow_up,refund_request,device_app_issue,0,"@USER Yes on all three orders, then you kept arguing with me about how it wasn’t your fault and how you don’t have the resources to refund my Prime membership",,
golden_rep-2217342,2217342,golden_rep,svm,message_only,en,hard,context_helpful,complaint,refund_request,charge_issue,0,"@USER Yes, and now you are rejecting the claim but the seller is sketchy.",,
golden_rep-1893565,1893565,golden_rep,svm,message_only,en,medium,context_helpful,follow_up,service_complaint_escalation,other_unclear,0,@USER Nope...never received a call,,
golden_rep-1763226,1763226,golden_rep,svm,message_only,en,medium,context_helpful,complaint,service_complaint_escalation,device_app_issue,0,@USER Yes. I have also spent 8 hours on live chat.,,
golden_rep-2573750,2573750,golden_rep,svm,message_only,en,medium,context_helpful,complaint,service_complaint_escalation,account_access,0,"@USER I've checked all of my folders. Like I said, the number in that link is the exact one I have called five times. I'm a Prime member who has been locked from their account for three weeks and have had nothing visible done to remedy this.",,
golden_rep-1541879,1541879,golden_rep,svm,message_only,en,medium,context_helpful,complaint,service_complaint_escalation,charge_issue,0,@USER Look your cust service people just emailed to say they couldn’t deal with me because my email isn’t recognised. So unhelpful,,
golden_rep-1415560,1415560,golden_rep,svm,message_only,en,medium,context_helpful,complaint,service_complaint_escalation,other_unclear,0,"@USER Yes, I'm talking to a representative again but I'm still super disappointed.. The call I made last night with you guys was useless",,
golden_rep-334873,334873,golden_rep,svm,message_only,en,medium,context_helpful,complaint,service_complaint_escalation,refund_request,0,@USER 6 years of shopping and never had an issue with CS until tonight. 10 mins later and no reply. URL,,
golden_rep-272875,272875,golden_rep,svm,message_only,en,medium,context_helpful,complaint,service_complaint_escalation,refund_request,0,"@USER I checked the link even on the desktop. There's no link given to contact support, that's why i am pinging you here.",,
golden_rep-1537572,1537572,golden_rep,svm,message_only,en,medium,context_helpful,complaint,service_complaint_escalation,charge_issue,0,"3/ @USER WHY IS IT SO HARD TO REPORT A SHIPPING PROBLEM? Yesterday I got the ""chat is too slow, please call"" option. Why no message/email?",,
golden_rep-411902,411902,golden_rep,svm,message_only,en,easy,self_contained,complaint,service_complaint_escalation,service_complaint_escalation,1,"I will NEVER use @USER @USER for my business ever again. Bad customer service, impolite, and impressionable",,
golden_rep-1588773,1588773,golden_rep,svm,message_only,en,easy,self_contained,complaint,service_complaint_escalation,refund_request,0,"God damn it, but @USER is getting worse and worse and worse as time goes on. Maybe it's time to dump all @USER services and move on.",,
golden_rep-2353843,2353843,golden_rep,svm,message_only,en,medium,context_helpful,complaint,service_complaint_escalation,delivery_delay,0,@USER I am sorry but I would like to receive a phone call &amp; have this matter resolved asap! I have phoned 5 times now &amp; every time I get nothing. I am £90 down on an error on your part. This has been going on for almost 3 weeks now &amp; it’s time for you to actually do something.,,
golden_rep-1136222,1136222,golden_rep,svm,message_only,en,hard,context_helpful,complaint,service_complaint_escalation,other_unclear,0,@USER Already send and call to 50 tym no proper response from ur side.. My neice birthday on 17 oct. Fake commitment 405-8158996-7018755oredr id,,
golden_rep-1384189,1384189,golden_rep,svm,message_only,en,easy,self_contained,complaint,service_complaint_escalation,service_complaint_escalation,1,"Bad experience , not a sense of customer Service or cost saving at all..... @USER #disappointed",,
golden_rep-1746071,1746071,golden_rep,svm,message_only,en,medium,context_helpful,complaint,service_complaint_escalation,delivered_but_not_received,0,"@USER I don’t this information to be public, as it’s impossible to reach your customer care on phone. So either they should call me or reach item",,
golden_rep-390810,390810,golden_rep,svm,message_only,en,hard,context_helpful,complaint,service_complaint_escalation,cancellation,0,@USER You must shut down your improper business. Now when the payment is done you're coming up with nasty excuses. Read the DM.,,
golden_rep-2151408,2151408,golden_rep,svm,message_only,en,medium,context_helpful,complaint,service_complaint_escalation,order_status_query,0,@USER doesn't provide way to claim #gst input credit for Business purchases. Even if I am giving all details they are denying this basic,,
golden_rep-2216600,2216600,golden_rep,svm,message_only,en,hard,context_helpful,complaint,service_complaint_escalation,service_complaint_escalation,1,@USER Dont trust Amazon India and @USER with any card cash back offers. They do not keep up to their promises!! Conveniently take 3 months so that customers forget about it!!! #FoolingPrimeCustomers,,
golden_rep-1250967,1250967,golden_rep,svm,message_only,en,hard,context_helpful,complaint,service_complaint_escalation,delivered_wrong_location,0,"Super disappointed in @USER lately. Lost packages, multiple wrong charges. What's the point of being prime 🙄🤔",,
golden_rep-2447260,2447260,golden_rep,svm,message_only,en,medium,context_helpful,complaint,service_complaint_escalation,refund_request,0,"@USER should only &amp; selectively use #USPS for certain deliveries since the majority of time your order isn't going to arrive as promised, thus defeating entire premise of #AmazonPrime This is about #logistics plain &amp; simple.",,
golden_rep-1179639,1179639,golden_rep,svm,message_only,en,hard,context_helpful,complaint,service_complaint_escalation,service_complaint_escalation,1,@USER was told to wait. Called you today. Told item has NOT been put in locker then told it HAD. Your agents can't keep up with their own lies.,,
golden_rep-2245407,2245407,golden_rep,svm,message_only,en,hard,context_helpful,complaint,service_complaint_escalation,charge_issue,0,@USER why my call gets dropped Kindly please check my call log and please take an appropriate actions Why my call dropped? In between URL,,
golden_rep-886169,886169,golden_rep,svm,message_only,en,hard,context_helpful,complaint,service_complaint_escalation,account_info_update,0,@USER The email was terribly short with no direction expect “we left you a voice mail win instructions” and I had no voice mails!,,
golden_chal-2814438,2814438,golden_chal,svm,message_only,es,hard,context_helpful,complaint,account_access,delivered_wrong_location,0,@USER Ya lo he intentado. Me llego un mail pidiendo que les envie un fax.. les mande el fax con el resumen de la tarjeta y mi cuenta continua bloqueada! NECESITO AYUDA @USER,,
golden_chal-2694949,2694949,golden_chal,svm,message_only,en,hard,self_contained,complaint,account_access,delivery_delay,0,I tried @USER prime years ago for 30 days before the student offer or music service existed but now I'm unable to trial it but keeps being displayed on homepage.,,
golden_chal-519702,519702,golden_chal,svm,message_only,en,hard,context_helpful,complaint,account_access,charge_issue,0,@USER I just want my psn codes so me and my friends can download and play a game tonight. After I get those I'll never bother you again.,,
golden_chal-2853614,2853614,golden_chal,svm,message_only,en,easy,self_contained,support_request,cancellation,service_complaint_escalation,0,"@USER Hi, I made an order and it went straight to cancelled! How can I un-cancel? I bought these on blackfriday.",,
golden_chal-1955907,1955907,golden_chal,svm,message_only,en,hard,context_required,follow_up,charge_issue,delivery_delay,0,@USER URL,,
golden_chal-616914,616914,golden_chal,svm,message_only,en,hard,context_helpful,follow_up,charge_issue,charge_issue,1,@USER Same card. Most orders are paid with gift vouchers. You say it’s because I’m buying others say it’s because I sell. No one can give me a straight answer. I currently have 4 £1 trans in my account.,,
golden_chal-197857,197857,golden_chal,svm,message_only,en,hard,context_helpful,complaint,charge_issue,none,0,@USER It is your responsibility to bar sellers like these on your platform. An increase in 1300 rupees is criminal.,,
golden_chal-1845984,1845984,golden_chal,svm,message_only,en,hard,context_helpful,follow_up,charge_issue,charge_issue,1,@USER But I have already activated the card?,,
golden_chal-1568158,1568158,golden_chal,svm,message_only,en,hard,context_helpful,complaint,charge_issue,product_return_and_replacement,0,@USER And I have another one too this one's actual MRP is Rs. 525/ Frontech 700 MB 5001 FC BLANK CD-R- 50 Pcs URL,,
golden_chal-834216,834216,golden_chal,svm,message_only,en,hard,context_helpful,clarification,delivered_but_not_received,product_return_and_replacement,0,@USER AMZL US,,
golden_chal-2798309,2798309,golden_chal,svm,message_only,en,hard,context_required,follow_up,delivered_but_not_received,service_complaint_escalation,0,"@USER Sure, the thing is that I saw notified that my package arrived and this photo came with the notification. URL",,
golden_chal-689484,689484,golden_chal,svm,message_only,en,medium,context_helpful,complaint,delivered_but_not_received,delivery_delay,0,Did @USER really just not deliver my package and instead of taking responsibilty they ask me to contact usps and file a police report!? Really? After years of being a prime member I am glad to have cancelled my membership smh,,
golden_chal-1242242,1242242,golden_chal,svm,message_only,en,hard,context_helpful,complaint,delivered_but_not_received,service_complaint_escalation,0,@USER Your customer service is the worst first they investigated the wrong item then they thought I got someone else’s package now they say I,,
golden_chal-1578555,1578555,golden_chal,svm,message_only,de,hard,context_helpful,complaint,delivered_wrong_location,none,0,@USER @USER Same here. Amazon hat mich auch im Stich gelassen heute :(,,
golden_chal-2284883,2284883,golden_chal,svm,message_only,en,hard,context_helpful,complaint,delivered_wrong_location,refund_request,0,"@USER Wasn’t my order, it was my neighbors. No idea what his name is. Not trying to tattle. Just pointing out you aren’t hiring the best, most trustworthy people to justify the key service here.",,
golden_chal-2170818,2170818,golden_chal,svm,message_only,en,hard,context_required,follow_up,delivery_delay,none,0,@USER @USER ??,,
golden_chal-842315,842315,golden_chal,svm,message_only,fr,hard,context_helpful,clarification,delivery_delay,account_access,0,"@USER Transporteur : Amazon Logistics, n° de suivi CA0002376203",,
golden_chal-2171079,2171079,golden_chal,svm,message_only,en,medium,self_contained,complaint,delivery_delay,delivery_delay,1,Sound een pre-ordering a game from @USER only to have it not show up when it's supposed to. Could have just went to the fucking shops for it if I knew it wasn't going to be delivered today 🙃,,
golden_chal-2785904,2785904,golden_chal,svm,message_only,en,medium,context_helpful,complaint,delivery_delay,refund_request,0,"@USER No one seems sure. Cust service said ""hopefully"" it will arrive tomorrow.",,
golden_chal-1379340,1379340,golden_chal,svm,message_only,it,medium,self_contained,support_request,device_app_issue,none,0,@USER @USER C'è speranza di avere l'app #PrimeVideo sul Sony UHP-H1?,,
golden_chal-227064,227064,golden_chal,svm,message_only,ja,medium,self_contained,support_request,device_app_issue,order_status_query,0,AmazonリーディングってこれKindleのアプリからいけねぇのか？,,
golden_chal-1645512,1645512,golden_chal,svm,message_only,en,hard,context_helpful,complaint,device_app_issue,delivered_wrong_location,0,@USER I'm having it on the full site and the mobile site on all browsers. I don't use the app. Shopping works...I just can't buy.,,
golden_chal-2497106,2497106,golden_chal,svm,message_only,en,medium,context_helpful,complaint,device_app_issue,none,0,"@USER @USER @USER @USER @USER @USER @USER @USER @USER Given that the app is launched in India, I was hoping that English(India) language would also be available to choose 😕",,
golden_chal-487688,487688,golden_chal,svm,message_only,fr,medium,context_helpful,acknowledgement,none,account_access,0,"Mieux vaut tard que jamais... Commandé dimanche avec #AmazonPrime, reçu vendredi avec @USER! Cc @USER URL",,
golden_chal-1451501,1451501,golden_chal,svm,message_only,pt,medium,context_helpful,acknowledgement,none,charge_issue,0,"@USER Como foi minha primeira compra, eu comprei 2 (use a cabeça c E linux a bíblia), mas já estou fazendo a lista das próximas compras",,
golden_chal-787658,787658,golden_chal,svm,message_only,es,medium,context_helpful,acknowledgement,none,account_info_update,0,@USER ¡Gracias todo resuelto!,,
golden_chal-893308,893308,golden_chal,svm,message_only,pt,hard,context_helpful,unknown,none,charge_issue,0,"Atualizando meu @USER e quais são meus maiores gastos do mês? Sim meus caros, @USER , claro.",,
golden_chal-2254596,2254596,golden_chal,svm,message_only,it,easy,context_helpful,acknowledgement,none,product_return_and_replacement,0,"@USER Grazie, buonanotte 😊",,
golden_chal-426141,426141,golden_chal,svm,message_only,es,medium,self_contained,acknowledgement,none,charge_issue,0,"Cualquier día antes de que decida en pedir algo en @USER ,me ha llegado Dios que velocidad 😃😃",,
golden_chal-816342,816342,golden_chal,svm,message_only,it,hard,self_contained,unknown,none,account_access,0,#AmazonIndia URL,,
golden_chal-2586341,2586341,golden_chal,svm,message_only,ja,medium,self_contained,acknowledgement,none,order_status_query,0,アマゾンプライムミュージック入れたが、ペルソナだけで年会費の価値超えててすげぇ……,,
golden_chal-365605,365605,golden_chal,svm,message_only,fr,medium,context_helpful,acknowledgement,none,product_return_and_replacement,0,"@USER je viens de recevoir, désolé pour le dérangement",,
golden_chal-2472354,2472354,golden_chal,svm,message_only,ja,medium,context_helpful,acknowledgement,none,product_return_and_replacement,0,@USER これから特典たくさん利用したいと思ってます！ わざわざリプライありがとうございます！☺️,,
golden_chal-1033752,1033752,golden_chal,svm,message_only,de,medium,context_helpful,acknowledgement,none,device_app_issue,0,"@USER Genau JETZT kam die Mail, dass mein Paket gleich ankommt. 👍 Danke für den tollen Kundenservice und die immer zügigen Antworten!",,
golden_chal-1738390,1738390,golden_chal,svm,message_only,ja,medium,self_contained,acknowledgement,none,account_access,0,Amazonで頼んだやつ来たーーー！！ 😈ｷﾞﾗﾝ そして俺の姉達はもうクリスマス🎅気分w←ついこの間ハロウィン🎃終わったばかりなのに､､､ww URL,,
golden_chal-2151072,2151072,golden_chal,svm,message_only,ja,easy,context_helpful,acknowledgement,none,product_return_and_replacement,0,@USER あ、ありがとうございます🙇‍♀️,,
golden_chal-1130527,1130527,golden_chal,svm,message_only,en,hard,context_helpful,support_request,order_status_query,delivered_but_not_received,0,@USER Invoice no: TN-MAA4-__credit_card__,,
golden_chal-2149534,2149534,golden_chal,svm,message_only,en,hard,context_helpful,complaint,order_status_query,delivered_but_not_received,0,"@USER Ok but when placing an order, your site always tells you if the item is eligible for P.O. box delivery or not. My order was processed and went through with no issues",,
golden_chal-2609965,2609965,golden_chal,svm,message_only,fr,hard,context_helpful,complaint,other_unclear,account_access,0,Bonjour @USER je viens de recevoir mon colis que j’avais demandé à être envoyé dans un colis Amazon pour cacher les informations du produit or ce n’est pas le cas. Pourquoi ? Amazon de moins en moins satisfaisant...,,
golden_chal-2909124,2909124,golden_chal,svm,message_only,en,hard,context_helpful,complaint,other_unclear,charge_issue,0,I love @USER but really?? You mailed this at Christmas without putting it in a plain box???? My kids saw it outside when they got off the bus! #christmasruined URL,,
golden_chal-582649,582649,golden_chal,svm,message_only,en,hard,context_helpful,follow_up,product_return_and_replacement,product_return_and_replacement,1,@USER *occassion,,
golden_chal-835153,835153,golden_chal,svm,message_only,en,easy,self_contained,complaint,product_return_and_replacement,service_complaint_escalation,0,I bought a captain America T-shirt from @USER and they sent me Rupa baniyan #AccheDin ? @USER URL,,
golden_chal-2679197,2679197,golden_chal,svm,message_only,en,hard,context_required,follow_up,product_return_and_replacement,none,0,@USER @USER Amazon is not supposed to take returns of our item. Did they replace it for you?,,
golden_chal-694411,694411,golden_chal,svm,message_only,en,medium,context_helpful,follow_up,product_return_and_replacement,service_complaint_escalation,0,@USER I did !! Request you to please give me the email address on which i can fwd you the video.,,
golden_chal-972720,972720,golden_chal,svm,message_only,en,hard,context_required,follow_up,refund_request,refund_request,1,"#KaroMilkeTayyari for superb discounts on superb brands at #AmazonGreatIndianFestival. Ready with your wish-lists? Hurry, only 3 days to go. URL",,
golden_chal-232399,232399,golden_chal,svm,message_only,fr,medium,self_contained,complaint,service_complaint_escalation,none,0,En fait #Amazonprime c'est surtout de la merde non? Ça existe un livreur qui fait son taf à Paris ou c'est une utopie? @USER @USER,,
golden_chal-102915,102915,golden_chal,svm,message_only,en,medium,context_helpful,complaint,service_complaint_escalation,product_return_and_replacement,0,@USER And this is your TR customer: URL,,
golden_chal-2747122,2747122,golden_chal,svm,message_only,en,easy,self_contained,complaint,service_complaint_escalation,service_complaint_escalation,1,Is it just me or has anyone else noticed that the @USER customer service has decreased recently?! They can barely speak English and I'm convinced I'm talking to a computer due to their automated responses.,,
golden_chal-2521823,2521823,golden_chal,svm,message_only,en,easy,self_contained,complaint,service_complaint_escalation,service_complaint_escalation,1,@USER Wow each email I get is worse. Clearly no one actually reads what you write to customer services!!,,
golden_chal-1323314,1323314,golden_chal,svm,message_only,en,medium,context_helpful,complaint,service_complaint_escalation,delivered_but_not_received,0,@USER Look what reply we get when we complain to Amazon..... URL,,
test-535015,535015,test,majority,message_context,en,medium,context_helpful,complaint,delivery_delay,none,0,@USER @USER Ok...then 1. why on Friday it was updated thru sms that courier attempt failed as customer not available 2. Why on Saturday it was told that I will get my courier on Saturday itself but still not delivered ?,,
test-2837028,2837028,test,majority,message_context,pt,medium,self_contained,complaint,product_return_and_replacement,none,0,"@USER eu estou decepcionada com a amazon, vcs vendem livros sem ao menos dar um aviso prévio de que o livro é versão econômica!! nunca mais compro com vcs.",,
test-407498,407498,test,majority,message_context,en,easy,self_contained,complaint,delivery_delay,none,0,@USER why do y'all hate me? I haven't gotten a single thing on time??,,
test-351165,351165,test,majority,message_context,ja,medium,self_contained,complaint,none,none,1,一番ぐぬぬぬしてるのが、密林用意の密林発送なのに、代引きコンビニ支払い不可で、クレ払いのみってやつがぐぬぬぬぬぬぬしてる(クレカは持たない主義) いちいちギフカ買うのめんどくさいよ〜〜〜,,
test-783437,783437,test,majority,message_context,en,easy,self_contained,support_request,delivered_but_not_received,none,0,@USER i got the notification that I received my package but i did not and I waited an hour and nothing has came yet!,,
test-411435,411435,test,majority,message_context,en,medium,self_contained,complaint,cancellation,none,0,I searched a book on amazon and it just automatically bought it wtf,,
test-1106537,1106537,test,majority,message_context,en,medium,self_contained,complaint,delivery_delay,none,0,@USER should b like #AmazonPrimeNEVER. Order placed 4 hrs ago &amp; watched driver go opposite direction while in 'hood. #inept #shame,,
test-619219,619219,test,majority,message_context,es,medium,context_helpful,complaint,delivery_delay,none,0,"@USER Mañana, pero eso son 8 días después de realizar el pedido. Con estos plazos no creo que cambie mi compra en supermercado por Pantry",,
test-132555,132555,test,majority,message_context,de,easy,self_contained,complaint,delivery_delay,none,0,"@USER Heute versandt, Dienstag geliefert? Früher wart ihr bei Prime-Versand mal schneller... :-( URL",,
test-1380925,1380925,test,majority,message_context,en,medium,self_contained,complaint,delivery_delay,none,0,@USER What's d big idea behind Amazon Prime's promise of 1 day delivery.? While ordering it says 3-4 days for delivery. #Disappointed.,,
test-2616364,2616364,test,majority,message_context,en,easy,self_contained,unknown,none,none,1,@USER will OnePlus 5T have No Cost EMI as payment option on @USER,,
test-2089262,2089262,test,majority,message_context,ja,easy,self_contained,acknowledgement,none,none,1,Amazon仕事早ーい(笑)(。-∀-)姪っ子ちゃんらのクリスマスプレゼントもうきた(笑)(。-∀-)🎄🎅🎁✨ URL,,
test-2830752,2830752,test,majority,message_context,en,easy,self_contained,complaint,service_complaint_escalation,none,0,@USER worst customer service __email__.,,
test-470156,470156,test,majority,message_context,en,easy,self_contained,complaint,none,none,1,"Dear @USER, today is Friday. You really don't need to keep sending cyber Monday emails. Thank you, The World.",,
test-1466972,1466972,test,majority,message_context,en,medium,context_helpful,complaint,delivery_delay,none,0,"@USER I was told it was a amazon carrier! But the fact that I received a email on Wednesday to say my parcel was out for delivery and would be there by 8pm that day to now be into Saturday and to now be told oh sorry we don’t know where the parcel is, is an absolute joke!",,
test-271574,271574,test,majority,message_context,ja,medium,context_helpful,complaint,product_return_and_replacement,none,0,@USER お仕事ご苦労さまです。 返品申し込みをさせて頂きました。 完全な誤商品というよりは商品ページの記載に問題があるのでは？という気がしておりますが、返品しますのでまあもういいかなという感じです。今日使いたかったので不信感で腹が立ってしまいました。 わざわざリプありがとうございました。,,
test-234234,234234,test,majority,message_context,es,medium,self_contained,unknown,none,none,1,@USER Sí lo he hecho. Pero hay preguntas de clientes respondidas hace años por el propio vendedor y la información en la ficha sigue mal,,
test-2520585,2520585,test,majority,message_context,ja,easy,self_contained,acknowledgement,none,none,1,プライムはいりますたw glee cast 聴き放題なの嬉しい！！ URL,,
test-897110,897110,test,majority,message_context,en,hard,context_required,clarification,service_complaint_escalation,none,0,@USER I just sent the requested details through my mail to __email__,,
test-576056,576056,test,majority,message_context,en,easy,self_contained,acknowledgement,none,none,1,Shout out to the #Boston @USER @USER and @USER for the beautiful wreath! Brought it home to surprise my wife and it smelled amazing when I opened the box and she loved it! #Winning #TreasureTruck URL,,
test-1548344,1548344,test,majority,message_context,en,hard,context_required,clarification,none,none,1,"@USER Yes, I have.",,
test-2093938,2093938,test,majority,message_context,hi,hard,self_contained,complaint,charge_issue,none,0,@USER @USER @USER @USER 2000रूपये के लिए यह कंपनी बेईमानी धोखेबाजी कर लेती हे ऐसी तुछ ओछी हरकत मेरे साथ हुई हे मुझे अबreorderकरने के लिए कहा जा रहा हे ताकि मुझे अब10999की जगह12999देने पड़ेंगे इसी सोचीसमझी साजिस के तहत मेरेorderको बीच रास्ते से return कर लिया था ? URL,,
test-2813544,2813544,test,majority,message_context,en,easy,self_contained,complaint,delivered_wrong_location,none,0,My @USER package was stolen today..,,
test-179430,179430,test,majority,message_context,en,hard,context_required,support_request,other_unclear,none,0,@USER I need an urgent help??,,
test-2162437,2162437,test,majority,message_context,en,medium,self_contained,complaint,product_return_and_replacement,none,0,@USER you guys damage a package in transit &amp; then ask me to reorder the whole thing &amp; wait for another 10 days for delivery?!,,
test-2942015,2942015,test,majority,message_context,en,medium,self_contained,unknown,cancellation,none,0,"@USER @USER I've bought a G5s Plus already for a family member. Will my order, if placed, for another one for personal use be cancelled now?",,
test-414010,414010,test,majority,message_context,ja,easy,self_contained,complaint,delivery_delay,none,0,Amazonで頼んだやつかれこれ２週間待ってる( ˙-˙ )←遅いなぁ....,,
test-1308262,1308262,test,majority,message_context,en,medium,self_contained,complaint,delivered_wrong_location,none,0,What the heck is this @USER. Inexcusable! Packages from other floors in my office building just sitting there in the hallway of 4th floor URL,,
test-2939131,2939131,test,majority,message_context,de,medium,context_helpful,unknown,none,none,1,"@USER Ist ein Kontakt auch als Firmenkunde möglich wenn man nicht der eingetragene Ansprechpartner, sondern nur ausführender Sachbearbeiter ist?",,
test-1968370,1968370,test,majority,message_context,en,medium,context_helpful,complaint,cancellation,none,0,@USER My order showing cancelled...What the hell?,,
val-71873,71873,val,majority,message_context,en,hard,context_helpful,complaint,service_complaint_escalation,none,0,"@USER @USER @USER @USER @USER No Resolution yet. Haha, I am getting a email on 1st December 2017 for an pickup of 28th November. For Amazon time will go in reverse and they will come to me on 28th November 2017 for pickup. #greatfun URL",,
val-471605,471605,val,majority,message_context,ja,easy,self_contained,complaint,delivered_wrong_location,none,0,Amazonで北海道に荷物頼んだらなぜか島根県へと配送されていた…,,
val-1655018,1655018,val,majority,message_context,en,hard,context_required,clarification,none,none,1,@USER tell me what detail do you need? URL,,
val-218049,218049,val,majority,message_context,en,medium,self_contained,support_request,device_app_issue,none,0,Why can't I pre order @USER @USER on @USER app the @USER one isn't showing up #Wrestling #2K18 #XBoxOne,,
val-2828095,2828095,val,majority,message_context,fr,easy,self_contained,complaint,product_return_and_replacement,none,0,@USER Je viens de recevoir un colis et le livre est arrivé en mauvais état. Est ce normal ? @USER URL,,
val-719853,719853,val,majority,message_context,en,easy,self_contained,acknowledgement,none,none,1,good job @USER URL,,
val-1103613,1103613,val,majority,message_context,en,easy,self_contained,complaint,delivered_but_not_received,none,0,why would @USER say the package was delivered if it wasn't?,,
val-2472404,2472404,val,majority,message_context,en,easy,self_contained,support_request,product_return_and_replacement,none,0,"@USER hi there! i've got two items to return, and the amazon locker reservation time on one of them has expired- can i just put them both in one box in the locker space i still have available? if not, how do i go about getting a new locker space reservation? thanks!",,
val-437366,437366,val,majority,message_context,en,easy,self_contained,complaint,delivered_wrong_location,none,0,@USER My Mobile delivered to someone else.Waste of choosing 2day delivery.No response from CustomerCare.Feeling insecure to pay online,,
val-980000,980000,val,majority,message_context,ja,medium,context_helpful,unknown,none,none,1,@USER メルアドを登録し忘れててたのですが コンビニで支払う11桁の支払番号は 注文履歴で確認することはできますか？,,
val-2567029,2567029,val,majority,message_context,en,easy,self_contained,complaint,none,none,1,Ordered a Christmas brooch from @USER for same day posting...came literally after i've had my dinner. My only complaint is...why does the package box need to be so big? Thought we were trying to save the environment. URL,,
val-1780206,1780206,val,majority,message_context,en,easy,self_contained,unknown,none,none,1,@USER Is there a way to restrict one amazon echo to one specific person in the household?,,
val-2360502,2360502,val,majority,message_context,en,hard,context_required,follow_up,none,none,1,@USER I've shared my contact details and the problems which I faced (In detail). Waiting for your response... URL,,
val-1394424,1394424,val,majority,message_context,en,hard,self_contained,complaint,other_unclear,none,0,"@USER @USER Order# 407-8361283-2219545 . Your delivery agent telephoned us and asked to ""come and collect the parcel """,,
val-2416355,2416355,val,majority,message_context,en,medium,self_contained,complaint,service_complaint_escalation,none,0,@USER &amp; @USER I had to struggle a lot to find the option to contact/chat regarding my order. Not a user friendly experience :(,,
val-167910,167910,val,majority,message_context,fr,easy,self_contained,unknown,none,none,1,"@USER Entre nous, la Switch ne descendra pas en dessous de 292€, même pour le black friday ou le cyber monday, pas vrai? Que je sache si je dois me jeter dessus maintenant et prendre les jeux en boutique (cheques cadeaux ftw!)",,
val-2208276,2208276,val,majority,message_context,en,hard,context_required,follow_up,delivery_delay,none,0,"@USER @USER Happened to me, too. Gotta wait until the 13th to play it.",,
val-502468,502468,val,majority,message_context,es,easy,self_contained,unknown,none,none,1,"Ey @USER, estaría bien que tanto en la app como en la web tuviérais un apartado de novedades, para ver lo que vais incluyendo en vuestro catálogo. Da cosa enterarse por otras personas o por casualidad.",,
val-2596396,2596396,val,majority,message_context,en,medium,context_helpful,complaint,service_complaint_escalation,none,0,@USER Alrdy done,,
val-858760,858760,val,majority,message_context,en,easy,self_contained,complaint,service_complaint_escalation,none,0,"As an event design company, we spend $$$ with @USER every year. Why can't we post reviews &amp; ask questions in the @USER community. Sick of waiting for your Call! FIX IT!",,
val-764802,764802,val,majority,message_context,en,medium,self_contained,complaint,delivered_wrong_location,none,0,"Dear twatty courier for @USER who thought it would be a good idea to leave my uni books in cardboard in the rain, you're an utter wanker.",,
val-2516925,2516925,val,majority,message_context,ja,medium,self_contained,complaint,device_app_issue,none,0,@USER iPadのwebからほしい物リストに追加すると勝手に買い物かごに追加されてしまいます。ブラウザはchromeです。修正お願いします。,,
val-275517,275517,val,majority,message_context,ja,easy,self_contained,acknowledgement,none,none,1,Amazon届いた⋆⸜(* ॑꒳ ॑* )⸝ﾋﾟｮﾝﾋﾟｮﾝ 買いまくってしまったイエベ秋似合うという化粧品⋆⸜(* ॑꒳ ॑* )⸝ﾋﾟｮﾝﾋﾟｮﾝ とずっと気になってたケイトのブルーグロス⋆⸜(* ॑꒳ ॑* )⸝ﾋﾟｮﾝﾋﾟｮﾝ URL,,
val-2571862,2571862,val,majority,message_context,en,easy,context_helpful,acknowledgement,none,none,1,@USER Will do. Thanks.,,
val-204928,204928,val,majority,message_context,ja,easy,context_helpful,acknowledgement,none,none,1,Amazonプライムミュージックにドリカムが入ってるのを発見！JBLに繋いで大音量でお掃除♪♪♪ URL,,
val-840845,840845,val,majority,message_context,ja,hard,self_contained,complaint,product_return_and_replacement,none,0,アマゾンで頼んだバラストが初期不良で新しい物を送ってくれって言ったら中国直送で2週間かかるとか言われたんだけど、 そろそろかなと思って確認しに行ったら受取人不明で返送されたとか言われたんだけど どうしてくれる（怒）,,
val-1453811,1453811,val,majority,message_context,de,medium,self_contained,follow_up,delivery_delay,none,0,"@USER hallo, Paket sollte gestern (Feiertag) zugestellt worden sein. Ortung des Pakets ist ca 40-50 km von mir weg. Was kann ich tun?",,
val-2052149,2052149,val,majority,message_context,en,easy,self_contained,acknowledgement,none,none,1,@USER Done! Thanks,,
val-382580,382580,val,majority,message_context,fr,medium,self_contained,follow_up,delivered_but_not_received,none,0,Énième souci avec une commande @USER dont le colis a été retourné à l’expéditeur suite à une erreur de tri. Cmt vous contacter ?,,
val-215983,215983,val,majority,message_context,en,easy,self_contained,acknowledgement,none,none,1,@USER Just wanted to say thank you for your fast responses. Amazon is the best.,,
golden_all-2814438,2814438,golden_all,majority,message_context,es,hard,context_helpful,complaint,account_access,none,0,@USER Ya lo he intentado. Me llego un mail pidiendo que les envie un fax.. les mande el fax con el resumen de la tarjeta y mi cuenta continua bloqueada! NECESITO AYUDA @USER,,
golden_all-2694949,2694949,golden_all,majority,message_context,en,hard,self_contained,complaint,account_access,none,0,I tried @USER prime years ago for 30 days before the student offer or music service existed but now I'm unable to trial it but keeps being displayed on homepage.,,
golden_all-519702,519702,golden_all,majority,message_context,en,hard,context_helpful,complaint,account_access,none,0,@USER I just want my psn codes so me and my friends can download and play a game tonight. After I get those I'll never bother you again.,,
golden_all-2853614,2853614,golden_all,majority,message_context,en,easy,self_contained,support_request,cancellation,none,0,"@USER Hi, I made an order and it went straight to cancelled! How can I un-cancel? I bought these on blackfriday.",,
golden_all-1955907,1955907,golden_all,majority,message_context,en,hard,context_required,follow_up,charge_issue,none,0,@USER URL,,
golden_all-616914,616914,golden_all,majority,message_context,en,hard,context_helpful,follow_up,charge_issue,none,0,@USER Same card. Most orders are paid with gift vouchers. You say it’s because I’m buying others say it’s because I sell. No one can give me a straight answer. I currently have 4 £1 trans in my account.,,
golden_all-197857,197857,golden_all,majority,message_context,en,hard,context_helpful,complaint,charge_issue,none,0,@USER It is your responsibility to bar sellers like these on your platform. An increase in 1300 rupees is criminal.,,
golden_all-1845984,1845984,golden_all,majority,message_context,en,hard,context_helpful,follow_up,charge_issue,none,0,@USER But I have already activated the card?,,
golden_all-1568158,1568158,golden_all,majority,message_context,en,hard,context_helpful,complaint,charge_issue,none,0,@USER And I have another one too this one's actual MRP is Rs. 525/ Frontech 700 MB 5001 FC BLANK CD-R- 50 Pcs URL,,
golden_all-834216,834216,golden_all,majority,message_context,en,hard,context_helpful,clarification,delivered_but_not_received,none,0,@USER AMZL US,,
golden_all-2798309,2798309,golden_all,majority,message_context,en,hard,context_required,follow_up,delivered_but_not_received,none,0,"@USER Sure, the thing is that I saw notified that my package arrived and this photo came with the notification. URL",,
golden_all-689484,689484,golden_all,majority,message_context,en,medium,context_helpful,complaint,delivered_but_not_received,none,0,Did @USER really just not deliver my package and instead of taking responsibilty they ask me to contact usps and file a police report!? Really? After years of being a prime member I am glad to have cancelled my membership smh,,
golden_all-1242242,1242242,golden_all,majority,message_context,en,hard,context_helpful,complaint,delivered_but_not_received,none,0,@USER Your customer service is the worst first they investigated the wrong item then they thought I got someone else’s package now they say I,,
golden_all-1578555,1578555,golden_all,majority,message_context,de,hard,context_helpful,complaint,delivered_wrong_location,none,0,@USER @USER Same here. Amazon hat mich auch im Stich gelassen heute :(,,
golden_all-2284883,2284883,golden_all,majority,message_context,en,hard,context_helpful,complaint,delivered_wrong_location,none,0,"@USER Wasn’t my order, it was my neighbors. No idea what his name is. Not trying to tattle. Just pointing out you aren’t hiring the best, most trustworthy people to justify the key service here.",,
golden_all-2170818,2170818,golden_all,majority,message_context,en,hard,context_required,follow_up,delivery_delay,none,0,@USER @USER ??,,
golden_all-842315,842315,golden_all,majority,message_context,fr,hard,context_helpful,clarification,delivery_delay,none,0,"@USER Transporteur : Amazon Logistics, n° de suivi CA0002376203",,
golden_all-2171079,2171079,golden_all,majority,message_context,en,medium,self_contained,complaint,delivery_delay,none,0,Sound een pre-ordering a game from @USER only to have it not show up when it's supposed to. Could have just went to the fucking shops for it if I knew it wasn't going to be delivered today 🙃,,
golden_all-2785904,2785904,golden_all,majority,message_context,en,medium,context_helpful,complaint,delivery_delay,none,0,"@USER No one seems sure. Cust service said ""hopefully"" it will arrive tomorrow.",,
golden_all-1379340,1379340,golden_all,majority,message_context,it,medium,self_contained,support_request,device_app_issue,none,0,@USER @USER C'è speranza di avere l'app #PrimeVideo sul Sony UHP-H1?,,
golden_all-227064,227064,golden_all,majority,message_context,ja,medium,self_contained,support_request,device_app_issue,none,0,AmazonリーディングってこれKindleのアプリからいけねぇのか？,,
golden_all-1645512,1645512,golden_all,majority,message_context,en,hard,context_helpful,complaint,device_app_issue,none,0,@USER I'm having it on the full site and the mobile site on all browsers. I don't use the app. Shopping works...I just can't buy.,,
golden_all-2497106,2497106,golden_all,majority,message_context,en,medium,context_helpful,complaint,device_app_issue,none,0,"@USER @USER @USER @USER @USER @USER @USER @USER @USER Given that the app is launched in India, I was hoping that English(India) language would also be available to choose 😕",,
golden_all-487688,487688,golden_all,majority,message_context,fr,medium,context_helpful,acknowledgement,none,none,1,"Mieux vaut tard que jamais... Commandé dimanche avec #AmazonPrime, reçu vendredi avec @USER! Cc @USER URL",,
golden_all-1451501,1451501,golden_all,majority,message_context,pt,medium,context_helpful,acknowledgement,none,none,1,"@USER Como foi minha primeira compra, eu comprei 2 (use a cabeça c E linux a bíblia), mas já estou fazendo a lista das próximas compras",,
golden_all-787658,787658,golden_all,majority,message_context,es,medium,context_helpful,acknowledgement,none,none,1,@USER ¡Gracias todo resuelto!,,
golden_all-893308,893308,golden_all,majority,message_context,pt,hard,context_helpful,unknown,none,none,1,"Atualizando meu @USER e quais são meus maiores gastos do mês? Sim meus caros, @USER , claro.",,
golden_all-2254596,2254596,golden_all,majority,message_context,it,easy,context_helpful,acknowledgement,none,none,1,"@USER Grazie, buonanotte 😊",,
golden_all-426141,426141,golden_all,majority,message_context,es,medium,self_contained,acknowledgement,none,none,1,"Cualquier día antes de que decida en pedir algo en @USER ,me ha llegado Dios que velocidad 😃😃",,
golden_all-816342,816342,golden_all,majority,message_context,it,hard,self_contained,unknown,none,none,1,#AmazonIndia URL,,
golden_all-2586341,2586341,golden_all,majority,message_context,ja,medium,self_contained,acknowledgement,none,none,1,アマゾンプライムミュージック入れたが、ペルソナだけで年会費の価値超えててすげぇ……,,
golden_all-365605,365605,golden_all,majority,message_context,fr,medium,context_helpful,acknowledgement,none,none,1,"@USER je viens de recevoir, désolé pour le dérangement",,
golden_all-2472354,2472354,golden_all,majority,message_context,ja,medium,context_helpful,acknowledgement,none,none,1,@USER これから特典たくさん利用したいと思ってます！ わざわざリプライありがとうございます！☺️,,
golden_all-1033752,1033752,golden_all,majority,message_context,de,medium,context_helpful,acknowledgement,none,none,1,"@USER Genau JETZT kam die Mail, dass mein Paket gleich ankommt. 👍 Danke für den tollen Kundenservice und die immer zügigen Antworten!",,
golden_all-1738390,1738390,golden_all,majority,message_context,ja,medium,self_contained,acknowledgement,none,none,1,Amazonで頼んだやつ来たーーー！！ 😈ｷﾞﾗﾝ そして俺の姉達はもうクリスマス🎅気分w←ついこの間ハロウィン🎃終わったばかりなのに､､､ww URL,,
golden_all-2151072,2151072,golden_all,majority,message_context,ja,easy,context_helpful,acknowledgement,none,none,1,@USER あ、ありがとうございます🙇‍♀️,,
golden_all-1130527,1130527,golden_all,majority,message_context,en,hard,context_helpful,support_request,order_status_query,none,0,@USER Invoice no: TN-MAA4-__credit_card__,,
golden_all-2149534,2149534,golden_all,majority,message_context,en,hard,context_helpful,complaint,order_status_query,none,0,"@USER Ok but when placing an order, your site always tells you if the item is eligible for P.O. box delivery or not. My order was processed and went through with no issues",,
golden_all-2609965,2609965,golden_all,majority,message_context,fr,hard,context_helpful,complaint,other_unclear,none,0,Bonjour @USER je viens de recevoir mon colis que j’avais demandé à être envoyé dans un colis Amazon pour cacher les informations du produit or ce n’est pas le cas. Pourquoi ? Amazon de moins en moins satisfaisant...,,
golden_all-2909124,2909124,golden_all,majority,message_context,en,hard,context_helpful,complaint,other_unclear,none,0,I love @USER but really?? You mailed this at Christmas without putting it in a plain box???? My kids saw it outside when they got off the bus! #christmasruined URL,,
golden_all-582649,582649,golden_all,majority,message_context,en,hard,context_helpful,follow_up,product_return_and_replacement,none,0,@USER *occassion,,
golden_all-835153,835153,golden_all,majority,message_context,en,easy,self_contained,complaint,product_return_and_replacement,none,0,I bought a captain America T-shirt from @USER and they sent me Rupa baniyan #AccheDin ? @USER URL,,
golden_all-2679197,2679197,golden_all,majority,message_context,en,hard,context_required,follow_up,product_return_and_replacement,none,0,@USER @USER Amazon is not supposed to take returns of our item. Did they replace it for you?,,
golden_all-694411,694411,golden_all,majority,message_context,en,medium,context_helpful,follow_up,product_return_and_replacement,none,0,@USER I did !! Request you to please give me the email address on which i can fwd you the video.,,
golden_all-972720,972720,golden_all,majority,message_context,en,hard,context_required,follow_up,refund_request,none,0,"#KaroMilkeTayyari for superb discounts on superb brands at #AmazonGreatIndianFestival. Ready with your wish-lists? Hurry, only 3 days to go. URL",,
golden_all-232399,232399,golden_all,majority,message_context,fr,medium,self_contained,complaint,service_complaint_escalation,none,0,En fait #Amazonprime c'est surtout de la merde non? Ça existe un livreur qui fait son taf à Paris ou c'est une utopie? @USER @USER,,
golden_all-102915,102915,golden_all,majority,message_context,en,medium,context_helpful,complaint,service_complaint_escalation,none,0,@USER And this is your TR customer: URL,,
golden_all-2747122,2747122,golden_all,majority,message_context,en,easy,self_contained,complaint,service_complaint_escalation,none,0,Is it just me or has anyone else noticed that the @USER customer service has decreased recently?! They can barely speak English and I'm convinced I'm talking to a computer due to their automated responses.,,
golden_all-2521823,2521823,golden_all,majority,message_context,en,easy,self_contained,complaint,service_complaint_escalation,none,0,@USER Wow each email I get is worse. Clearly no one actually reads what you write to customer services!!,,
golden_all-1323314,1323314,golden_all,majority,message_context,en,medium,context_helpful,complaint,service_complaint_escalation,none,0,@USER Look what reply we get when we complain to Amazon..... URL,,
golden_all-1912145,1912145,golden_all,majority,message_context,en,medium,context_helpful,support_request,account_access,none,0,@USER - I am unable to order gifts for my husband or son because you display all purchases. Is there a way to secretly purchase so they can't see it? Maybe a password at a purchase level ?,,
golden_all-179205,179205,golden_all,majority,message_context,en,easy,context_helpful,complaint,account_access,none,0,@USER Read the previous tweets - I can’t log in! This has been going on for a day now!!!,,
golden_all-2789138,2789138,golden_all,majority,message_context,en,hard,context_helpful,support_request,account_access,none,0,Hello is there a way to check if I'm signed up to Prime? If so it's a mistake bc I can't afford the membership &amp; I noticed my packages are coming faster than expected. No complaints just can't afford Prime if charged @USER,,
golden_all-427799,427799,golden_all,majority,message_context,en,medium,self_contained,support_request,account_info_update,none,0,@USER can i pay with Amazon pay balance account for one year prime membership?? Plz reply,,
golden_all-22572,22572,golden_all,majority,message_context,en,medium,self_contained,support_request,cancellation,none,0,@USER Ordered on 7 October 2017 Order# 403-7284574-6433108 not yet delivered. No way to cancel and get refund.,,
golden_all-2899649,2899649,golden_all,majority,message_context,en,medium,context_helpful,support_request,cancellation,none,0,"@USER Welp, that didn’t do anything. I’m just going to cancel the order - I don’t see why I should keep waiting while it’s literally sitting on store shelves. URL",,
golden_all-136922,136922,golden_all,majority,message_context,en,hard,context_helpful,complaint,cancellation,none,0,@USER I am so upset I have just cancelled the whole order. Have you an email address I can write to you at. This is the first time I have ever received bad service from Amazon. He even brought me to tears,,
golden_all-880948,880948,golden_all,majority,message_context,en,hard,context_helpful,complaint,cancellation,none,0,@USER They act so bossy that they didn't even bother to make a call regarding the pickup Just a confirmation txt n thn later a cancellation txt,,
golden_all-650056,650056,golden_all,majority,message_context,en,hard,context_helpful,follow_up,cancellation,none,0,"@USER Oh right, you can't do that. I would hurt @USER wallet after all. @USER good on you.",,
golden_all-1604096,1604096,golden_all,majority,message_context,en,hard,context_helpful,complaint,charge_issue,none,0,@USER And then they kindly dispersed the money in my ac to an ac they knew is closed.,,
golden_all-1218305,1218305,golden_all,majority,message_context,en,hard,context_helpful,complaint,charge_issue,none,0,"@USER took my hard earned money, used it &amp; now asking me to cancel order. But nt taking ny action on seller instead shielding them (2/2)",,
golden_all-1724691,1724691,golden_all,majority,message_context,en,easy,self_contained,support_request,charge_issue,none,0,@USER money debited from bank but isn’t credited to amazon pay balance please sew to this asap URL,,
golden_all-2612309,2612309,golden_all,majority,message_context,en,easy,self_contained,complaint,charge_issue,none,0,Woke up to see that my bank account was over drawn from something i didn’t even buy off amazon??? HAPPY FRIDAY 🙃🙃🙃🙃,,
golden_all-332434,332434,golden_all,majority,message_context,en,medium,context_helpful,complaint,charge_issue,none,0,"@USER I don't get COD option for ur products.1st it shows that it is available but after proceeding for checkout,I can't get it.Why?",,
golden_all-895946,895946,golden_all,majority,message_context,en,medium,context_helpful,complaint,charge_issue,none,0,"@USER I know cart prices aren’t set in stone. But like, it went from on sale to more than the regular price. It’s not a cute look.",,
golden_all-1109519,1109519,golden_all,majority,message_context,en,medium,context_helpful,complaint,delivered_but_not_received,none,0,"@USER No, they haven't. They routinely mark packages as delivered before delivery is attempted, and sometimes the packages never arrive at all.",,
golden_all-1423023,1423023,golden_all,majority,message_context,en,medium,context_helpful,complaint,delivered_but_not_received,none,0,"@USER Have also had deliveries when courier claimed to have delivered, but put it back in the van and ended up back at the depot.",,
golden_all-2289844,2289844,golden_all,majority,message_context,en,easy,self_contained,complaint,delivered_but_not_received,none,0,@USER The delivery agent says he will deliver the package later but he updates the status saying delivered directly to customer .. URL,,
golden_all-1220925,1220925,golden_all,majority,message_context,en,medium,context_helpful,complaint,delivered_but_not_received,none,0,@USER Why to hear you do nothing again?,,
golden_all-2532842,2532842,golden_all,majority,message_context,en,hard,context_helpful,complaint,delivered_but_not_received,none,0,@USER can someone contact me ASAP re an undelivered parcel.2 weeks &amp; still no joy.DPD said speak to you. Totally fed up right now!,,
golden_all-380695,380695,golden_all,majority,message_context,en,medium,context_helpful,follow_up,delivered_but_not_received,none,0,@USER I'll have to do that later this morning. Absolutely infuriating,,
golden_all-482351,482351,golden_all,majority,message_context,en,hard,context_helpful,complaint,delivered_but_not_received,none,0,@USER I received my order but part of it is missing but my account say it's delivered. Box was partly open. Parcel left in flower Box!!! Who do I contact? #xmaspresent,,
golden_all-533206,533206,golden_all,majority,message_context,en,hard,context_helpful,complaint,delivered_wrong_location,none,0,"@USER Also, if I haven't specifically indicated that I want my parcel to be left in a ""safe place""... why is the delivery driver assuming my recycle bin is a safe place? It is visible from the street; is NOT in a garden; and if someone sees him putting it there, it can be stolen!",,
golden_all-149199,149199,golden_all,majority,message_context,en,medium,context_helpful,complaint,delivered_wrong_location,none,0,"@USER I don’t know about the item as it is not my parcel to open, it is my partners. It is unacceptable to force drivers to leave parcels in unsafe positions!",,
golden_all-2283511,2283511,golden_all,majority,message_context,en,easy,self_contained,complaint,delivered_wrong_location,none,0,"Amazon seems to have forgotten how to deliver to my address so here I am waiting on 5 packages that all say ""delivery attempted"" TO THE WRONG AREA",,
golden_all-2594956,2594956,golden_all,majority,message_context,en,hard,context_helpful,complaint,delivered_wrong_location,none,0,"@USER I hope my pkg was not in there. Ste-Catherine Montreal, unlocked doors, windows open #unattendedpackages #intelcom #badcourrier URL",,
golden_all-1727624,1727624,golden_all,majority,message_context,en,easy,self_contained,support_request,delivered_wrong_location,none,0,How to contact @USER about a stolen package? Website not user friendly requesting support. Unique situation would like to chat about.,,
golden_all-458877,458877,golden_all,majority,message_context,en,medium,context_helpful,complaint,delivery_delay,none,0,@USER No. Status still “arriving by 8pm today” (9 minutes from now) but no sign of shipment and no tracking number. URL,,
golden_all-142833,142833,golden_all,majority,message_context,en,medium,context_helpful,follow_up,delivery_delay,none,0,@USER Order history is useless and just telling me it's out for delivery or due to be delivered. I've followed up once again by email,,
golden_all-1116569,1116569,golden_all,majority,message_context,en,easy,self_contained,complaint,delivery_delay,none,0,"I bought something on @USER, paid extra for 1 day shipping and it isn’t here. Who do I complain to? @USER",,
golden_all-515245,515245,golden_all,majority,message_context,en,easy,self_contained,complaint,delivery_delay,none,0,@USER My package was supposed to arrive Wednesday.Its friday. Still NOT here. So much for being a prime member!!!!,,
golden_all-2447788,2447788,golden_all,majority,message_context,en,easy,self_contained,complaint,delivery_delay,none,0,"@USER I placed an order with Amazon.in on October 17th and the money got deducted the same day. The order was supposed to deliver on 31st October, but it is 14th Nov today and I still have not received the product. Where is my stuff @USER ?",,
golden_all-2960467,2960467,golden_all,majority,message_context,en,medium,context_helpful,complaint,delivery_delay,none,0,Would really like to know why @USER is taking so long to deliver my package from @USER 😑 two day prime delivery is turning into a week now..... 😒 I could have driven to TN and picked it up myself faster.,,
golden_all-1311577,1311577,golden_all,majority,message_context,en,medium,self_contained,follow_up,delivery_delay,none,0,So where is it then? I wouldn't mind it being a day late if I was notified @USER URL,,
golden_all-608064,608064,golden_all,majority,message_context,en,medium,context_helpful,follow_up,delivery_delay,none,0,"@USER Sorry, the last picture was the shipment confirmation email. This one is the original order email, which also shows 11/20 as the delivery date URL",,
golden_all-2967623,2967623,golden_all,majority,message_context,en,medium,context_helpful,complaint,delivery_delay,none,0,"@USER @USER I just want my package to arrive the day they promised! Been sitting around my house, today is day 2, waiting......! Still doesn't even show out for delivery - I even paid for 3day delivery!",,
golden_all-2528270,2528270,golden_all,majority,message_context,en,medium,context_helpful,complaint,delivery_delay,none,0,@USER seems like all the one day shipping for items has vanished and is two day only,,
golden_all-2683519,2683519,golden_all,majority,message_context,en,hard,context_helpful,complaint,delivery_delay,none,0,"@USER @USER @USER it's frustrating that a package from Prime Pantry shows as ""delivered"" when it really means it's sitting at the US Post Office whose hours are impossible to visit for any person working a full time job...",,
golden_all-1192307,1192307,golden_all,majority,message_context,en,easy,self_contained,complaint,delivery_delay,none,0,"so @USER are fibbers. I saw the delivery van pull up in our car park yesterday just before 5pm, then they drove off...",,
golden_all-2780552,2780552,golden_all,majority,message_context,en,medium,context_helpful,follow_up,delivery_delay,none,0,"""helping us build Earth's Most Customer-Centric Company"" @USER is there an amendement to this vision which excludes me? Just been told to wait another 24 hours because you've misplaced my delivery (again!).",,
golden_all-2824739,2824739,golden_all,majority,message_context,en,easy,self_contained,complaint,delivery_delay,none,0,"I think @USER @USER may want to look into the definition one ""one day delivery"" URL",,
golden_all-2913230,2913230,golden_all,majority,message_context,en,easy,self_contained,follow_up,delivery_delay,none,0,"@USER hi, I ordered a few Prime items on Monday, but they all say arriving Thursday. I thought it was 2 day shipping.... why the delay? Nothing has shipped yet and I thought they'd be here by tomorrow",,
golden_all-1218249,1218249,golden_all,majority,message_context,en,medium,context_helpful,follow_up,delivery_delay,none,0,@USER Says there was a delay with shipping. The tracking number at UPS says this. (see photo) URL,,
golden_all-2003910,2003910,golden_all,majority,message_context,en,medium,context_helpful,follow_up,delivery_delay,none,0,"@USER Well, since ""taken care of"" would have meant Friday delivery, that's unlikely.",,
golden_all-300514,300514,golden_all,majority,message_context,en,medium,context_helpful,complaint,delivery_delay,none,0,"Really glad I used prime @USER seems @USER are unable to honour the next day delivery 😡, glad I invest in prime",,
golden_all-322945,322945,golden_all,majority,message_context,en,medium,context_helpful,complaint,delivery_delay,none,0,@USER Prime member should be given some preference and the items must be delivered within 2 days otherwise it is equal to a non prime member,,
golden_all-2954293,2954293,golden_all,majority,message_context,en,medium,context_helpful,complaint,delivery_delay,none,0,@USER I don’t have time for that. That’s why I buy products on prime only. I work and go to school. I need prime to be a reliable service. Speed. Quality. Convenience. I don’t have time for stuff like this. I just won’t recommend your service.,,
golden_all-2664071,2664071,golden_all,majority,message_context,en,hard,context_helpful,complaint,delivery_delay,none,0,"@USER Wrongly conceptualized add , bird's are being bullied Anyway Amazon is wowsome! Maintain this faith",,
golden_all-1210214,1210214,golden_all,majority,message_context,en,medium,self_contained,complaint,delivery_delay,none,0,Has anyone had a package returned to @USER because @USER refused to deliver it? 😐,,
golden_all-86209,86209,golden_all,majority,message_context,en,easy,self_contained,complaint,delivery_delay,none,0,"Today is the twins’ 4th Birthday. This is their gift from us - ordered on Sunday with Amazon Prime. We were assured yesterday that it would arrive today but I have just received this message. I understand that these things happen, but I’m hoping you can work some magic @USER URL",,
golden_all-2192580,2192580,golden_all,majority,message_context,en,easy,self_contained,complaint,delivery_delay,none,0,"You know you can't trust @USER marketplace if your order doesn't have any tracking info updates since it supposedly left origin facility. It was supposed to arrive yesterday. Last time was a nightmare enough, this time isn't looking much better. Thanks for the sub-par service.",,
golden_all-1406593,1406593,golden_all,majority,message_context,en,medium,context_helpful,complaint,delivery_delay,none,0,@USER first weekend of prime... NOT IMPRESSED.,,
golden_all-1570766,1570766,golden_all,majority,message_context,en,medium,context_helpful,follow_up,delivery_delay,none,0,@USER Do you have any update here?,,
golden_all-1389974,1389974,golden_all,majority,message_context,en,medium,context_helpful,follow_up,delivery_delay,none,0,@USER not impressed by your driver leaving my door within 6 seconds of knocking Despite my note explaining I've just had spine surgery!,,
golden_all-1399860,1399860,golden_all,majority,message_context,en,medium,context_helpful,acknowledgement,delivery_delay,none,0,@USER Thank u so much.. Kindly Arrange to provide my parcel.. Thank u so much,,
golden_all-1335118,1335118,golden_all,majority,message_context,en,medium,context_helpful,follow_up,delivery_delay,none,0,"@USER We needed it for a trip we are leaving on tonight, now we will not have it.",,
golden_all-999138,999138,golden_all,majority,message_context,en,medium,context_helpful,complaint,delivery_delay,none,0,@USER £70 a year membership for prime to be let down like this!! Will be cancelling my subscription as it's just not worth the hassle!! URL,,
golden_all-2852150,2852150,golden_all,majority,message_context,en,medium,context_helpful,follow_up,delivery_delay,none,0,I'll go sit at the door for the next 8min then? @USER @USER URL,,
golden_all-2890574,2890574,golden_all,majority,message_context,en,medium,context_helpful,complaint,delivery_delay,none,0,".@USER 3 years ago when something said #PRIME and I ordered it, it arrived in 2 days, this last year it is a lucky day to get something in 2 days, The service has gone 2 shit, it's so unreliable, You should knock prime membership in half, it's bogus at the moment #AMAZON",,
golden_all-1420099,1420099,golden_all,majority,message_context,en,medium,context_helpful,complaint,delivery_delay,none,0,@USER ordered three items from amazon and all of their delivery dates kept getting pushed back and back and back. Not happy 😤,,
golden_all-550560,550560,golden_all,majority,message_context,en,easy,self_contained,complaint,delivery_delay,none,0,@USER I have a Prime membership. Quite often the 1 or 2 day shipping that I've selected doesn't arrive until 3-5+ days later. I thought shipping time was supposed to be from when you order the item? What's with missing the date so often?,,
golden_all-673242,673242,golden_all,majority,message_context,en,medium,context_helpful,follow_up,delivery_delay,none,0,@USER That was a joke lol. But my order IS late — i contacted amazon and they said that it’d be here by tomorrow so let’s see,,
golden_all-1193931,1193931,golden_all,majority,message_context,en,medium,context_helpful,follow_up,delivery_delay,none,0,@USER Amazon logistics is the carrier. Got disconnected while holding the first time around. Not clear if delivery is tmrw or delayed further.,,
golden_all-2731105,2731105,golden_all,majority,message_context,en,easy,self_contained,complaint,delivery_delay,none,0,@USER One of my orders will be delivered tomorrow when I paid for delivery today.,,
golden_all-1587374,1587374,golden_all,majority,message_context,en,easy,self_contained,complaint,delivery_delay,none,0,@USER i recently purchased an item from your website its scheduled to come on November 3rd at 8pm and i still havent received my order?,,
golden_all-2296826,2296826,golden_all,majority,message_context,en,medium,context_helpful,follow_up,delivery_delay,none,0,@USER Not sure but I think it's because Royal Mail doesn't deliver today. No idea why it wasn't delivered yesterday. I don't have the detail- a family member ordered it for me.,,
golden_all-1229688,1229688,golden_all,majority,message_context,en,medium,context_helpful,complaint,device_app_issue,none,0,"The all-new Kindle app is built for book lovers, with everything you need in one place. Learn more: URL URL",,
golden_all-26958,26958,golden_all,majority,message_context,en,easy,self_contained,support_request,device_app_issue,none,0,"@USER Good morning. Is the Alexa App down? It’s timing out here in London, UK.",,
golden_all-2378990,2378990,golden_all,majority,message_context,en,hard,context_helpful,complaint,device_app_issue,none,0,@USER @USER when I ask Alexa this price it says it’s $23.48 URL,,
golden_all-1384330,1384330,golden_all,majority,message_context,en,hard,context_helpful,complaint,device_app_issue,none,0,@USER is there anything wrong with payment on the amazon app today . Seeing this for sometime URL,,
golden_all-2523357,2523357,golden_all,majority,message_context,en,medium,context_helpful,follow_up,device_app_issue,none,0,@USER Thank you for your quick reply! I have a first gen.,,
golden_all-1766849,1766849,golden_all,majority,message_context,en,medium,context_helpful,support_request,device_app_issue,none,0,@USER Fire stick is broke getting new remote second time app is on an android box.,,
golden_all-2847379,2847379,golden_all,majority,message_context,en,medium,context_helpful,complaint,device_app_issue,none,0,"@USER At this time we CANNOT choose the language it is asking for, its under this tab in settings URL",,
golden_all-2569705,2569705,golden_all,majority,message_context,en,easy,self_contained,complaint,device_app_issue,none,0,"@USER Timing out across the board today, any idea on when things will be back up? URL",,
golden_all-350494,350494,golden_all,majority,message_context,en,medium,context_helpful,complaint,device_app_issue,none,0,@USER selling Echo devices without Alexa app for India.. how am I to use it at all!? Where is Alexa?,,
golden_all-1464161,1464161,golden_all,majority,message_context,en,medium,context_helpful,complaint,device_app_issue,none,0,@USER @USER @USER update: episode still unavailable. I think you're the people who update me. Not vice versa? 🔮,,
golden_all-1943693,1943693,golden_all,majority,message_context,en,easy,context_helpful,acknowledgement,none,none,1,@USER Yes i have shared the whole concern,,
golden_all-2611658,2611658,golden_all,majority,message_context,en,easy,context_helpful,acknowledgement,none,none,1,@USER Thanks! Got the package at 1.30 :D,,
golden_all-309233,309233,golden_all,majority,message_context,en,easy,self_contained,acknowledgement,none,none,1,Thanks @USER for the new cat bed. Velho loves it! #floof #CatsOfTwitter URL,,
golden_all-2111184,2111184,golden_all,majority,message_context,en,easy,self_contained,acknowledgement,none,none,1,"@USER Wow, that's was an amazingly quick response!! Hats off",,
golden_all-174486,174486,golden_all,majority,message_context,en,easy,context_helpful,acknowledgement,none,none,1,@USER me hiciste muy feliz hoy! 😍,,
golden_all-2580464,2580464,golden_all,majority,message_context,en,medium,context_helpful,acknowledgement,none,none,1,"@USER @USER I ended up escalated to a new chat room and the guy was great. Too nice, really!",,
golden_all-2855145,2855145,golden_all,majority,message_context,en,medium,context_helpful,acknowledgement,none,none,1,"@USER Thanks so much for helping, @USER! It was definitely the sales tax!",,
golden_all-2384553,2384553,golden_all,majority,message_context,en,easy,self_contained,acknowledgement,none,none,1,New books are on their way!! Can’t stop looking at the @USER tracking screen though - hurry up new books. More coming next week 👏🏻👏🏻 URL,,
golden_all-1198549,1198549,golden_all,majority,message_context,en,easy,context_helpful,acknowledgement,none,none,1,@USER @USER Nothing but respect for MY postal service 😤😤,,
golden_all-1204940,1204940,golden_all,majority,message_context,en,easy,context_helpful,acknowledgement,none,none,1,@USER @USER @USER Yes absolutely Right 💯 👍,,
golden_all-487699,487699,golden_all,majority,message_context,en,easy,context_helpful,acknowledgement,none,none,1,@USER I made a mistake. I ordered on your .co.uk site not .com so i actually do have the orders i ordered. Sorry for any inconvenience caused.,,
golden_all-1181640,1181640,golden_all,majority,message_context,en,easy,context_helpful,acknowledgement,none,none,1,@USER Will do! Thank you so much!,,
golden_all-628261,628261,golden_all,majority,message_context,en,medium,context_required,clarification,none,none,1,@USER I’m guessing by a marketplace seller? URL,,
golden_all-2931934,2931934,golden_all,majority,message_context,en,hard,context_helpful,unknown,none,none,1,@USER But I want I phone as a gift... On my birthday.. Don't want to purchase it,,
golden_all-2769011,2769011,golden_all,majority,message_context,en,medium,context_helpful,clarification,none,none,1,"@USER No need to filled the form, I'm sharing you giving the registered email via direct message",,
golden_all-1707062,1707062,golden_all,majority,message_context,en,easy,context_helpful,acknowledgement,none,none,1,"@USER The guy who sent it to me already reached me, tracking number checks out, mystery solved. Thanks, though",,
golden_all-957126,957126,golden_all,majority,message_context,en,medium,context_helpful,clarification,none,none,1,@USER @USER I haven't tried again simce yesterday. I was using mine in US before bringing it here so maybe I'll have to check the location etc agai,,
golden_all-2389800,2389800,golden_all,majority,message_context,en,hard,self_contained,unknown,none,none,1,Every breath you take should be as pure as nature intended. Improve the quality of the air you breathe indoors with a wide range air purifiers to choose from on Amazon.in. Visit: URL URL,,
golden_all-2266765,2266765,golden_all,majority,message_context,en,medium,self_contained,support_request,none,none,1,"@USER hey guys, Do you have any upcoming sale? In looking forward to buy the Moto g5s+ and I'm short of little money. Can you help me out?",,
golden_all-1721707,1721707,golden_all,majority,message_context,en,medium,self_contained,complaint,order_status_query,none,0,when you pay extra for shipping for next day delivery through amazon prime but they didnt deliver it @USER URL,,
golden_all-646730,646730,golden_all,majority,message_context,en,medium,context_helpful,follow_up,order_status_query,none,0,@USER when will me scampi fries be getting dispatched? Should have been yesterday and still not been dispatched. I want fishy fingers. Cheers 😏👍,,
golden_all-2363235,2363235,golden_all,majority,message_context,en,medium,context_helpful,support_request,order_status_query,none,0,"@USER So on the amazon website when I track my package it says that it just got to a warehouse near me and it is close, but on the usps site when I input my tracking number it says that they are still waiting to receive my items?",,
golden_all-2960026,2960026,golden_all,majority,message_context,en,medium,self_contained,follow_up,order_status_query,none,0,@USER where’s my tv going... it came to my ups then back to Sacramento.... URL,,
golden_all-1105754,1105754,golden_all,majority,message_context,en,medium,self_contained,complaint,order_status_query,none,0,Order updates from @USER have timestamps from before the order was placed. Looks like they are GMT.,,
golden_all-1464285,1464285,golden_all,majority,message_context,en,easy,self_contained,support_request,order_status_query,none,0,@USER @USER Order# 408-9863763-1429137 will my order be shipped or not?,,
golden_all-993935,993935,golden_all,majority,message_context,en,medium,context_helpful,follow_up,order_status_query,none,0,@USER I also search redmi note4 didn't show your website.please help me,,
golden_all-832924,832924,golden_all,majority,message_context,en,medium,context_helpful,follow_up,order_status_query,none,0,"@USER Yes, wc26th Oct. But if I click on the album it says in-stock and available for this weekend.",,
golden_all-2288190,2288190,golden_all,majority,message_context,en,medium,context_helpful,follow_up,order_status_query,none,0,"@USER It would be nice to know if my order is shipping any time soon. I ordered 24 hours ago with same day delivery. The status has been not yet shipped all day. Was supposed to be here at 9 pm today, 1.5 hours ago.",,
golden_all-2374486,2374486,golden_all,majority,message_context,en,hard,self_contained,complaint,order_status_query,none,0,@USER how can an order be “delivered by 8pm today” and “not yet shipped”?,,
golden_all-1397273,1397273,golden_all,majority,message_context,en,easy,self_contained,support_request,order_status_query,none,0,i want to buy echo spot when did it launch in india @USER @USER @USER @USER,,
golden_all-1755281,1755281,golden_all,majority,message_context,en,hard,context_helpful,support_request,other_unclear,none,0,@USER so I got this email. But I don't shop with Amazon so it might be a spam? Thought I would let you people know anyway. URL,,
golden_all-467536,467536,golden_all,majority,message_context,en,hard,context_helpful,complaint,product_return_and_replacement,none,0,@USER Not received the item. App is not upto the mark so did not get terms &amp; conditions clearly while placing order hence lost cashback offer also. Poor experience overall.,,
golden_all-1147828,1147828,golden_all,majority,message_context,en,hard,context_helpful,follow_up,product_return_and_replacement,none,0,@USER I HAVE OPTED for no cost emi thats why i am doing follow ups... Otherwise i am not a free person to exchange tweets and mails with u,,
golden_all-2454046,2454046,golden_all,majority,message_context,en,easy,context_helpful,acknowledgement,product_return_and_replacement,none,0,@USER No idea 😂 I've started a return and reordered URL,,
golden_all-679025,679025,golden_all,majority,message_context,en,medium,context_helpful,support_request,product_return_and_replacement,none,0,Hi @USER I purchased the wrong colour kindle and forgot to tick u registered. Can I exchange for a different colour?,,
golden_all-2460750,2460750,golden_all,majority,message_context,en,easy,self_contained,complaint,product_return_and_replacement,none,0,@USER So I had ordered a Moto G5s and I got a Moto G5 plus. Please do something about it. Thank you URL,,
golden_all-2450570,2450570,golden_all,majority,message_context,en,easy,self_contained,complaint,product_return_and_replacement,none,0,amazon sent the wrong cases 😩🤦🏾‍♀️,,
golden_all-2608094,2608094,golden_all,majority,message_context,en,medium,context_helpful,support_request,product_return_and_replacement,none,0,@USER if I got a product and it didn’t come with everything listed who would I contact to get the rest to the product ?,,
golden_all-982267,982267,golden_all,majority,message_context,en,easy,self_contained,complaint,product_return_and_replacement,none,0,Wtf @USER ... I ordered an altitude mask and you sent me a ‘tutu’ ?!😂🤦🏼‍♂️ URL,,
golden_all-2291505,2291505,golden_all,majority,message_context,en,hard,context_helpful,support_request,product_return_and_replacement,none,0,@USER I have buy Nokia 6 from Amazon India. The phone's display has purple colour on right side of the display. I want to replace my phone but Amazon can't. What can I do ? Help ASAP.,,
golden_all-1018235,1018235,golden_all,majority,message_context,en,hard,context_helpful,complaint,product_return_and_replacement,none,0,"@USER Now amazon starts blackmailing customers by sending wrong product and when return req. placed,They says ship prdct back by urself",,
golden_all-1229460,1229460,golden_all,majority,message_context,en,hard,context_helpful,complaint,product_return_and_replacement,none,0,"Hey, @USER, this DVD is a fraud. It claims to be the lost 1917 Cleopatra but is really the 1912 version. URL",,
golden_all-2484077,2484077,golden_all,majority,message_context,en,easy,self_contained,complaint,product_return_and_replacement,none,0,I payed good money for this cup that I received today in the post! I am deeply disappointed that it’s faulty #donotbuy @USER URL,,
golden_all-345473,345473,golden_all,majority,message_context,en,hard,context_helpful,complaint,product_return_and_replacement,none,0,Dear @USER You suck. We’ve had to replace one device already bc it keeps malfunctioning. The “new” one is malfunctioning too.,,
golden_all-676899,676899,golden_all,majority,message_context,en,hard,context_helpful,complaint,product_return_and_replacement,none,0,@USER why haven’t you fulfilled Lex Luthor’s order of a blue-ray copy of A league of their own? Amazon you have to stop doing an injustice to Lex he might start a league! #JusticeLeague,,
golden_all-18706,18706,golden_all,majority,message_context,en,medium,context_helpful,support_request,refund_request,none,0,@USER U kindly refund the amount back .. I have sent back the product and I demand a refund for the same .never had such dissaponments wit amazon,,
golden_all-1436650,1436650,golden_all,majority,message_context,en,easy,self_contained,complaint,refund_request,none,0,@USER shady service - trying to steal my money - promised a refund on delivery to hotel as didn't arrive as promised. Now told no refund!,,
golden_all-2712534,2712534,golden_all,majority,message_context,en,medium,context_helpful,support_request,refund_request,none,0,"This is the second time Prime Now has delivered an order with missing items, and I can't find a way to request a refund in the app.",,
golden_all-1420491,1420491,golden_all,majority,message_context,en,medium,context_helpful,follow_up,refund_request,none,0,@USER Yes i have sent my details via the form. I have cancelled the product and dont want to be associated with amazon refund my money to my CC,,
golden_all-915961,915961,golden_all,majority,message_context,en,medium,context_helpful,follow_up,refund_request,none,0,@USER how would you justify blocking a customer’s number who’s awaiting a refund?,,
golden_all-2515914,2515914,golden_all,majority,message_context,en,medium,context_helpful,follow_up,refund_request,none,0,"@USER Yes on all three orders, then you kept arguing with me about how it wasn’t your fault and how you don’t have the resources to refund my Prime membership",,
golden_all-2217342,2217342,golden_all,majority,message_context,en,hard,context_helpful,complaint,refund_request,none,0,"@USER Yes, and now you are rejecting the claim but the seller is sketchy.",,
golden_all-1893565,1893565,golden_all,majority,message_context,en,medium,context_helpful,follow_up,service_complaint_escalation,none,0,@USER Nope...never received a call,,
golden_all-1763226,1763226,golden_all,majority,message_context,en,medium,context_helpful,complaint,service_complaint_escalation,none,0,@USER Yes. I have also spent 8 hours on live chat.,,
golden_all-2573750,2573750,golden_all,majority,message_context,en,medium,context_helpful,complaint,service_complaint_escalation,none,0,"@USER I've checked all of my folders. Like I said, the number in that link is the exact one I have called five times. I'm a Prime member who has been locked from their account for three weeks and have had nothing visible done to remedy this.",,
golden_all-1541879,1541879,golden_all,majority,message_context,en,medium,context_helpful,complaint,service_complaint_escalation,none,0,@USER Look your cust service people just emailed to say they couldn’t deal with me because my email isn’t recognised. So unhelpful,,
golden_all-1415560,1415560,golden_all,majority,message_context,en,medium,context_helpful,complaint,service_complaint_escalation,none,0,"@USER Yes, I'm talking to a representative again but I'm still super disappointed.. The call I made last night with you guys was useless",,
golden_all-334873,334873,golden_all,majority,message_context,en,medium,context_helpful,complaint,service_complaint_escalation,none,0,@USER 6 years of shopping and never had an issue with CS until tonight. 10 mins later and no reply. URL,,
golden_all-272875,272875,golden_all,majority,message_context,en,medium,context_helpful,complaint,service_complaint_escalation,none,0,"@USER I checked the link even on the desktop. There's no link given to contact support, that's why i am pinging you here.",,
golden_all-1537572,1537572,golden_all,majority,message_context,en,medium,context_helpful,complaint,service_complaint_escalation,none,0,"3/ @USER WHY IS IT SO HARD TO REPORT A SHIPPING PROBLEM? Yesterday I got the ""chat is too slow, please call"" option. Why no message/email?",,
golden_all-411902,411902,golden_all,majority,message_context,en,easy,self_contained,complaint,service_complaint_escalation,none,0,"I will NEVER use @USER @USER for my business ever again. Bad customer service, impolite, and impressionable",,
golden_all-1588773,1588773,golden_all,majority,message_context,en,easy,self_contained,complaint,service_complaint_escalation,none,0,"God damn it, but @USER is getting worse and worse and worse as time goes on. Maybe it's time to dump all @USER services and move on.",,
golden_all-2353843,2353843,golden_all,majority,message_context,en,medium,context_helpful,complaint,service_complaint_escalation,none,0,@USER I am sorry but I would like to receive a phone call &amp; have this matter resolved asap! I have phoned 5 times now &amp; every time I get nothing. I am £90 down on an error on your part. This has been going on for almost 3 weeks now &amp; it’s time for you to actually do something.,,
golden_all-1136222,1136222,golden_all,majority,message_context,en,hard,context_helpful,complaint,service_complaint_escalation,none,0,@USER Already send and call to 50 tym no proper response from ur side.. My neice birthday on 17 oct. Fake commitment 405-8158996-7018755oredr id,,
golden_all-1384189,1384189,golden_all,majority,message_context,en,easy,self_contained,complaint,service_complaint_escalation,none,0,"Bad experience , not a sense of customer Service or cost saving at all..... @USER #disappointed",,
golden_all-1746071,1746071,golden_all,majority,message_context,en,medium,context_helpful,complaint,service_complaint_escalation,none,0,"@USER I don’t this information to be public, as it’s impossible to reach your customer care on phone. So either they should call me or reach item",,
golden_all-390810,390810,golden_all,majority,message_context,en,hard,context_helpful,complaint,service_complaint_escalation,none,0,@USER You must shut down your improper business. Now when the payment is done you're coming up with nasty excuses. Read the DM.,,
golden_all-2151408,2151408,golden_all,majority,message_context,en,medium,context_helpful,complaint,service_complaint_escalation,none,0,@USER doesn't provide way to claim #gst input credit for Business purchases. Even if I am giving all details they are denying this basic,,
golden_all-2216600,2216600,golden_all,majority,message_context,en,hard,context_helpful,complaint,service_complaint_escalation,none,0,@USER Dont trust Amazon India and @USER with any card cash back offers. They do not keep up to their promises!! Conveniently take 3 months so that customers forget about it!!! #FoolingPrimeCustomers,,
golden_all-1250967,1250967,golden_all,majority,message_context,en,hard,context_helpful,complaint,service_complaint_escalation,none,0,"Super disappointed in @USER lately. Lost packages, multiple wrong charges. What's the point of being prime 🙄🤔",,
golden_all-2447260,2447260,golden_all,majority,message_context,en,medium,context_helpful,complaint,service_complaint_escalation,none,0,"@USER should only &amp; selectively use #USPS for certain deliveries since the majority of time your order isn't going to arrive as promised, thus defeating entire premise of #AmazonPrime This is about #logistics plain &amp; simple.",,
golden_all-1179639,1179639,golden_all,majority,message_context,en,hard,context_helpful,complaint,service_complaint_escalation,none,0,@USER was told to wait. Called you today. Told item has NOT been put in locker then told it HAD. Your agents can't keep up with their own lies.,,
golden_all-2245407,2245407,golden_all,majority,message_context,en,hard,context_helpful,complaint,service_complaint_escalation,none,0,@USER why my call gets dropped Kindly please check my call log and please take an appropriate actions Why my call dropped? In between URL,,
golden_all-886169,886169,golden_all,majority,message_context,en,hard,context_helpful,complaint,service_complaint_escalation,none,0,@USER The email was terribly short with no direction expect “we left you a voice mail win instructions” and I had no voice mails!,,
golden_rep-1912145,1912145,golden_rep,majority,message_context,en,medium,context_helpful,support_request,account_access,none,0,@USER - I am unable to order gifts for my husband or son because you display all purchases. Is there a way to secretly purchase so they can't see it? Maybe a password at a purchase level ?,,
golden_rep-179205,179205,golden_rep,majority,message_context,en,easy,context_helpful,complaint,account_access,none,0,@USER Read the previous tweets - I can’t log in! This has been going on for a day now!!!,,
golden_rep-2789138,2789138,golden_rep,majority,message_context,en,hard,context_helpful,support_request,account_access,none,0,Hello is there a way to check if I'm signed up to Prime? If so it's a mistake bc I can't afford the membership &amp; I noticed my packages are coming faster than expected. No complaints just can't afford Prime if charged @USER,,
golden_rep-427799,427799,golden_rep,majority,message_context,en,medium,self_contained,support_request,account_info_update,none,0,@USER can i pay with Amazon pay balance account for one year prime membership?? Plz reply,,
golden_rep-22572,22572,golden_rep,majority,message_context,en,medium,self_contained,support_request,cancellation,none,0,@USER Ordered on 7 October 2017 Order# 403-7284574-6433108 not yet delivered. No way to cancel and get refund.,,
golden_rep-2899649,2899649,golden_rep,majority,message_context,en,medium,context_helpful,support_request,cancellation,none,0,"@USER Welp, that didn’t do anything. I’m just going to cancel the order - I don’t see why I should keep waiting while it’s literally sitting on store shelves. URL",,
golden_rep-136922,136922,golden_rep,majority,message_context,en,hard,context_helpful,complaint,cancellation,none,0,@USER I am so upset I have just cancelled the whole order. Have you an email address I can write to you at. This is the first time I have ever received bad service from Amazon. He even brought me to tears,,
golden_rep-880948,880948,golden_rep,majority,message_context,en,hard,context_helpful,complaint,cancellation,none,0,@USER They act so bossy that they didn't even bother to make a call regarding the pickup Just a confirmation txt n thn later a cancellation txt,,
golden_rep-650056,650056,golden_rep,majority,message_context,en,hard,context_helpful,follow_up,cancellation,none,0,"@USER Oh right, you can't do that. I would hurt @USER wallet after all. @USER good on you.",,
golden_rep-1604096,1604096,golden_rep,majority,message_context,en,hard,context_helpful,complaint,charge_issue,none,0,@USER And then they kindly dispersed the money in my ac to an ac they knew is closed.,,
golden_rep-1218305,1218305,golden_rep,majority,message_context,en,hard,context_helpful,complaint,charge_issue,none,0,"@USER took my hard earned money, used it &amp; now asking me to cancel order. But nt taking ny action on seller instead shielding them (2/2)",,
golden_rep-1724691,1724691,golden_rep,majority,message_context,en,easy,self_contained,support_request,charge_issue,none,0,@USER money debited from bank but isn’t credited to amazon pay balance please sew to this asap URL,,
golden_rep-2612309,2612309,golden_rep,majority,message_context,en,easy,self_contained,complaint,charge_issue,none,0,Woke up to see that my bank account was over drawn from something i didn’t even buy off amazon??? HAPPY FRIDAY 🙃🙃🙃🙃,,
golden_rep-332434,332434,golden_rep,majority,message_context,en,medium,context_helpful,complaint,charge_issue,none,0,"@USER I don't get COD option for ur products.1st it shows that it is available but after proceeding for checkout,I can't get it.Why?",,
golden_rep-895946,895946,golden_rep,majority,message_context,en,medium,context_helpful,complaint,charge_issue,none,0,"@USER I know cart prices aren’t set in stone. But like, it went from on sale to more than the regular price. It’s not a cute look.",,
golden_rep-1109519,1109519,golden_rep,majority,message_context,en,medium,context_helpful,complaint,delivered_but_not_received,none,0,"@USER No, they haven't. They routinely mark packages as delivered before delivery is attempted, and sometimes the packages never arrive at all.",,
golden_rep-1423023,1423023,golden_rep,majority,message_context,en,medium,context_helpful,complaint,delivered_but_not_received,none,0,"@USER Have also had deliveries when courier claimed to have delivered, but put it back in the van and ended up back at the depot.",,
golden_rep-2289844,2289844,golden_rep,majority,message_context,en,easy,self_contained,complaint,delivered_but_not_received,none,0,@USER The delivery agent says he will deliver the package later but he updates the status saying delivered directly to customer .. URL,,
golden_rep-1220925,1220925,golden_rep,majority,message_context,en,medium,context_helpful,complaint,delivered_but_not_received,none,0,@USER Why to hear you do nothing again?,,
golden_rep-2532842,2532842,golden_rep,majority,message_context,en,hard,context_helpful,complaint,delivered_but_not_received,none,0,@USER can someone contact me ASAP re an undelivered parcel.2 weeks &amp; still no joy.DPD said speak to you. Totally fed up right now!,,
golden_rep-380695,380695,golden_rep,majority,message_context,en,medium,context_helpful,follow_up,delivered_but_not_received,none,0,@USER I'll have to do that later this morning. Absolutely infuriating,,
golden_rep-482351,482351,golden_rep,majority,message_context,en,hard,context_helpful,complaint,delivered_but_not_received,none,0,@USER I received my order but part of it is missing but my account say it's delivered. Box was partly open. Parcel left in flower Box!!! Who do I contact? #xmaspresent,,
golden_rep-533206,533206,golden_rep,majority,message_context,en,hard,context_helpful,complaint,delivered_wrong_location,none,0,"@USER Also, if I haven't specifically indicated that I want my parcel to be left in a ""safe place""... why is the delivery driver assuming my recycle bin is a safe place? It is visible from the street; is NOT in a garden; and if someone sees him putting it there, it can be stolen!",,
golden_rep-149199,149199,golden_rep,majority,message_context,en,medium,context_helpful,complaint,delivered_wrong_location,none,0,"@USER I don’t know about the item as it is not my parcel to open, it is my partners. It is unacceptable to force drivers to leave parcels in unsafe positions!",,
golden_rep-2283511,2283511,golden_rep,majority,message_context,en,easy,self_contained,complaint,delivered_wrong_location,none,0,"Amazon seems to have forgotten how to deliver to my address so here I am waiting on 5 packages that all say ""delivery attempted"" TO THE WRONG AREA",,
golden_rep-2594956,2594956,golden_rep,majority,message_context,en,hard,context_helpful,complaint,delivered_wrong_location,none,0,"@USER I hope my pkg was not in there. Ste-Catherine Montreal, unlocked doors, windows open #unattendedpackages #intelcom #badcourrier URL",,
golden_rep-1727624,1727624,golden_rep,majority,message_context,en,easy,self_contained,support_request,delivered_wrong_location,none,0,How to contact @USER about a stolen package? Website not user friendly requesting support. Unique situation would like to chat about.,,
golden_rep-458877,458877,golden_rep,majority,message_context,en,medium,context_helpful,complaint,delivery_delay,none,0,@USER No. Status still “arriving by 8pm today” (9 minutes from now) but no sign of shipment and no tracking number. URL,,
golden_rep-142833,142833,golden_rep,majority,message_context,en,medium,context_helpful,follow_up,delivery_delay,none,0,@USER Order history is useless and just telling me it's out for delivery or due to be delivered. I've followed up once again by email,,
golden_rep-1116569,1116569,golden_rep,majority,message_context,en,easy,self_contained,complaint,delivery_delay,none,0,"I bought something on @USER, paid extra for 1 day shipping and it isn’t here. Who do I complain to? @USER",,
golden_rep-515245,515245,golden_rep,majority,message_context,en,easy,self_contained,complaint,delivery_delay,none,0,@USER My package was supposed to arrive Wednesday.Its friday. Still NOT here. So much for being a prime member!!!!,,
golden_rep-2447788,2447788,golden_rep,majority,message_context,en,easy,self_contained,complaint,delivery_delay,none,0,"@USER I placed an order with Amazon.in on October 17th and the money got deducted the same day. The order was supposed to deliver on 31st October, but it is 14th Nov today and I still have not received the product. Where is my stuff @USER ?",,
golden_rep-2960467,2960467,golden_rep,majority,message_context,en,medium,context_helpful,complaint,delivery_delay,none,0,Would really like to know why @USER is taking so long to deliver my package from @USER 😑 two day prime delivery is turning into a week now..... 😒 I could have driven to TN and picked it up myself faster.,,
golden_rep-1311577,1311577,golden_rep,majority,message_context,en,medium,self_contained,follow_up,delivery_delay,none,0,So where is it then? I wouldn't mind it being a day late if I was notified @USER URL,,
golden_rep-608064,608064,golden_rep,majority,message_context,en,medium,context_helpful,follow_up,delivery_delay,none,0,"@USER Sorry, the last picture was the shipment confirmation email. This one is the original order email, which also shows 11/20 as the delivery date URL",,
golden_rep-2967623,2967623,golden_rep,majority,message_context,en,medium,context_helpful,complaint,delivery_delay,none,0,"@USER @USER I just want my package to arrive the day they promised! Been sitting around my house, today is day 2, waiting......! Still doesn't even show out for delivery - I even paid for 3day delivery!",,
golden_rep-2528270,2528270,golden_rep,majority,message_context,en,medium,context_helpful,complaint,delivery_delay,none,0,@USER seems like all the one day shipping for items has vanished and is two day only,,
golden_rep-2683519,2683519,golden_rep,majority,message_context,en,hard,context_helpful,complaint,delivery_delay,none,0,"@USER @USER @USER it's frustrating that a package from Prime Pantry shows as ""delivered"" when it really means it's sitting at the US Post Office whose hours are impossible to visit for any person working a full time job...",,
golden_rep-1192307,1192307,golden_rep,majority,message_context,en,easy,self_contained,complaint,delivery_delay,none,0,"so @USER are fibbers. I saw the delivery van pull up in our car park yesterday just before 5pm, then they drove off...",,
golden_rep-2780552,2780552,golden_rep,majority,message_context,en,medium,context_helpful,follow_up,delivery_delay,none,0,"""helping us build Earth's Most Customer-Centric Company"" @USER is there an amendement to this vision which excludes me? Just been told to wait another 24 hours because you've misplaced my delivery (again!).",,
golden_rep-2824739,2824739,golden_rep,majority,message_context,en,easy,self_contained,complaint,delivery_delay,none,0,"I think @USER @USER may want to look into the definition one ""one day delivery"" URL",,
golden_rep-2913230,2913230,golden_rep,majority,message_context,en,easy,self_contained,follow_up,delivery_delay,none,0,"@USER hi, I ordered a few Prime items on Monday, but they all say arriving Thursday. I thought it was 2 day shipping.... why the delay? Nothing has shipped yet and I thought they'd be here by tomorrow",,
golden_rep-1218249,1218249,golden_rep,majority,message_context,en,medium,context_helpful,follow_up,delivery_delay,none,0,@USER Says there was a delay with shipping. The tracking number at UPS says this. (see photo) URL,,
golden_rep-2003910,2003910,golden_rep,majority,message_context,en,medium,context_helpful,follow_up,delivery_delay,none,0,"@USER Well, since ""taken care of"" would have meant Friday delivery, that's unlikely.",,
golden_rep-300514,300514,golden_rep,majority,message_context,en,medium,context_helpful,complaint,delivery_delay,none,0,"Really glad I used prime @USER seems @USER are unable to honour the next day delivery 😡, glad I invest in prime",,
golden_rep-322945,322945,golden_rep,majority,message_context,en,medium,context_helpful,complaint,delivery_delay,none,0,@USER Prime member should be given some preference and the items must be delivered within 2 days otherwise it is equal to a non prime member,,
golden_rep-2954293,2954293,golden_rep,majority,message_context,en,medium,context_helpful,complaint,delivery_delay,none,0,@USER I don’t have time for that. That’s why I buy products on prime only. I work and go to school. I need prime to be a reliable service. Speed. Quality. Convenience. I don’t have time for stuff like this. I just won’t recommend your service.,,
golden_rep-2664071,2664071,golden_rep,majority,message_context,en,hard,context_helpful,complaint,delivery_delay,none,0,"@USER Wrongly conceptualized add , bird's are being bullied Anyway Amazon is wowsome! Maintain this faith",,
golden_rep-1210214,1210214,golden_rep,majority,message_context,en,medium,self_contained,complaint,delivery_delay,none,0,Has anyone had a package returned to @USER because @USER refused to deliver it? 😐,,
golden_rep-86209,86209,golden_rep,majority,message_context,en,easy,self_contained,complaint,delivery_delay,none,0,"Today is the twins’ 4th Birthday. This is their gift from us - ordered on Sunday with Amazon Prime. We were assured yesterday that it would arrive today but I have just received this message. I understand that these things happen, but I’m hoping you can work some magic @USER URL",,
golden_rep-2192580,2192580,golden_rep,majority,message_context,en,easy,self_contained,complaint,delivery_delay,none,0,"You know you can't trust @USER marketplace if your order doesn't have any tracking info updates since it supposedly left origin facility. It was supposed to arrive yesterday. Last time was a nightmare enough, this time isn't looking much better. Thanks for the sub-par service.",,
golden_rep-1406593,1406593,golden_rep,majority,message_context,en,medium,context_helpful,complaint,delivery_delay,none,0,@USER first weekend of prime... NOT IMPRESSED.,,
golden_rep-1570766,1570766,golden_rep,majority,message_context,en,medium,context_helpful,follow_up,delivery_delay,none,0,@USER Do you have any update here?,,
golden_rep-1389974,1389974,golden_rep,majority,message_context,en,medium,context_helpful,follow_up,delivery_delay,none,0,@USER not impressed by your driver leaving my door within 6 seconds of knocking Despite my note explaining I've just had spine surgery!,,
golden_rep-1399860,1399860,golden_rep,majority,message_context,en,medium,context_helpful,acknowledgement,delivery_delay,none,0,@USER Thank u so much.. Kindly Arrange to provide my parcel.. Thank u so much,,
golden_rep-1335118,1335118,golden_rep,majority,message_context,en,medium,context_helpful,follow_up,delivery_delay,none,0,"@USER We needed it for a trip we are leaving on tonight, now we will not have it.",,
golden_rep-999138,999138,golden_rep,majority,message_context,en,medium,context_helpful,complaint,delivery_delay,none,0,@USER £70 a year membership for prime to be let down like this!! Will be cancelling my subscription as it's just not worth the hassle!! URL,,
golden_rep-2852150,2852150,golden_rep,majority,message_context,en,medium,context_helpful,follow_up,delivery_delay,none,0,I'll go sit at the door for the next 8min then? @USER @USER URL,,
golden_rep-2890574,2890574,golden_rep,majority,message_context,en,medium,context_helpful,complaint,delivery_delay,none,0,".@USER 3 years ago when something said #PRIME and I ordered it, it arrived in 2 days, this last year it is a lucky day to get something in 2 days, The service has gone 2 shit, it's so unreliable, You should knock prime membership in half, it's bogus at the moment #AMAZON",,
golden_rep-1420099,1420099,golden_rep,majority,message_context,en,medium,context_helpful,complaint,delivery_delay,none,0,@USER ordered three items from amazon and all of their delivery dates kept getting pushed back and back and back. Not happy 😤,,
golden_rep-550560,550560,golden_rep,majority,message_context,en,easy,self_contained,complaint,delivery_delay,none,0,@USER I have a Prime membership. Quite often the 1 or 2 day shipping that I've selected doesn't arrive until 3-5+ days later. I thought shipping time was supposed to be from when you order the item? What's with missing the date so often?,,
golden_rep-673242,673242,golden_rep,majority,message_context,en,medium,context_helpful,follow_up,delivery_delay,none,0,@USER That was a joke lol. But my order IS late — i contacted amazon and they said that it’d be here by tomorrow so let’s see,,
golden_rep-1193931,1193931,golden_rep,majority,message_context,en,medium,context_helpful,follow_up,delivery_delay,none,0,@USER Amazon logistics is the carrier. Got disconnected while holding the first time around. Not clear if delivery is tmrw or delayed further.,,
golden_rep-2731105,2731105,golden_rep,majority,message_context,en,easy,self_contained,complaint,delivery_delay,none,0,@USER One of my orders will be delivered tomorrow when I paid for delivery today.,,
golden_rep-1587374,1587374,golden_rep,majority,message_context,en,easy,self_contained,complaint,delivery_delay,none,0,@USER i recently purchased an item from your website its scheduled to come on November 3rd at 8pm and i still havent received my order?,,
golden_rep-2296826,2296826,golden_rep,majority,message_context,en,medium,context_helpful,follow_up,delivery_delay,none,0,@USER Not sure but I think it's because Royal Mail doesn't deliver today. No idea why it wasn't delivered yesterday. I don't have the detail- a family member ordered it for me.,,
golden_rep-1229688,1229688,golden_rep,majority,message_context,en,medium,context_helpful,complaint,device_app_issue,none,0,"The all-new Kindle app is built for book lovers, with everything you need in one place. Learn more: URL URL",,
golden_rep-26958,26958,golden_rep,majority,message_context,en,easy,self_contained,support_request,device_app_issue,none,0,"@USER Good morning. Is the Alexa App down? It’s timing out here in London, UK.",,
golden_rep-2378990,2378990,golden_rep,majority,message_context,en,hard,context_helpful,complaint,device_app_issue,none,0,@USER @USER when I ask Alexa this price it says it’s $23.48 URL,,
golden_rep-1384330,1384330,golden_rep,majority,message_context,en,hard,context_helpful,complaint,device_app_issue,none,0,@USER is there anything wrong with payment on the amazon app today . Seeing this for sometime URL,,
golden_rep-2523357,2523357,golden_rep,majority,message_context,en,medium,context_helpful,follow_up,device_app_issue,none,0,@USER Thank you for your quick reply! I have a first gen.,,
golden_rep-1766849,1766849,golden_rep,majority,message_context,en,medium,context_helpful,support_request,device_app_issue,none,0,@USER Fire stick is broke getting new remote second time app is on an android box.,,
golden_rep-2847379,2847379,golden_rep,majority,message_context,en,medium,context_helpful,complaint,device_app_issue,none,0,"@USER At this time we CANNOT choose the language it is asking for, its under this tab in settings URL",,
golden_rep-2569705,2569705,golden_rep,majority,message_context,en,easy,self_contained,complaint,device_app_issue,none,0,"@USER Timing out across the board today, any idea on when things will be back up? URL",,
golden_rep-350494,350494,golden_rep,majority,message_context,en,medium,context_helpful,complaint,device_app_issue,none,0,@USER selling Echo devices without Alexa app for India.. how am I to use it at all!? Where is Alexa?,,
golden_rep-1464161,1464161,golden_rep,majority,message_context,en,medium,context_helpful,complaint,device_app_issue,none,0,@USER @USER @USER update: episode still unavailable. I think you're the people who update me. Not vice versa? 🔮,,
golden_rep-1943693,1943693,golden_rep,majority,message_context,en,easy,context_helpful,acknowledgement,none,none,1,@USER Yes i have shared the whole concern,,
golden_rep-2611658,2611658,golden_rep,majority,message_context,en,easy,context_helpful,acknowledgement,none,none,1,@USER Thanks! Got the package at 1.30 :D,,
golden_rep-309233,309233,golden_rep,majority,message_context,en,easy,self_contained,acknowledgement,none,none,1,Thanks @USER for the new cat bed. Velho loves it! #floof #CatsOfTwitter URL,,
golden_rep-2111184,2111184,golden_rep,majority,message_context,en,easy,self_contained,acknowledgement,none,none,1,"@USER Wow, that's was an amazingly quick response!! Hats off",,
golden_rep-174486,174486,golden_rep,majority,message_context,en,easy,context_helpful,acknowledgement,none,none,1,@USER me hiciste muy feliz hoy! 😍,,
golden_rep-2580464,2580464,golden_rep,majority,message_context,en,medium,context_helpful,acknowledgement,none,none,1,"@USER @USER I ended up escalated to a new chat room and the guy was great. Too nice, really!",,
golden_rep-2855145,2855145,golden_rep,majority,message_context,en,medium,context_helpful,acknowledgement,none,none,1,"@USER Thanks so much for helping, @USER! It was definitely the sales tax!",,
golden_rep-2384553,2384553,golden_rep,majority,message_context,en,easy,self_contained,acknowledgement,none,none,1,New books are on their way!! Can’t stop looking at the @USER tracking screen though - hurry up new books. More coming next week 👏🏻👏🏻 URL,,
golden_rep-1198549,1198549,golden_rep,majority,message_context,en,easy,context_helpful,acknowledgement,none,none,1,@USER @USER Nothing but respect for MY postal service 😤😤,,
golden_rep-1204940,1204940,golden_rep,majority,message_context,en,easy,context_helpful,acknowledgement,none,none,1,@USER @USER @USER Yes absolutely Right 💯 👍,,
golden_rep-487699,487699,golden_rep,majority,message_context,en,easy,context_helpful,acknowledgement,none,none,1,@USER I made a mistake. I ordered on your .co.uk site not .com so i actually do have the orders i ordered. Sorry for any inconvenience caused.,,
golden_rep-1181640,1181640,golden_rep,majority,message_context,en,easy,context_helpful,acknowledgement,none,none,1,@USER Will do! Thank you so much!,,
golden_rep-628261,628261,golden_rep,majority,message_context,en,medium,context_required,clarification,none,none,1,@USER I’m guessing by a marketplace seller? URL,,
golden_rep-2931934,2931934,golden_rep,majority,message_context,en,hard,context_helpful,unknown,none,none,1,@USER But I want I phone as a gift... On my birthday.. Don't want to purchase it,,
golden_rep-2769011,2769011,golden_rep,majority,message_context,en,medium,context_helpful,clarification,none,none,1,"@USER No need to filled the form, I'm sharing you giving the registered email via direct message",,
golden_rep-1707062,1707062,golden_rep,majority,message_context,en,easy,context_helpful,acknowledgement,none,none,1,"@USER The guy who sent it to me already reached me, tracking number checks out, mystery solved. Thanks, though",,
golden_rep-957126,957126,golden_rep,majority,message_context,en,medium,context_helpful,clarification,none,none,1,@USER @USER I haven't tried again simce yesterday. I was using mine in US before bringing it here so maybe I'll have to check the location etc agai,,
golden_rep-2389800,2389800,golden_rep,majority,message_context,en,hard,self_contained,unknown,none,none,1,Every breath you take should be as pure as nature intended. Improve the quality of the air you breathe indoors with a wide range air purifiers to choose from on Amazon.in. Visit: URL URL,,
golden_rep-2266765,2266765,golden_rep,majority,message_context,en,medium,self_contained,support_request,none,none,1,"@USER hey guys, Do you have any upcoming sale? In looking forward to buy the Moto g5s+ and I'm short of little money. Can you help me out?",,
golden_rep-1721707,1721707,golden_rep,majority,message_context,en,medium,self_contained,complaint,order_status_query,none,0,when you pay extra for shipping for next day delivery through amazon prime but they didnt deliver it @USER URL,,
golden_rep-646730,646730,golden_rep,majority,message_context,en,medium,context_helpful,follow_up,order_status_query,none,0,@USER when will me scampi fries be getting dispatched? Should have been yesterday and still not been dispatched. I want fishy fingers. Cheers 😏👍,,
golden_rep-2363235,2363235,golden_rep,majority,message_context,en,medium,context_helpful,support_request,order_status_query,none,0,"@USER So on the amazon website when I track my package it says that it just got to a warehouse near me and it is close, but on the usps site when I input my tracking number it says that they are still waiting to receive my items?",,
golden_rep-2960026,2960026,golden_rep,majority,message_context,en,medium,self_contained,follow_up,order_status_query,none,0,@USER where’s my tv going... it came to my ups then back to Sacramento.... URL,,
golden_rep-1105754,1105754,golden_rep,majority,message_context,en,medium,self_contained,complaint,order_status_query,none,0,Order updates from @USER have timestamps from before the order was placed. Looks like they are GMT.,,
golden_rep-1464285,1464285,golden_rep,majority,message_context,en,easy,self_contained,support_request,order_status_query,none,0,@USER @USER Order# 408-9863763-1429137 will my order be shipped or not?,,
golden_rep-993935,993935,golden_rep,majority,message_context,en,medium,context_helpful,follow_up,order_status_query,none,0,@USER I also search redmi note4 didn't show your website.please help me,,
golden_rep-832924,832924,golden_rep,majority,message_context,en,medium,context_helpful,follow_up,order_status_query,none,0,"@USER Yes, wc26th Oct. But if I click on the album it says in-stock and available for this weekend.",,
golden_rep-2288190,2288190,golden_rep,majority,message_context,en,medium,context_helpful,follow_up,order_status_query,none,0,"@USER It would be nice to know if my order is shipping any time soon. I ordered 24 hours ago with same day delivery. The status has been not yet shipped all day. Was supposed to be here at 9 pm today, 1.5 hours ago.",,
golden_rep-2374486,2374486,golden_rep,majority,message_context,en,hard,self_contained,complaint,order_status_query,none,0,@USER how can an order be “delivered by 8pm today” and “not yet shipped”?,,
golden_rep-1397273,1397273,golden_rep,majority,message_context,en,easy,self_contained,support_request,order_status_query,none,0,i want to buy echo spot when did it launch in india @USER @USER @USER @USER,,
golden_rep-1755281,1755281,golden_rep,majority,message_context,en,hard,context_helpful,support_request,other_unclear,none,0,@USER so I got this email. But I don't shop with Amazon so it might be a spam? Thought I would let you people know anyway. URL,,
golden_rep-467536,467536,golden_rep,majority,message_context,en,hard,context_helpful,complaint,product_return_and_replacement,none,0,@USER Not received the item. App is not upto the mark so did not get terms &amp; conditions clearly while placing order hence lost cashback offer also. Poor experience overall.,,
golden_rep-1147828,1147828,golden_rep,majority,message_context,en,hard,context_helpful,follow_up,product_return_and_replacement,none,0,@USER I HAVE OPTED for no cost emi thats why i am doing follow ups... Otherwise i am not a free person to exchange tweets and mails with u,,
golden_rep-2454046,2454046,golden_rep,majority,message_context,en,easy,context_helpful,acknowledgement,product_return_and_replacement,none,0,@USER No idea 😂 I've started a return and reordered URL,,
golden_rep-679025,679025,golden_rep,majority,message_context,en,medium,context_helpful,support_request,product_return_and_replacement,none,0,Hi @USER I purchased the wrong colour kindle and forgot to tick u registered. Can I exchange for a different colour?,,
golden_rep-2460750,2460750,golden_rep,majority,message_context,en,easy,self_contained,complaint,product_return_and_replacement,none,0,@USER So I had ordered a Moto G5s and I got a Moto G5 plus. Please do something about it. Thank you URL,,
golden_rep-2450570,2450570,golden_rep,majority,message_context,en,easy,self_contained,complaint,product_return_and_replacement,none,0,amazon sent the wrong cases 😩🤦🏾‍♀️,,
golden_rep-2608094,2608094,golden_rep,majority,message_context,en,medium,context_helpful,support_request,product_return_and_replacement,none,0,@USER if I got a product and it didn’t come with everything listed who would I contact to get the rest to the product ?,,
golden_rep-982267,982267,golden_rep,majority,message_context,en,easy,self_contained,complaint,product_return_and_replacement,none,0,Wtf @USER ... I ordered an altitude mask and you sent me a ‘tutu’ ?!😂🤦🏼‍♂️ URL,,
golden_rep-2291505,2291505,golden_rep,majority,message_context,en,hard,context_helpful,support_request,product_return_and_replacement,none,0,@USER I have buy Nokia 6 from Amazon India. The phone's display has purple colour on right side of the display. I want to replace my phone but Amazon can't. What can I do ? Help ASAP.,,
golden_rep-1018235,1018235,golden_rep,majority,message_context,en,hard,context_helpful,complaint,product_return_and_replacement,none,0,"@USER Now amazon starts blackmailing customers by sending wrong product and when return req. placed,They says ship prdct back by urself",,
golden_rep-1229460,1229460,golden_rep,majority,message_context,en,hard,context_helpful,complaint,product_return_and_replacement,none,0,"Hey, @USER, this DVD is a fraud. It claims to be the lost 1917 Cleopatra but is really the 1912 version. URL",,
golden_rep-2484077,2484077,golden_rep,majority,message_context,en,easy,self_contained,complaint,product_return_and_replacement,none,0,I payed good money for this cup that I received today in the post! I am deeply disappointed that it’s faulty #donotbuy @USER URL,,
golden_rep-345473,345473,golden_rep,majority,message_context,en,hard,context_helpful,complaint,product_return_and_replacement,none,0,Dear @USER You suck. We’ve had to replace one device already bc it keeps malfunctioning. The “new” one is malfunctioning too.,,
golden_rep-676899,676899,golden_rep,majority,message_context,en,hard,context_helpful,complaint,product_return_and_replacement,none,0,@USER why haven’t you fulfilled Lex Luthor’s order of a blue-ray copy of A league of their own? Amazon you have to stop doing an injustice to Lex he might start a league! #JusticeLeague,,
golden_rep-18706,18706,golden_rep,majority,message_context,en,medium,context_helpful,support_request,refund_request,none,0,@USER U kindly refund the amount back .. I have sent back the product and I demand a refund for the same .never had such dissaponments wit amazon,,
golden_rep-1436650,1436650,golden_rep,majority,message_context,en,easy,self_contained,complaint,refund_request,none,0,@USER shady service - trying to steal my money - promised a refund on delivery to hotel as didn't arrive as promised. Now told no refund!,,
golden_rep-2712534,2712534,golden_rep,majority,message_context,en,medium,context_helpful,support_request,refund_request,none,0,"This is the second time Prime Now has delivered an order with missing items, and I can't find a way to request a refund in the app.",,
golden_rep-1420491,1420491,golden_rep,majority,message_context,en,medium,context_helpful,follow_up,refund_request,none,0,@USER Yes i have sent my details via the form. I have cancelled the product and dont want to be associated with amazon refund my money to my CC,,
golden_rep-915961,915961,golden_rep,majority,message_context,en,medium,context_helpful,follow_up,refund_request,none,0,@USER how would you justify blocking a customer’s number who’s awaiting a refund?,,
golden_rep-2515914,2515914,golden_rep,majority,message_context,en,medium,context_helpful,follow_up,refund_request,none,0,"@USER Yes on all three orders, then you kept arguing with me about how it wasn’t your fault and how you don’t have the resources to refund my Prime membership",,
golden_rep-2217342,2217342,golden_rep,majority,message_context,en,hard,context_helpful,complaint,refund_request,none,0,"@USER Yes, and now you are rejecting the claim but the seller is sketchy.",,
golden_rep-1893565,1893565,golden_rep,majority,message_context,en,medium,context_helpful,follow_up,service_complaint_escalation,none,0,@USER Nope...never received a call,,
golden_rep-1763226,1763226,golden_rep,majority,message_context,en,medium,context_helpful,complaint,service_complaint_escalation,none,0,@USER Yes. I have also spent 8 hours on live chat.,,
golden_rep-2573750,2573750,golden_rep,majority,message_context,en,medium,context_helpful,complaint,service_complaint_escalation,none,0,"@USER I've checked all of my folders. Like I said, the number in that link is the exact one I have called five times. I'm a Prime member who has been locked from their account for three weeks and have had nothing visible done to remedy this.",,
golden_rep-1541879,1541879,golden_rep,majority,message_context,en,medium,context_helpful,complaint,service_complaint_escalation,none,0,@USER Look your cust service people just emailed to say they couldn’t deal with me because my email isn’t recognised. So unhelpful,,
golden_rep-1415560,1415560,golden_rep,majority,message_context,en,medium,context_helpful,complaint,service_complaint_escalation,none,0,"@USER Yes, I'm talking to a representative again but I'm still super disappointed.. The call I made last night with you guys was useless",,
golden_rep-334873,334873,golden_rep,majority,message_context,en,medium,context_helpful,complaint,service_complaint_escalation,none,0,@USER 6 years of shopping and never had an issue with CS until tonight. 10 mins later and no reply. URL,,
golden_rep-272875,272875,golden_rep,majority,message_context,en,medium,context_helpful,complaint,service_complaint_escalation,none,0,"@USER I checked the link even on the desktop. There's no link given to contact support, that's why i am pinging you here.",,
golden_rep-1537572,1537572,golden_rep,majority,message_context,en,medium,context_helpful,complaint,service_complaint_escalation,none,0,"3/ @USER WHY IS IT SO HARD TO REPORT A SHIPPING PROBLEM? Yesterday I got the ""chat is too slow, please call"" option. Why no message/email?",,
golden_rep-411902,411902,golden_rep,majority,message_context,en,easy,self_contained,complaint,service_complaint_escalation,none,0,"I will NEVER use @USER @USER for my business ever again. Bad customer service, impolite, and impressionable",,
golden_rep-1588773,1588773,golden_rep,majority,message_context,en,easy,self_contained,complaint,service_complaint_escalation,none,0,"God damn it, but @USER is getting worse and worse and worse as time goes on. Maybe it's time to dump all @USER services and move on.",,
golden_rep-2353843,2353843,golden_rep,majority,message_context,en,medium,context_helpful,complaint,service_complaint_escalation,none,0,@USER I am sorry but I would like to receive a phone call &amp; have this matter resolved asap! I have phoned 5 times now &amp; every time I get nothing. I am £90 down on an error on your part. This has been going on for almost 3 weeks now &amp; it’s time for you to actually do something.,,
golden_rep-1136222,1136222,golden_rep,majority,message_context,en,hard,context_helpful,complaint,service_complaint_escalation,none,0,@USER Already send and call to 50 tym no proper response from ur side.. My neice birthday on 17 oct. Fake commitment 405-8158996-7018755oredr id,,
golden_rep-1384189,1384189,golden_rep,majority,message_context,en,easy,self_contained,complaint,service_complaint_escalation,none,0,"Bad experience , not a sense of customer Service or cost saving at all..... @USER #disappointed",,
golden_rep-1746071,1746071,golden_rep,majority,message_context,en,medium,context_helpful,complaint,service_complaint_escalation,none,0,"@USER I don’t this information to be public, as it’s impossible to reach your customer care on phone. So either they should call me or reach item",,
golden_rep-390810,390810,golden_rep,majority,message_context,en,hard,context_helpful,complaint,service_complaint_escalation,none,0,@USER You must shut down your improper business. Now when the payment is done you're coming up with nasty excuses. Read the DM.,,
golden_rep-2151408,2151408,golden_rep,majority,message_context,en,medium,context_helpful,complaint,service_complaint_escalation,none,0,@USER doesn't provide way to claim #gst input credit for Business purchases. Even if I am giving all details they are denying this basic,,
golden_rep-2216600,2216600,golden_rep,majority,message_context,en,hard,context_helpful,complaint,service_complaint_escalation,none,0,@USER Dont trust Amazon India and @USER with any card cash back offers. They do not keep up to their promises!! Conveniently take 3 months so that customers forget about it!!! #FoolingPrimeCustomers,,
golden_rep-1250967,1250967,golden_rep,majority,message_context,en,hard,context_helpful,complaint,service_complaint_escalation,none,0,"Super disappointed in @USER lately. Lost packages, multiple wrong charges. What's the point of being prime 🙄🤔",,
golden_rep-2447260,2447260,golden_rep,majority,message_context,en,medium,context_helpful,complaint,service_complaint_escalation,none,0,"@USER should only &amp; selectively use #USPS for certain deliveries since the majority of time your order isn't going to arrive as promised, thus defeating entire premise of #AmazonPrime This is about #logistics plain &amp; simple.",,
golden_rep-1179639,1179639,golden_rep,majority,message_context,en,hard,context_helpful,complaint,service_complaint_escalation,none,0,@USER was told to wait. Called you today. Told item has NOT been put in locker then told it HAD. Your agents can't keep up with their own lies.,,
golden_rep-2245407,2245407,golden_rep,majority,message_context,en,hard,context_helpful,complaint,service_complaint_escalation,none,0,@USER why my call gets dropped Kindly please check my call log and please take an appropriate actions Why my call dropped? In between URL,,
golden_rep-886169,886169,golden_rep,majority,message_context,en,hard,context_helpful,complaint,service_complaint_escalation,none,0,@USER The email was terribly short with no direction expect “we left you a voice mail win instructions” and I had no voice mails!,,
golden_chal-2814438,2814438,golden_chal,majority,message_context,es,hard,context_helpful,complaint,account_access,none,0,@USER Ya lo he intentado. Me llego un mail pidiendo que les envie un fax.. les mande el fax con el resumen de la tarjeta y mi cuenta continua bloqueada! NECESITO AYUDA @USER,,
golden_chal-2694949,2694949,golden_chal,majority,message_context,en,hard,self_contained,complaint,account_access,none,0,I tried @USER prime years ago for 30 days before the student offer or music service existed but now I'm unable to trial it but keeps being displayed on homepage.,,
golden_chal-519702,519702,golden_chal,majority,message_context,en,hard,context_helpful,complaint,account_access,none,0,@USER I just want my psn codes so me and my friends can download and play a game tonight. After I get those I'll never bother you again.,,
golden_chal-2853614,2853614,golden_chal,majority,message_context,en,easy,self_contained,support_request,cancellation,none,0,"@USER Hi, I made an order and it went straight to cancelled! How can I un-cancel? I bought these on blackfriday.",,
golden_chal-1955907,1955907,golden_chal,majority,message_context,en,hard,context_required,follow_up,charge_issue,none,0,@USER URL,,
golden_chal-616914,616914,golden_chal,majority,message_context,en,hard,context_helpful,follow_up,charge_issue,none,0,@USER Same card. Most orders are paid with gift vouchers. You say it’s because I’m buying others say it’s because I sell. No one can give me a straight answer. I currently have 4 £1 trans in my account.,,
golden_chal-197857,197857,golden_chal,majority,message_context,en,hard,context_helpful,complaint,charge_issue,none,0,@USER It is your responsibility to bar sellers like these on your platform. An increase in 1300 rupees is criminal.,,
golden_chal-1845984,1845984,golden_chal,majority,message_context,en,hard,context_helpful,follow_up,charge_issue,none,0,@USER But I have already activated the card?,,
golden_chal-1568158,1568158,golden_chal,majority,message_context,en,hard,context_helpful,complaint,charge_issue,none,0,@USER And I have another one too this one's actual MRP is Rs. 525/ Frontech 700 MB 5001 FC BLANK CD-R- 50 Pcs URL,,
golden_chal-834216,834216,golden_chal,majority,message_context,en,hard,context_helpful,clarification,delivered_but_not_received,none,0,@USER AMZL US,,
golden_chal-2798309,2798309,golden_chal,majority,message_context,en,hard,context_required,follow_up,delivered_but_not_received,none,0,"@USER Sure, the thing is that I saw notified that my package arrived and this photo came with the notification. URL",,
golden_chal-689484,689484,golden_chal,majority,message_context,en,medium,context_helpful,complaint,delivered_but_not_received,none,0,Did @USER really just not deliver my package and instead of taking responsibilty they ask me to contact usps and file a police report!? Really? After years of being a prime member I am glad to have cancelled my membership smh,,
golden_chal-1242242,1242242,golden_chal,majority,message_context,en,hard,context_helpful,complaint,delivered_but_not_received,none,0,@USER Your customer service is the worst first they investigated the wrong item then they thought I got someone else’s package now they say I,,
golden_chal-1578555,1578555,golden_chal,majority,message_context,de,hard,context_helpful,complaint,delivered_wrong_location,none,0,@USER @USER Same here. Amazon hat mich auch im Stich gelassen heute :(,,
golden_chal-2284883,2284883,golden_chal,majority,message_context,en,hard,context_helpful,complaint,delivered_wrong_location,none,0,"@USER Wasn’t my order, it was my neighbors. No idea what his name is. Not trying to tattle. Just pointing out you aren’t hiring the best, most trustworthy people to justify the key service here.",,
golden_chal-2170818,2170818,golden_chal,majority,message_context,en,hard,context_required,follow_up,delivery_delay,none,0,@USER @USER ??,,
golden_chal-842315,842315,golden_chal,majority,message_context,fr,hard,context_helpful,clarification,delivery_delay,none,0,"@USER Transporteur : Amazon Logistics, n° de suivi CA0002376203",,
golden_chal-2171079,2171079,golden_chal,majority,message_context,en,medium,self_contained,complaint,delivery_delay,none,0,Sound een pre-ordering a game from @USER only to have it not show up when it's supposed to. Could have just went to the fucking shops for it if I knew it wasn't going to be delivered today 🙃,,
golden_chal-2785904,2785904,golden_chal,majority,message_context,en,medium,context_helpful,complaint,delivery_delay,none,0,"@USER No one seems sure. Cust service said ""hopefully"" it will arrive tomorrow.",,
golden_chal-1379340,1379340,golden_chal,majority,message_context,it,medium,self_contained,support_request,device_app_issue,none,0,@USER @USER C'è speranza di avere l'app #PrimeVideo sul Sony UHP-H1?,,
golden_chal-227064,227064,golden_chal,majority,message_context,ja,medium,self_contained,support_request,device_app_issue,none,0,AmazonリーディングってこれKindleのアプリからいけねぇのか？,,
golden_chal-1645512,1645512,golden_chal,majority,message_context,en,hard,context_helpful,complaint,device_app_issue,none,0,@USER I'm having it on the full site and the mobile site on all browsers. I don't use the app. Shopping works...I just can't buy.,,
golden_chal-2497106,2497106,golden_chal,majority,message_context,en,medium,context_helpful,complaint,device_app_issue,none,0,"@USER @USER @USER @USER @USER @USER @USER @USER @USER Given that the app is launched in India, I was hoping that English(India) language would also be available to choose 😕",,
golden_chal-487688,487688,golden_chal,majority,message_context,fr,medium,context_helpful,acknowledgement,none,none,1,"Mieux vaut tard que jamais... Commandé dimanche avec #AmazonPrime, reçu vendredi avec @USER! Cc @USER URL",,
golden_chal-1451501,1451501,golden_chal,majority,message_context,pt,medium,context_helpful,acknowledgement,none,none,1,"@USER Como foi minha primeira compra, eu comprei 2 (use a cabeça c E linux a bíblia), mas já estou fazendo a lista das próximas compras",,
golden_chal-787658,787658,golden_chal,majority,message_context,es,medium,context_helpful,acknowledgement,none,none,1,@USER ¡Gracias todo resuelto!,,
golden_chal-893308,893308,golden_chal,majority,message_context,pt,hard,context_helpful,unknown,none,none,1,"Atualizando meu @USER e quais são meus maiores gastos do mês? Sim meus caros, @USER , claro.",,
golden_chal-2254596,2254596,golden_chal,majority,message_context,it,easy,context_helpful,acknowledgement,none,none,1,"@USER Grazie, buonanotte 😊",,
golden_chal-426141,426141,golden_chal,majority,message_context,es,medium,self_contained,acknowledgement,none,none,1,"Cualquier día antes de que decida en pedir algo en @USER ,me ha llegado Dios que velocidad 😃😃",,
golden_chal-816342,816342,golden_chal,majority,message_context,it,hard,self_contained,unknown,none,none,1,#AmazonIndia URL,,
golden_chal-2586341,2586341,golden_chal,majority,message_context,ja,medium,self_contained,acknowledgement,none,none,1,アマゾンプライムミュージック入れたが、ペルソナだけで年会費の価値超えててすげぇ……,,
golden_chal-365605,365605,golden_chal,majority,message_context,fr,medium,context_helpful,acknowledgement,none,none,1,"@USER je viens de recevoir, désolé pour le dérangement",,
golden_chal-2472354,2472354,golden_chal,majority,message_context,ja,medium,context_helpful,acknowledgement,none,none,1,@USER これから特典たくさん利用したいと思ってます！ わざわざリプライありがとうございます！☺️,,
golden_chal-1033752,1033752,golden_chal,majority,message_context,de,medium,context_helpful,acknowledgement,none,none,1,"@USER Genau JETZT kam die Mail, dass mein Paket gleich ankommt. 👍 Danke für den tollen Kundenservice und die immer zügigen Antworten!",,
golden_chal-1738390,1738390,golden_chal,majority,message_context,ja,medium,self_contained,acknowledgement,none,none,1,Amazonで頼んだやつ来たーーー！！ 😈ｷﾞﾗﾝ そして俺の姉達はもうクリスマス🎅気分w←ついこの間ハロウィン🎃終わったばかりなのに､､､ww URL,,
golden_chal-2151072,2151072,golden_chal,majority,message_context,ja,easy,context_helpful,acknowledgement,none,none,1,@USER あ、ありがとうございます🙇‍♀️,,
golden_chal-1130527,1130527,golden_chal,majority,message_context,en,hard,context_helpful,support_request,order_status_query,none,0,@USER Invoice no: TN-MAA4-__credit_card__,,
golden_chal-2149534,2149534,golden_chal,majority,message_context,en,hard,context_helpful,complaint,order_status_query,none,0,"@USER Ok but when placing an order, your site always tells you if the item is eligible for P.O. box delivery or not. My order was processed and went through with no issues",,
golden_chal-2609965,2609965,golden_chal,majority,message_context,fr,hard,context_helpful,complaint,other_unclear,none,0,Bonjour @USER je viens de recevoir mon colis que j’avais demandé à être envoyé dans un colis Amazon pour cacher les informations du produit or ce n’est pas le cas. Pourquoi ? Amazon de moins en moins satisfaisant...,,
golden_chal-2909124,2909124,golden_chal,majority,message_context,en,hard,context_helpful,complaint,other_unclear,none,0,I love @USER but really?? You mailed this at Christmas without putting it in a plain box???? My kids saw it outside when they got off the bus! #christmasruined URL,,
golden_chal-582649,582649,golden_chal,majority,message_context,en,hard,context_helpful,follow_up,product_return_and_replacement,none,0,@USER *occassion,,
golden_chal-835153,835153,golden_chal,majority,message_context,en,easy,self_contained,complaint,product_return_and_replacement,none,0,I bought a captain America T-shirt from @USER and they sent me Rupa baniyan #AccheDin ? @USER URL,,
golden_chal-2679197,2679197,golden_chal,majority,message_context,en,hard,context_required,follow_up,product_return_and_replacement,none,0,@USER @USER Amazon is not supposed to take returns of our item. Did they replace it for you?,,
golden_chal-694411,694411,golden_chal,majority,message_context,en,medium,context_helpful,follow_up,product_return_and_replacement,none,0,@USER I did !! Request you to please give me the email address on which i can fwd you the video.,,
golden_chal-972720,972720,golden_chal,majority,message_context,en,hard,context_required,follow_up,refund_request,none,0,"#KaroMilkeTayyari for superb discounts on superb brands at #AmazonGreatIndianFestival. Ready with your wish-lists? Hurry, only 3 days to go. URL",,
golden_chal-232399,232399,golden_chal,majority,message_context,fr,medium,self_contained,complaint,service_complaint_escalation,none,0,En fait #Amazonprime c'est surtout de la merde non? Ça existe un livreur qui fait son taf à Paris ou c'est une utopie? @USER @USER,,
golden_chal-102915,102915,golden_chal,majority,message_context,en,medium,context_helpful,complaint,service_complaint_escalation,none,0,@USER And this is your TR customer: URL,,
golden_chal-2747122,2747122,golden_chal,majority,message_context,en,easy,self_contained,complaint,service_complaint_escalation,none,0,Is it just me or has anyone else noticed that the @USER customer service has decreased recently?! They can barely speak English and I'm convinced I'm talking to a computer due to their automated responses.,,
golden_chal-2521823,2521823,golden_chal,majority,message_context,en,easy,self_contained,complaint,service_complaint_escalation,none,0,@USER Wow each email I get is worse. Clearly no one actually reads what you write to customer services!!,,
golden_chal-1323314,1323314,golden_chal,majority,message_context,en,medium,context_helpful,complaint,service_complaint_escalation,none,0,@USER Look what reply we get when we complain to Amazon..... URL,,
test-535015,535015,test,logistic,message_context,en,medium,context_helpful,complaint,delivery_delay,refund_request,0,@USER @USER Ok...then 1. why on Friday it was updated thru sms that courier attempt failed as customer not available 2. Why on Saturday it was told that I will get my courier on Saturday itself but still not delivered ?,0.11889876246456757,0.11889876246456757
test-2837028,2837028,test,logistic,message_context,pt,medium,self_contained,complaint,product_return_and_replacement,charge_issue,0,"@USER eu estou decepcionada com a amazon, vcs vendem livros sem ao menos dar um aviso prévio de que o livro é versão econômica!! nunca mais compro com vcs.",0.11167623371438377,0.11167623371438377
test-407498,407498,test,logistic,message_context,en,easy,self_contained,complaint,delivery_delay,charge_issue,0,@USER why do y'all hate me? I haven't gotten a single thing on time??,0.09539467401536966,0.09539467401536966
test-351165,351165,test,logistic,message_context,ja,medium,self_contained,complaint,none,order_status_query,0,一番ぐぬぬぬしてるのが、密林用意の密林発送なのに、代引きコンビニ支払い不可で、クレ払いのみってやつがぐぬぬぬぬぬぬしてる(クレカは持たない主義) いちいちギフカ買うのめんどくさいよ〜〜〜,0.110523519186978,0.110523519186978
test-783437,783437,test,logistic,message_context,en,easy,self_contained,support_request,delivered_but_not_received,delivery_delay,0,@USER i got the notification that I received my package but i did not and I waited an hour and nothing has came yet!,0.10896768115296482,0.10896768115296482
test-411435,411435,test,logistic,message_context,en,medium,self_contained,complaint,cancellation,service_complaint_escalation,0,I searched a book on amazon and it just automatically bought it wtf,0.09568300599614595,0.09568300599614595
test-1106537,1106537,test,logistic,message_context,en,medium,self_contained,complaint,delivery_delay,order_status_query,0,@USER should b like #AmazonPrimeNEVER. Order placed 4 hrs ago &amp; watched driver go opposite direction while in 'hood. #inept #shame,0.09825320081928586,0.09825320081928586
test-619219,619219,test,logistic,message_context,es,medium,context_helpful,complaint,delivery_delay,account_info_update,0,"@USER Mañana, pero eso son 8 días después de realizar el pedido. Con estos plazos no creo que cambie mi compra en supermercado por Pantry",0.144073094927717,0.144073094927717
test-132555,132555,test,logistic,message_context,de,easy,self_contained,complaint,delivery_delay,other_unclear,0,"@USER Heute versandt, Dienstag geliefert? Früher wart ihr bei Prime-Versand mal schneller... :-( URL",0.10565098999333586,0.10565098999333586
test-1380925,1380925,test,logistic,message_context,en,medium,self_contained,complaint,delivery_delay,delivery_delay,1,@USER What's d big idea behind Amazon Prime's promise of 1 day delivery.? While ordering it says 3-4 days for delivery. #Disappointed.,0.10820999754178652,0.10820999754178652
test-2616364,2616364,test,logistic,message_context,en,easy,self_contained,unknown,none,delivered_but_not_received,0,@USER will OnePlus 5T have No Cost EMI as payment option on @USER,0.10686463175308815,0.10686463175308815
test-2089262,2089262,test,logistic,message_context,ja,easy,self_contained,acknowledgement,none,product_return_and_replacement,0,Amazon仕事早ーい(笑)(。-∀-)姪っ子ちゃんらのクリスマスプレゼントもうきた(笑)(。-∀-)🎄🎅🎁✨ URL,0.18813453100445163,0.18813453100445163
test-2830752,2830752,test,logistic,message_context,en,easy,self_contained,complaint,service_complaint_escalation,service_complaint_escalation,1,@USER worst customer service __email__.,0.10785499239186683,0.10785499239186683
test-470156,470156,test,logistic,message_context,en,easy,self_contained,complaint,none,none,1,"Dear @USER, today is Friday. You really don't need to keep sending cyber Monday emails. Thank you, The World.",0.10800675116650546,0.10800675116650546
test-1466972,1466972,test,logistic,message_context,en,medium,context_helpful,complaint,delivery_delay,delivery_delay,1,"@USER I was told it was a amazon carrier! But the fact that I received a email on Wednesday to say my parcel was out for delivery and would be there by 8pm that day to now be into Saturday and to now be told oh sorry we don’t know where the parcel is, is an absolute joke!",0.1266435733558615,0.1266435733558615
test-271574,271574,test,logistic,message_context,ja,medium,context_helpful,complaint,product_return_and_replacement,cancellation,0,@USER お仕事ご苦労さまです。 返品申し込みをさせて頂きました。 完全な誤商品というよりは商品ページの記載に問題があるのでは？という気がしておりますが、返品しますのでまあもういいかなという感じです。今日使いたかったので不信感で腹が立ってしまいました。 わざわざリプありがとうございました。,0.15948128714166815,0.15948128714166815
test-234234,234234,test,logistic,message_context,es,medium,self_contained,unknown,none,account_info_update,0,@USER Sí lo he hecho. Pero hay preguntas de clientes respondidas hace años por el propio vendedor y la información en la ficha sigue mal,0.12771845821940975,0.12771845821940975
test-2520585,2520585,test,logistic,message_context,ja,easy,self_contained,acknowledgement,none,product_return_and_replacement,0,プライムはいりますたw glee cast 聴き放題なの嬉しい！！ URL,0.18813453100445163,0.18813453100445163
test-897110,897110,test,logistic,message_context,en,hard,context_required,clarification,service_complaint_escalation,refund_request,0,@USER I just sent the requested details through my mail to __email__,0.13026651912901138,0.13026651912901138
test-576056,576056,test,logistic,message_context,en,easy,self_contained,acknowledgement,none,service_complaint_escalation,0,Shout out to the #Boston @USER @USER and @USER for the beautiful wreath! Brought it home to surprise my wife and it smelled amazing when I opened the box and she loved it! #Winning #TreasureTruck URL,0.09826493362456608,0.09826493362456608
test-1548344,1548344,test,logistic,message_context,en,hard,context_required,clarification,none,service_complaint_escalation,0,"@USER Yes, I have.",0.12001860667166894,0.12001860667166894
test-2093938,2093938,test,logistic,message_context,hi,hard,self_contained,complaint,charge_issue,product_return_and_replacement,0,@USER @USER @USER @USER 2000रूपये के लिए यह कंपनी बेईमानी धोखेबाजी कर लेती हे ऐसी तुछ ओछी हरकत मेरे साथ हुई हे मुझे अबreorderकरने के लिए कहा जा रहा हे ताकि मुझे अब10999की जगह12999देने पड़ेंगे इसी सोचीसमझी साजिस के तहत मेरेorderको बीच रास्ते से return कर लिया था ? URL,0.09867047010932156,0.09867047010932156
test-2813544,2813544,test,logistic,message_context,en,easy,self_contained,complaint,delivered_wrong_location,delivery_delay,0,My @USER package was stolen today..,0.11049265635747377,0.11049265635747377
test-179430,179430,test,logistic,message_context,en,hard,context_required,support_request,other_unclear,other_unclear,1,@USER I need an urgent help??,0.12206971291605537,0.12206971291605537
test-2162437,2162437,test,logistic,message_context,en,medium,self_contained,complaint,product_return_and_replacement,delivery_delay,0,@USER you guys damage a package in transit &amp; then ask me to reorder the whole thing &amp; wait for another 10 days for delivery?!,0.1083804100673714,0.1083804100673714
test-2942015,2942015,test,logistic,message_context,en,medium,self_contained,unknown,cancellation,refund_request,0,"@USER @USER I've bought a G5s Plus already for a family member. Will my order, if placed, for another one for personal use be cancelled now?",0.11522907043890247,0.11522907043890247
test-414010,414010,test,logistic,message_context,ja,easy,self_contained,complaint,delivery_delay,order_status_query,0,Amazonで頼んだやつかれこれ２週間待ってる( ˙-˙ )←遅いなぁ....,0.110523519186978,0.110523519186978
test-1308262,1308262,test,logistic,message_context,en,medium,self_contained,complaint,delivered_wrong_location,other_unclear,0,What the heck is this @USER. Inexcusable! Packages from other floors in my office building just sitting there in the hallway of 4th floor URL,0.10975983226486155,0.10975983226486155
test-2939131,2939131,test,logistic,message_context,de,medium,context_helpful,unknown,none,device_app_issue,0,"@USER Ist ein Kontakt auch als Firmenkunde möglich wenn man nicht der eingetragene Ansprechpartner, sondern nur ausführender Sachbearbeiter ist?",0.12581842045774114,0.12581842045774114
test-1968370,1968370,test,logistic,message_context,en,medium,context_helpful,complaint,cancellation,refund_request,0,@USER My order showing cancelled...What the hell?,0.12342613561554255,0.12342613561554255
val-71873,71873,val,logistic,message_context,en,hard,context_helpful,complaint,service_complaint_escalation,refund_request,0,"@USER @USER @USER @USER @USER No Resolution yet. Haha, I am getting a email on 1st December 2017 for an pickup of 28th November. For Amazon time will go in reverse and they will come to me on 28th November 2017 for pickup. #greatfun URL",0.0893910337899549,0.0893910337899549
val-471605,471605,val,logistic,message_context,ja,easy,self_contained,complaint,delivered_wrong_location,order_status_query,0,Amazonで北海道に荷物頼んだらなぜか島根県へと配送されていた…,0.110523519186978,0.110523519186978
val-1655018,1655018,val,logistic,message_context,en,hard,context_required,clarification,none,other_unclear,0,@USER tell me what detail do you need? URL,0.12718212998700645,0.12718212998700645
val-218049,218049,val,logistic,message_context,en,medium,self_contained,support_request,device_app_issue,service_complaint_escalation,0,Why can't I pre order @USER @USER on @USER app the @USER one isn't showing up #Wrestling #2K18 #XBoxOne,0.10293798147833029,0.10293798147833029
val-2828095,2828095,val,logistic,message_context,fr,easy,self_contained,complaint,product_return_and_replacement,account_access,0,@USER Je viens de recevoir un colis et le livre est arrivé en mauvais état. Est ce normal ? @USER URL,0.11676272843029635,0.11676272843029635
val-719853,719853,val,logistic,message_context,en,easy,self_contained,acknowledgement,none,product_return_and_replacement,0,good job @USER URL,0.10171775347889779,0.10171775347889779
val-1103613,1103613,val,logistic,message_context,en,easy,self_contained,complaint,delivered_but_not_received,delivery_delay,0,why would @USER say the package was delivered if it wasn't?,0.11174917009830126,0.11174917009830126
val-2472404,2472404,val,logistic,message_context,en,easy,self_contained,support_request,product_return_and_replacement,service_complaint_escalation,0,"@USER hi there! i've got two items to return, and the amazon locker reservation time on one of them has expired- can i just put them both in one box in the locker space i still have available? if not, how do i go about getting a new locker space reservation? thanks!",0.12779645866464895,0.12779645866464895
val-437366,437366,val,logistic,message_context,en,easy,self_contained,complaint,delivered_wrong_location,refund_request,0,@USER My Mobile delivered to someone else.Waste of choosing 2day delivery.No response from CustomerCare.Feeling insecure to pay online,0.09157732896290509,0.09157732896290509
val-980000,980000,val,logistic,message_context,ja,medium,context_helpful,unknown,none,cancellation,0,@USER メルアドを登録し忘れててたのですが コンビニで支払う11桁の支払番号は 注文履歴で確認することはできますか？,0.13349249484755032,0.13349249484755032
val-2567029,2567029,val,logistic,message_context,en,easy,self_contained,complaint,none,delivery_delay,0,Ordered a Christmas brooch from @USER for same day posting...came literally after i've had my dinner. My only complaint is...why does the package box need to be so big? Thought we were trying to save the environment. URL,0.10329590121694163,0.10329590121694163
val-1780206,1780206,val,logistic,message_context,en,easy,self_contained,unknown,none,service_complaint_escalation,0,@USER Is there a way to restrict one amazon echo to one specific person in the household?,0.10356240179944169,0.10356240179944169
val-2360502,2360502,val,logistic,message_context,en,hard,context_required,follow_up,none,service_complaint_escalation,0,@USER I've shared my contact details and the problems which I faced (In detail). Waiting for your response... URL,0.09084809899333562,0.09084809899333562
val-1394424,1394424,val,logistic,message_context,en,hard,self_contained,complaint,other_unclear,delivery_delay,0,"@USER @USER Order# 407-8361283-2219545 . Your delivery agent telephoned us and asked to ""come and collect the parcel """,0.10413025806849428,0.10413025806849428
val-2416355,2416355,val,logistic,message_context,en,medium,self_contained,complaint,service_complaint_escalation,service_complaint_escalation,1,@USER &amp; @USER I had to struggle a lot to find the option to contact/chat regarding my order. Not a user friendly experience :(,0.0932068778717903,0.0932068778717903
val-167910,167910,val,logistic,message_context,fr,easy,self_contained,unknown,none,charge_issue,0,"@USER Entre nous, la Switch ne descendra pas en dessous de 292€, même pour le black friday ou le cyber monday, pas vrai? Que je sache si je dois me jeter dessus maintenant et prendre les jeux en boutique (cheques cadeaux ftw!)",0.10023645351716742,0.10023645351716742
val-2208276,2208276,val,logistic,message_context,en,hard,context_required,follow_up,delivery_delay,delivery_delay,1,"@USER @USER Happened to me, too. Gotta wait until the 13th to play it.",0.09318877046913468,0.09318877046913468
val-502468,502468,val,logistic,message_context,es,easy,self_contained,unknown,none,account_info_update,0,"Ey @USER, estaría bien que tanto en la app como en la web tuviérais un apartado de novedades, para ver lo que vais incluyendo en vuestro catálogo. Da cosa enterarse por otras personas o por casualidad.",0.11967286458878158,0.11967286458878158
val-2596396,2596396,val,logistic,message_context,en,medium,context_helpful,complaint,service_complaint_escalation,service_complaint_escalation,1,@USER Alrdy done,0.12145370904674911,0.12145370904674911
val-858760,858760,val,logistic,message_context,en,easy,self_contained,complaint,service_complaint_escalation,service_complaint_escalation,1,"As an event design company, we spend $$$ with @USER every year. Why can't we post reviews &amp; ask questions in the @USER community. Sick of waiting for your Call! FIX IT!",0.12930151567536433,0.12930151567536433
val-764802,764802,val,logistic,message_context,en,medium,self_contained,complaint,delivered_wrong_location,service_complaint_escalation,0,"Dear twatty courier for @USER who thought it would be a good idea to leave my uni books in cardboard in the rain, you're an utter wanker.",0.11596068024472651,0.11596068024472651
val-2516925,2516925,val,logistic,message_context,ja,medium,self_contained,complaint,device_app_issue,cancellation,0,@USER iPadのwebからほしい物リストに追加すると勝手に買い物かごに追加されてしまいます。ブラウザはchromeです。修正お願いします。,0.129749287240631,0.129749287240631
val-275517,275517,val,logistic,message_context,ja,easy,self_contained,acknowledgement,none,product_return_and_replacement,0,Amazon届いた⋆⸜(* ॑꒳ ॑* )⸝ﾋﾟｮﾝﾋﾟｮﾝ 買いまくってしまったイエベ秋似合うという化粧品⋆⸜(* ॑꒳ ॑* )⸝ﾋﾟｮﾝﾋﾟｮﾝ とずっと気になってたケイトのブルーグロス⋆⸜(* ॑꒳ ॑* )⸝ﾋﾟｮﾝﾋﾟｮﾝ URL,0.18813453100445163,0.18813453100445163
val-2571862,2571862,val,logistic,message_context,en,easy,context_helpful,acknowledgement,none,device_app_issue,0,@USER Will do. Thanks.,0.10067167987230768,0.10067167987230768
val-204928,204928,val,logistic,message_context,ja,easy,context_helpful,acknowledgement,none,cancellation,0,Amazonプライムミュージックにドリカムが入ってるのを発見！JBLに繋いで大音量でお掃除♪♪♪ URL,0.12967627944556015,0.12967627944556015
val-840845,840845,val,logistic,message_context,ja,hard,self_contained,complaint,product_return_and_replacement,order_status_query,0,アマゾンで頼んだバラストが初期不良で新しい物を送ってくれって言ったら中国直送で2週間かかるとか言われたんだけど、 そろそろかなと思って確認しに行ったら受取人不明で返送されたとか言われたんだけど どうしてくれる（怒）,0.110523519186978,0.110523519186978
val-1453811,1453811,val,logistic,message_context,de,medium,self_contained,follow_up,delivery_delay,order_status_query,0,"@USER hallo, Paket sollte gestern (Feiertag) zugestellt worden sein. Ortung des Pakets ist ca 40-50 km von mir weg. Was kann ich tun?",0.12614669587425525,0.12614669587425525
val-2052149,2052149,val,logistic,message_context,en,easy,self_contained,acknowledgement,none,other_unclear,0,@USER Done! Thanks,0.1046357246640479,0.1046357246640479
val-382580,382580,val,logistic,message_context,fr,medium,self_contained,follow_up,delivered_but_not_received,none,0,Énième souci avec une commande @USER dont le colis a été retourné à l’expéditeur suite à une erreur de tri. Cmt vous contacter ?,0.10199089924743975,0.10199089924743975
val-215983,215983,val,logistic,message_context,en,easy,self_contained,acknowledgement,none,none,1,@USER Just wanted to say thank you for your fast responses. Amazon is the best.,0.10436422852371494,0.10436422852371494
golden_all-2814438,2814438,golden_all,logistic,message_context,es,hard,context_helpful,complaint,account_access,account_info_update,0,@USER Ya lo he intentado. Me llego un mail pidiendo que les envie un fax.. les mande el fax con el resumen de la tarjeta y mi cuenta continua bloqueada! NECESITO AYUDA @USER,0.11248362821661922,0.11248362821661922
golden_all-2694949,2694949,golden_all,logistic,message_context,en,hard,self_contained,complaint,account_access,delivery_delay,0,I tried @USER prime years ago for 30 days before the student offer or music service existed but now I'm unable to trial it but keeps being displayed on homepage.,0.10934773550661964,0.10934773550661964
golden_all-519702,519702,golden_all,logistic,message_context,en,hard,context_helpful,complaint,account_access,refund_request,0,@USER I just want my psn codes so me and my friends can download and play a game tonight. After I get those I'll never bother you again.,0.10782444019211576,0.10782444019211576
golden_all-2853614,2853614,golden_all,logistic,message_context,en,easy,self_contained,support_request,cancellation,service_complaint_escalation,0,"@USER Hi, I made an order and it went straight to cancelled! How can I un-cancel? I bought these on blackfriday.",0.11278852705039946,0.11278852705039946
golden_all-1955907,1955907,golden_all,logistic,message_context,en,hard,context_required,follow_up,charge_issue,service_complaint_escalation,0,@USER URL,0.09336967615499854,0.09336967615499854
golden_all-616914,616914,golden_all,logistic,message_context,en,hard,context_helpful,follow_up,charge_issue,service_complaint_escalation,0,@USER Same card. Most orders are paid with gift vouchers. You say it’s because I’m buying others say it’s because I sell. No one can give me a straight answer. I currently have 4 £1 trans in my account.,0.10794794744176991,0.10794794744176991
golden_all-197857,197857,golden_all,logistic,message_context,en,hard,context_helpful,complaint,charge_issue,service_complaint_escalation,0,@USER It is your responsibility to bar sellers like these on your platform. An increase in 1300 rupees is criminal.,0.10843003454047544,0.10843003454047544
golden_all-1845984,1845984,golden_all,logistic,message_context,en,hard,context_helpful,follow_up,charge_issue,refund_request,0,@USER But I have already activated the card?,0.10178208011254032,0.10178208011254032
golden_all-1568158,1568158,golden_all,logistic,message_context,en,hard,context_helpful,complaint,charge_issue,refund_request,0,@USER And I have another one too this one's actual MRP is Rs. 525/ Frontech 700 MB 5001 FC BLANK CD-R- 50 Pcs URL,0.09336233660057963,0.09336233660057963
golden_all-834216,834216,golden_all,logistic,message_context,en,hard,context_helpful,clarification,delivered_but_not_received,refund_request,0,@USER AMZL US,0.10170082616981263,0.10170082616981263
golden_all-2798309,2798309,golden_all,logistic,message_context,en,hard,context_required,follow_up,delivered_but_not_received,delivery_delay,0,"@USER Sure, the thing is that I saw notified that my package arrived and this photo came with the notification. URL",0.09778372095847218,0.09778372095847218
golden_all-689484,689484,golden_all,logistic,message_context,en,medium,context_helpful,complaint,delivered_but_not_received,delivery_delay,0,Did @USER really just not deliver my package and instead of taking responsibilty they ask me to contact usps and file a police report!? Really? After years of being a prime member I am glad to have cancelled my membership smh,0.11628627204596238,0.11628627204596238
golden_all-1242242,1242242,golden_all,logistic,message_context,en,hard,context_helpful,complaint,delivered_but_not_received,service_complaint_escalation,0,@USER Your customer service is the worst first they investigated the wrong item then they thought I got someone else’s package now they say I,0.10074234810235745,0.10074234810235745
golden_all-1578555,1578555,golden_all,logistic,message_context,de,hard,context_helpful,complaint,delivered_wrong_location,device_app_issue,0,@USER @USER Same here. Amazon hat mich auch im Stich gelassen heute :(,0.12370261391219325,0.12370261391219325
golden_all-2284883,2284883,golden_all,logistic,message_context,en,hard,context_helpful,complaint,delivered_wrong_location,delivery_delay,0,"@USER Wasn’t my order, it was my neighbors. No idea what his name is. Not trying to tattle. Just pointing out you aren’t hiring the best, most trustworthy people to justify the key service here.",0.11714812349690122,0.11714812349690122
golden_all-2170818,2170818,golden_all,logistic,message_context,en,hard,context_required,follow_up,delivery_delay,delivered_but_not_received,0,@USER @USER ??,0.1020493186778009,0.1020493186778009
golden_all-842315,842315,golden_all,logistic,message_context,fr,hard,context_helpful,clarification,delivery_delay,delivered_but_not_received,0,"@USER Transporteur : Amazon Logistics, n° de suivi CA0002376203",0.12971603235634233,0.12971603235634233
golden_all-2171079,2171079,golden_all,logistic,message_context,en,medium,self_contained,complaint,delivery_delay,delivery_delay,1,Sound een pre-ordering a game from @USER only to have it not show up when it's supposed to. Could have just went to the fucking shops for it if I knew it wasn't going to be delivered today 🙃,0.11781869063537519,0.11781869063537519
golden_all-2785904,2785904,golden_all,logistic,message_context,en,medium,context_helpful,complaint,delivery_delay,refund_request,0,"@USER No one seems sure. Cust service said ""hopefully"" it will arrive tomorrow.",0.1154362188270336,0.1154362188270336
golden_all-1379340,1379340,golden_all,logistic,message_context,it,medium,self_contained,support_request,device_app_issue,none,0,@USER @USER C'è speranza di avere l'app #PrimeVideo sul Sony UHP-H1?,0.11074049240445778,0.11074049240445778
golden_all-227064,227064,golden_all,logistic,message_context,ja,medium,self_contained,support_request,device_app_issue,order_status_query,0,AmazonリーディングってこれKindleのアプリからいけねぇのか？,0.110523519186978,0.110523519186978
golden_all-1645512,1645512,golden_all,logistic,message_context,en,hard,context_helpful,complaint,device_app_issue,delivery_delay,0,@USER I'm having it on the full site and the mobile site on all browsers. I don't use the app. Shopping works...I just can't buy.,0.11155921917432518,0.11155921917432518
golden_all-2497106,2497106,golden_all,logistic,message_context,en,medium,context_helpful,complaint,device_app_issue,none,0,"@USER @USER @USER @USER @USER @USER @USER @USER @USER Given that the app is launched in India, I was hoping that English(India) language would also be available to choose 😕",0.10408145097669749,0.10408145097669749
golden_all-487688,487688,golden_all,logistic,message_context,fr,medium,context_helpful,acknowledgement,none,none,1,"Mieux vaut tard que jamais... Commandé dimanche avec #AmazonPrime, reçu vendredi avec @USER! Cc @USER URL",0.09648272742530499,0.09648272742530499
golden_all-1451501,1451501,golden_all,logistic,message_context,pt,medium,context_helpful,acknowledgement,none,charge_issue,0,"@USER Como foi minha primeira compra, eu comprei 2 (use a cabeça c E linux a bíblia), mas já estou fazendo a lista das próximas compras",0.12249768060024567,0.12249768060024567
golden_all-787658,787658,golden_all,logistic,message_context,es,medium,context_helpful,acknowledgement,none,account_info_update,0,@USER ¡Gracias todo resuelto!,0.1642880634092741,0.1642880634092741
golden_all-893308,893308,golden_all,logistic,message_context,pt,hard,context_helpful,unknown,none,none,1,"Atualizando meu @USER e quais são meus maiores gastos do mês? Sim meus caros, @USER , claro.",0.10004773897262234,0.10004773897262234
golden_all-2254596,2254596,golden_all,logistic,message_context,it,easy,context_helpful,acknowledgement,none,delivered_but_not_received,0,"@USER Grazie, buonanotte 😊",0.0973427558822983,0.0973427558822983
golden_all-426141,426141,golden_all,logistic,message_context,es,medium,self_contained,acknowledgement,none,charge_issue,0,"Cualquier día antes de que decida en pedir algo en @USER ,me ha llegado Dios que velocidad 😃😃",0.12291660630989425,0.12291660630989425
golden_all-816342,816342,golden_all,logistic,message_context,it,hard,self_contained,unknown,none,product_return_and_replacement,0,#AmazonIndia URL,0.18813453100445163,0.18813453100445163
golden_all-2586341,2586341,golden_all,logistic,message_context,ja,medium,self_contained,acknowledgement,none,order_status_query,0,アマゾンプライムミュージック入れたが、ペルソナだけで年会費の価値超えててすげぇ……,0.110523519186978,0.110523519186978
golden_all-365605,365605,golden_all,logistic,message_context,fr,medium,context_helpful,acknowledgement,none,delivered_but_not_received,0,"@USER je viens de recevoir, désolé pour le dérangement",0.11530356145868638,0.11530356145868638
golden_all-2472354,2472354,golden_all,logistic,message_context,ja,medium,context_helpful,acknowledgement,none,product_return_and_replacement,0,@USER これから特典たくさん利用したいと思ってます！ わざわざリプライありがとうございます！☺️,0.14392778168434908,0.14392778168434908
golden_all-1033752,1033752,golden_all,logistic,message_context,de,medium,context_helpful,acknowledgement,none,device_app_issue,0,"@USER Genau JETZT kam die Mail, dass mein Paket gleich ankommt. 👍 Danke für den tollen Kundenservice und die immer zügigen Antworten!",0.1262841817308399,0.1262841817308399
golden_all-1738390,1738390,golden_all,logistic,message_context,ja,medium,self_contained,acknowledgement,none,product_return_and_replacement,0,Amazonで頼んだやつ来たーーー！！ 😈ｷﾞﾗﾝ そして俺の姉達はもうクリスマス🎅気分w←ついこの間ハロウィン🎃終わったばかりなのに､､､ww URL,0.18813453100445163,0.18813453100445163
golden_all-2151072,2151072,golden_all,logistic,message_context,ja,easy,context_helpful,acknowledgement,none,cancellation,0,@USER あ、ありがとうございます🙇‍♀️,0.11979793675511644,0.11979793675511644
golden_all-1130527,1130527,golden_all,logistic,message_context,en,hard,context_helpful,support_request,order_status_query,delivered_but_not_received,0,@USER Invoice no: TN-MAA4-__credit_card__,0.1006011497909361,0.1006011497909361
golden_all-2149534,2149534,golden_all,logistic,message_context,en,hard,context_helpful,complaint,order_status_query,delivery_delay,0,"@USER Ok but when placing an order, your site always tells you if the item is eligible for P.O. box delivery or not. My order was processed and went through with no issues",0.10860850946689839,0.10860850946689839
golden_all-2609965,2609965,golden_all,logistic,message_context,fr,hard,context_helpful,complaint,other_unclear,account_access,0,Bonjour @USER je viens de recevoir mon colis que j’avais demandé à être envoyé dans un colis Amazon pour cacher les informations du produit or ce n’est pas le cas. Pourquoi ? Amazon de moins en moins satisfaisant...,0.10988773276172287,0.10988773276172287
golden_all-2909124,2909124,golden_all,logistic,message_context,en,hard,context_helpful,complaint,other_unclear,service_complaint_escalation,0,I love @USER but really?? You mailed this at Christmas without putting it in a plain box???? My kids saw it outside when they got off the bus! #christmasruined URL,0.09871075646286834,0.09871075646286834
golden_all-582649,582649,golden_all,logistic,message_context,en,hard,context_helpful,follow_up,product_return_and_replacement,device_app_issue,0,@USER *occassion,0.10471122658313034,0.10471122658313034
golden_all-835153,835153,golden_all,logistic,message_context,en,easy,self_contained,complaint,product_return_and_replacement,charge_issue,0,I bought a captain America T-shirt from @USER and they sent me Rupa baniyan #AccheDin ? @USER URL,0.09410650910584546,0.09410650910584546
golden_all-2679197,2679197,golden_all,logistic,message_context,en,hard,context_required,follow_up,product_return_and_replacement,refund_request,0,@USER @USER Amazon is not supposed to take returns of our item. Did they replace it for you?,0.12975392190407883,0.12975392190407883
golden_all-694411,694411,golden_all,logistic,message_context,en,medium,context_helpful,follow_up,product_return_and_replacement,refund_request,0,@USER I did !! Request you to please give me the email address on which i can fwd you the video.,0.10827128045433497,0.10827128045433497
golden_all-972720,972720,golden_all,logistic,message_context,en,hard,context_required,follow_up,refund_request,refund_request,1,"#KaroMilkeTayyari for superb discounts on superb brands at #AmazonGreatIndianFestival. Ready with your wish-lists? Hurry, only 3 days to go. URL",0.14021132489582305,0.14021132489582305
golden_all-232399,232399,golden_all,logistic,message_context,fr,medium,self_contained,complaint,service_complaint_escalation,none,0,En fait #Amazonprime c'est surtout de la merde non? Ça existe un livreur qui fait son taf à Paris ou c'est une utopie? @USER @USER,0.09502673915802998,0.09502673915802998
golden_all-102915,102915,golden_all,logistic,message_context,en,medium,context_helpful,complaint,service_complaint_escalation,refund_request,0,@USER And this is your TR customer: URL,0.11068757427545214,0.11068757427545214
golden_all-2747122,2747122,golden_all,logistic,message_context,en,easy,self_contained,complaint,service_complaint_escalation,service_complaint_escalation,1,Is it just me or has anyone else noticed that the @USER customer service has decreased recently?! They can barely speak English and I'm convinced I'm talking to a computer due to their automated responses.,0.14645516913252635,0.14645516913252635
golden_all-2521823,2521823,golden_all,logistic,message_context,en,easy,self_contained,complaint,service_complaint_escalation,service_complaint_escalation,1,@USER Wow each email I get is worse. Clearly no one actually reads what you write to customer services!!,0.10446247859992781,0.10446247859992781
golden_all-1323314,1323314,golden_all,logistic,message_context,en,medium,context_helpful,complaint,service_complaint_escalation,service_complaint_escalation,1,@USER Look what reply we get when we complain to Amazon..... URL,0.09511659641493053,0.09511659641493053
golden_all-1912145,1912145,golden_all,logistic,message_context,en,medium,context_helpful,support_request,account_access,service_complaint_escalation,0,@USER - I am unable to order gifts for my husband or son because you display all purchases. Is there a way to secretly purchase so they can't see it? Maybe a password at a purchase level ?,0.10860491111181103,0.10860491111181103
golden_all-179205,179205,golden_all,logistic,message_context,en,easy,context_helpful,complaint,account_access,refund_request,0,@USER Read the previous tweets - I can’t log in! This has been going on for a day now!!!,0.10426022136284063,0.10426022136284063
golden_all-2789138,2789138,golden_all,logistic,message_context,en,hard,context_helpful,support_request,account_access,delivery_delay,0,Hello is there a way to check if I'm signed up to Prime? If so it's a mistake bc I can't afford the membership &amp; I noticed my packages are coming faster than expected. No complaints just can't afford Prime if charged @USER,0.10858425172135094,0.10858425172135094
golden_all-427799,427799,golden_all,logistic,message_context,en,medium,self_contained,support_request,account_info_update,refund_request,0,@USER can i pay with Amazon pay balance account for one year prime membership?? Plz reply,0.11863962537868195,0.11863962537868195
golden_all-22572,22572,golden_all,logistic,message_context,en,medium,self_contained,support_request,cancellation,refund_request,0,@USER Ordered on 7 October 2017 Order# 403-7284574-6433108 not yet delivered. No way to cancel and get refund.,0.1360344454222147,0.1360344454222147
golden_all-2899649,2899649,golden_all,logistic,message_context,en,medium,context_helpful,support_request,cancellation,refund_request,0,"@USER Welp, that didn’t do anything. I’m just going to cancel the order - I don’t see why I should keep waiting while it’s literally sitting on store shelves. URL",0.1097521194970749,0.1097521194970749
golden_all-136922,136922,golden_all,logistic,message_context,en,hard,context_helpful,complaint,cancellation,delivery_delay,0,@USER I am so upset I have just cancelled the whole order. Have you an email address I can write to you at. This is the first time I have ever received bad service from Amazon. He even brought me to tears,0.10973978696648362,0.10973978696648362
golden_all-880948,880948,golden_all,logistic,message_context,en,hard,context_helpful,complaint,cancellation,refund_request,0,@USER They act so bossy that they didn't even bother to make a call regarding the pickup Just a confirmation txt n thn later a cancellation txt,0.10683330710956125,0.10683330710956125
golden_all-650056,650056,golden_all,logistic,message_context,en,hard,context_helpful,follow_up,cancellation,service_complaint_escalation,0,"@USER Oh right, you can't do that. I would hurt @USER wallet after all. @USER good on you.",0.11260034071423053,0.11260034071423053
golden_all-1604096,1604096,golden_all,logistic,message_context,en,hard,context_helpful,complaint,charge_issue,service_complaint_escalation,0,@USER And then they kindly dispersed the money in my ac to an ac they knew is closed.,0.12426129077144102,0.12426129077144102
golden_all-1218305,1218305,golden_all,logistic,message_context,en,hard,context_helpful,complaint,charge_issue,charge_issue,1,"@USER took my hard earned money, used it &amp; now asking me to cancel order. But nt taking ny action on seller instead shielding them (2/2)",0.12633371231409365,0.12633371231409365
golden_all-1724691,1724691,golden_all,logistic,message_context,en,easy,self_contained,support_request,charge_issue,charge_issue,1,@USER money debited from bank but isn’t credited to amazon pay balance please sew to this asap URL,0.10172531071633246,0.10172531071633246
golden_all-2612309,2612309,golden_all,logistic,message_context,en,easy,self_contained,complaint,charge_issue,charge_issue,1,Woke up to see that my bank account was over drawn from something i didn’t even buy off amazon??? HAPPY FRIDAY 🙃🙃🙃🙃,0.10438415023054766,0.10438415023054766
golden_all-332434,332434,golden_all,logistic,message_context,en,medium,context_helpful,complaint,charge_issue,refund_request,0,"@USER I don't get COD option for ur products.1st it shows that it is available but after proceeding for checkout,I can't get it.Why?",0.09581107110628018,0.09581107110628018
golden_all-895946,895946,golden_all,logistic,message_context,en,medium,context_helpful,complaint,charge_issue,service_complaint_escalation,0,"@USER I know cart prices aren’t set in stone. But like, it went from on sale to more than the regular price. It’s not a cute look.",0.10981311627245051,0.10981311627245051
golden_all-1109519,1109519,golden_all,logistic,message_context,en,medium,context_helpful,complaint,delivered_but_not_received,refund_request,0,"@USER No, they haven't. They routinely mark packages as delivered before delivery is attempted, and sometimes the packages never arrive at all.",0.10762861872185413,0.10762861872185413
golden_all-1423023,1423023,golden_all,logistic,message_context,en,medium,context_helpful,complaint,delivered_but_not_received,delivery_delay,0,"@USER Have also had deliveries when courier claimed to have delivered, but put it back in the van and ended up back at the depot.",0.10246791283921226,0.10246791283921226
golden_all-2289844,2289844,golden_all,logistic,message_context,en,easy,self_contained,complaint,delivered_but_not_received,delivery_delay,0,@USER The delivery agent says he will deliver the package later but he updates the status saying delivered directly to customer .. URL,0.09772526890539159,0.09772526890539159
golden_all-1220925,1220925,golden_all,logistic,message_context,en,medium,context_helpful,complaint,delivered_but_not_received,delivery_delay,0,@USER Why to hear you do nothing again?,0.10274846926490235,0.10274846926490235
golden_all-2532842,2532842,golden_all,logistic,message_context,en,hard,context_helpful,complaint,delivered_but_not_received,delivery_delay,0,@USER can someone contact me ASAP re an undelivered parcel.2 weeks &amp; still no joy.DPD said speak to you. Totally fed up right now!,0.11284376622827155,0.11284376622827155
golden_all-380695,380695,golden_all,logistic,message_context,en,medium,context_helpful,follow_up,delivered_but_not_received,refund_request,0,@USER I'll have to do that later this morning. Absolutely infuriating,0.1116091513331843,0.1116091513331843
golden_all-482351,482351,golden_all,logistic,message_context,en,hard,context_helpful,complaint,delivered_but_not_received,refund_request,0,@USER I received my order but part of it is missing but my account say it's delivered. Box was partly open. Parcel left in flower Box!!! Who do I contact? #xmaspresent,0.09891293552368852,0.09891293552368852
golden_all-533206,533206,golden_all,logistic,message_context,en,hard,context_helpful,complaint,delivered_wrong_location,refund_request,0,"@USER Also, if I haven't specifically indicated that I want my parcel to be left in a ""safe place""... why is the delivery driver assuming my recycle bin is a safe place? It is visible from the street; is NOT in a garden; and if someone sees him putting it there, it can be stolen!",0.11092025153945322,0.11092025153945322
golden_all-149199,149199,golden_all,logistic,message_context,en,medium,context_helpful,complaint,delivered_wrong_location,service_complaint_escalation,0,"@USER I don’t know about the item as it is not my parcel to open, it is my partners. It is unacceptable to force drivers to leave parcels in unsafe positions!",0.11147156130845269,0.11147156130845269
golden_all-2283511,2283511,golden_all,logistic,message_context,en,easy,self_contained,complaint,delivered_wrong_location,service_complaint_escalation,0,"Amazon seems to have forgotten how to deliver to my address so here I am waiting on 5 packages that all say ""delivery attempted"" TO THE WRONG AREA",0.10335329209376867,0.10335329209376867
golden_all-2594956,2594956,golden_all,logistic,message_context,en,hard,context_helpful,complaint,delivered_wrong_location,device_app_issue,0,"@USER I hope my pkg was not in there. Ste-Catherine Montreal, unlocked doors, windows open #unattendedpackages #intelcom #badcourrier URL",0.12481055917833485,0.12481055917833485
golden_all-1727624,1727624,golden_all,logistic,message_context,en,easy,self_contained,support_request,delivered_wrong_location,service_complaint_escalation,0,How to contact @USER about a stolen package? Website not user friendly requesting support. Unique situation would like to chat about.,0.11626997775788855,0.11626997775788855
golden_all-458877,458877,golden_all,logistic,message_context,en,medium,context_helpful,complaint,delivery_delay,refund_request,0,@USER No. Status still “arriving by 8pm today” (9 minutes from now) but no sign of shipment and no tracking number. URL,0.11850072539650432,0.11850072539650432
golden_all-142833,142833,golden_all,logistic,message_context,en,medium,context_helpful,follow_up,delivery_delay,delivery_delay,1,@USER Order history is useless and just telling me it's out for delivery or due to be delivered. I've followed up once again by email,0.10738677484048786,0.10738677484048786
golden_all-1116569,1116569,golden_all,logistic,message_context,en,easy,self_contained,complaint,delivery_delay,delivery_delay,1,"I bought something on @USER, paid extra for 1 day shipping and it isn’t here. Who do I complain to? @USER",0.10799486263514388,0.10799486263514388
golden_all-515245,515245,golden_all,logistic,message_context,en,easy,self_contained,complaint,delivery_delay,delivery_delay,1,@USER My package was supposed to arrive Wednesday.Its friday. Still NOT here. So much for being a prime member!!!!,0.11075659711516903,0.11075659711516903
golden_all-2447788,2447788,golden_all,logistic,message_context,en,easy,self_contained,complaint,delivery_delay,delivery_delay,1,"@USER I placed an order with Amazon.in on October 17th and the money got deducted the same day. The order was supposed to deliver on 31st October, but it is 14th Nov today and I still have not received the product. Where is my stuff @USER ?",0.11785622228771851,0.11785622228771851
golden_all-2960467,2960467,golden_all,logistic,message_context,en,medium,context_helpful,complaint,delivery_delay,delivery_delay,1,Would really like to know why @USER is taking so long to deliver my package from @USER 😑 two day prime delivery is turning into a week now..... 😒 I could have driven to TN and picked it up myself faster.,0.1429433138399097,0.1429433138399097
golden_all-1311577,1311577,golden_all,logistic,message_context,en,medium,self_contained,follow_up,delivery_delay,delivery_delay,1,So where is it then? I wouldn't mind it being a day late if I was notified @USER URL,0.11228518219887937,0.11228518219887937
golden_all-608064,608064,golden_all,logistic,message_context,en,medium,context_helpful,follow_up,delivery_delay,delivery_delay,1,"@USER Sorry, the last picture was the shipment confirmation email. This one is the original order email, which also shows 11/20 as the delivery date URL",0.10774408607634113,0.10774408607634113
golden_all-2967623,2967623,golden_all,logistic,message_context,en,medium,context_helpful,complaint,delivery_delay,delivery_delay,1,"@USER @USER I just want my package to arrive the day they promised! Been sitting around my house, today is day 2, waiting......! Still doesn't even show out for delivery - I even paid for 3day delivery!",0.11023362847460054,0.11023362847460054
golden_all-2528270,2528270,golden_all,logistic,message_context,en,medium,context_helpful,complaint,delivery_delay,delivery_delay,1,@USER seems like all the one day shipping for items has vanished and is two day only,0.10615184013863885,0.10615184013863885
golden_all-2683519,2683519,golden_all,logistic,message_context,en,hard,context_helpful,complaint,delivery_delay,delivery_delay,1,"@USER @USER @USER it's frustrating that a package from Prime Pantry shows as ""delivered"" when it really means it's sitting at the US Post Office whose hours are impossible to visit for any person working a full time job...",0.10717011859106784,0.10717011859106784
golden_all-1192307,1192307,golden_all,logistic,message_context,en,easy,self_contained,complaint,delivery_delay,service_complaint_escalation,0,"so @USER are fibbers. I saw the delivery van pull up in our car park yesterday just before 5pm, then they drove off...",0.09424903543577917,0.09424903543577917
golden_all-2780552,2780552,golden_all,logistic,message_context,en,medium,context_helpful,follow_up,delivery_delay,service_complaint_escalation,0,"""helping us build Earth's Most Customer-Centric Company"" @USER is there an amendement to this vision which excludes me? Just been told to wait another 24 hours because you've misplaced my delivery (again!).",0.10862096125162532,0.10862096125162532
golden_all-2824739,2824739,golden_all,logistic,message_context,en,easy,self_contained,complaint,delivery_delay,charge_issue,0,"I think @USER @USER may want to look into the definition one ""one day delivery"" URL",0.09408958351829046,0.09408958351829046
golden_all-2913230,2913230,golden_all,logistic,message_context,en,easy,self_contained,follow_up,delivery_delay,charge_issue,0,"@USER hi, I ordered a few Prime items on Monday, but they all say arriving Thursday. I thought it was 2 day shipping.... why the delay? Nothing has shipped yet and I thought they'd be here by tomorrow",0.12324720895989506,0.12324720895989506
golden_all-1218249,1218249,golden_all,logistic,message_context,en,medium,context_helpful,follow_up,delivery_delay,delivery_delay,1,@USER Says there was a delay with shipping. The tracking number at UPS says this. (see photo) URL,0.09972400557557921,0.09972400557557921
golden_all-2003910,2003910,golden_all,logistic,message_context,en,medium,context_helpful,follow_up,delivery_delay,refund_request,0,"@USER Well, since ""taken care of"" would have meant Friday delivery, that's unlikely.",0.11316622578345441,0.11316622578345441
golden_all-300514,300514,golden_all,logistic,message_context,en,medium,context_helpful,complaint,delivery_delay,delivery_delay,1,"Really glad I used prime @USER seems @USER are unable to honour the next day delivery 😡, glad I invest in prime",0.10660759449665712,0.10660759449665712
golden_all-322945,322945,golden_all,logistic,message_context,en,medium,context_helpful,complaint,delivery_delay,delivery_delay,1,@USER Prime member should be given some preference and the items must be delivered within 2 days otherwise it is equal to a non prime member,0.10803321024486708,0.10803321024486708
golden_all-2954293,2954293,golden_all,logistic,message_context,en,medium,context_helpful,complaint,delivery_delay,delivery_delay,1,@USER I don’t have time for that. That’s why I buy products on prime only. I work and go to school. I need prime to be a reliable service. Speed. Quality. Convenience. I don’t have time for stuff like this. I just won’t recommend your service.,0.11346923195560621,0.11346923195560621
golden_all-2664071,2664071,golden_all,logistic,message_context,en,hard,context_helpful,complaint,delivery_delay,service_complaint_escalation,0,"@USER Wrongly conceptualized add , bird's are being bullied Anyway Amazon is wowsome! Maintain this faith",0.09870499611811054,0.09870499611811054
golden_all-1210214,1210214,golden_all,logistic,message_context,en,medium,self_contained,complaint,delivery_delay,delivery_delay,1,Has anyone had a package returned to @USER because @USER refused to deliver it? 😐,0.11721570255652862,0.11721570255652862
golden_all-86209,86209,golden_all,logistic,message_context,en,easy,self_contained,complaint,delivery_delay,delivery_delay,1,"Today is the twins’ 4th Birthday. This is their gift from us - ordered on Sunday with Amazon Prime. We were assured yesterday that it would arrive today but I have just received this message. I understand that these things happen, but I’m hoping you can work some magic @USER URL",0.10609266515154347,0.10609266515154347
golden_all-2192580,2192580,golden_all,logistic,message_context,en,easy,self_contained,complaint,delivery_delay,delivery_delay,1,"You know you can't trust @USER marketplace if your order doesn't have any tracking info updates since it supposedly left origin facility. It was supposed to arrive yesterday. Last time was a nightmare enough, this time isn't looking much better. Thanks for the sub-par service.",0.11210614680818959,0.11210614680818959
golden_all-1406593,1406593,golden_all,logistic,message_context,en,medium,context_helpful,complaint,delivery_delay,none,0,@USER first weekend of prime... NOT IMPRESSED.,0.09714079393009435,0.09714079393009435
golden_all-1570766,1570766,golden_all,logistic,message_context,en,medium,context_helpful,follow_up,delivery_delay,service_complaint_escalation,0,@USER Do you have any update here?,0.09958450429746496,0.09958450429746496
golden_all-1389974,1389974,golden_all,logistic,message_context,en,medium,context_helpful,follow_up,delivery_delay,delivery_delay,1,@USER not impressed by your driver leaving my door within 6 seconds of knocking Despite my note explaining I've just had spine surgery!,0.09539722643374503,0.09539722643374503
golden_all-1399860,1399860,golden_all,logistic,message_context,en,medium,context_helpful,acknowledgement,delivery_delay,refund_request,0,@USER Thank u so much.. Kindly Arrange to provide my parcel.. Thank u so much,0.1523793403039628,0.1523793403039628
golden_all-1335118,1335118,golden_all,logistic,message_context,en,medium,context_helpful,follow_up,delivery_delay,delivery_delay,1,"@USER We needed it for a trip we are leaving on tonight, now we will not have it.",0.11592784260440475,0.11592784260440475
golden_all-999138,999138,golden_all,logistic,message_context,en,medium,context_helpful,complaint,delivery_delay,delivery_delay,1,@USER £70 a year membership for prime to be let down like this!! Will be cancelling my subscription as it's just not worth the hassle!! URL,0.13505442103626736,0.13505442103626736
golden_all-2852150,2852150,golden_all,logistic,message_context,en,medium,context_helpful,follow_up,delivery_delay,delivered_wrong_location,0,I'll go sit at the door for the next 8min then? @USER @USER URL,0.10002233682539334,0.10002233682539334
golden_all-2890574,2890574,golden_all,logistic,message_context,en,medium,context_helpful,complaint,delivery_delay,delivery_delay,1,".@USER 3 years ago when something said #PRIME and I ordered it, it arrived in 2 days, this last year it is a lucky day to get something in 2 days, The service has gone 2 shit, it's so unreliable, You should knock prime membership in half, it's bogus at the moment #AMAZON",0.12060071797779504,0.12060071797779504
golden_all-1420099,1420099,golden_all,logistic,message_context,en,medium,context_helpful,complaint,delivery_delay,refund_request,0,@USER ordered three items from amazon and all of their delivery dates kept getting pushed back and back and back. Not happy 😤,0.10398107364141174,0.10398107364141174
golden_all-550560,550560,golden_all,logistic,message_context,en,easy,self_contained,complaint,delivery_delay,delivery_delay,1,@USER I have a Prime membership. Quite often the 1 or 2 day shipping that I've selected doesn't arrive until 3-5+ days later. I thought shipping time was supposed to be from when you order the item? What's with missing the date so often?,0.10698479678986575,0.10698479678986575
golden_all-673242,673242,golden_all,logistic,message_context,en,medium,context_helpful,follow_up,delivery_delay,refund_request,0,@USER That was a joke lol. But my order IS late — i contacted amazon and they said that it’d be here by tomorrow so let’s see,0.11521424667500373,0.11521424667500373
golden_all-1193931,1193931,golden_all,logistic,message_context,en,medium,context_helpful,follow_up,delivery_delay,delivered_wrong_location,0,@USER Amazon logistics is the carrier. Got disconnected while holding the first time around. Not clear if delivery is tmrw or delayed further.,0.10892866097269568,0.10892866097269568
golden_all-2731105,2731105,golden_all,logistic,message_context,en,easy,self_contained,complaint,delivery_delay,refund_request,0,@USER One of my orders will be delivered tomorrow when I paid for delivery today.,0.1189699080859676,0.1189699080859676
golden_all-1587374,1587374,golden_all,logistic,message_context,en,easy,self_contained,complaint,delivery_delay,delivery_delay,1,@USER i recently purchased an item from your website its scheduled to come on November 3rd at 8pm and i still havent received my order?,0.10116763252867832,0.10116763252867832
golden_all-2296826,2296826,golden_all,logistic,message_context,en,medium,context_helpful,follow_up,delivery_delay,delivery_delay,1,@USER Not sure but I think it's because Royal Mail doesn't deliver today. No idea why it wasn't delivered yesterday. I don't have the detail- a family member ordered it for me.,0.11270977989074679,0.11270977989074679
golden_all-1229688,1229688,golden_all,logistic,message_context,en,medium,context_helpful,complaint,device_app_issue,service_complaint_escalation,0,"The all-new Kindle app is built for book lovers, with everything you need in one place. Learn more: URL URL",0.10662976719180976,0.10662976719180976
golden_all-26958,26958,golden_all,logistic,message_context,en,easy,self_contained,support_request,device_app_issue,none,0,"@USER Good morning. Is the Alexa App down? It’s timing out here in London, UK.",0.09534404919467122,0.09534404919467122
golden_all-2378990,2378990,golden_all,logistic,message_context,en,hard,context_helpful,complaint,device_app_issue,refund_request,0,@USER @USER when I ask Alexa this price it says it’s $23.48 URL,0.1008958225767799,0.1008958225767799
golden_all-1384330,1384330,golden_all,logistic,message_context,en,hard,context_helpful,complaint,device_app_issue,service_complaint_escalation,0,@USER is there anything wrong with payment on the amazon app today . Seeing this for sometime URL,0.09072812681857324,0.09072812681857324
golden_all-2523357,2523357,golden_all,logistic,message_context,en,medium,context_helpful,follow_up,device_app_issue,refund_request,0,@USER Thank you for your quick reply! I have a first gen.,0.09953297495377698,0.09953297495377698
golden_all-1766849,1766849,golden_all,logistic,message_context,en,medium,context_helpful,support_request,device_app_issue,none,0,@USER Fire stick is broke getting new remote second time app is on an android box.,0.10725979875489845,0.10725979875489845
golden_all-2847379,2847379,golden_all,logistic,message_context,en,medium,context_helpful,complaint,device_app_issue,service_complaint_escalation,0,"@USER At this time we CANNOT choose the language it is asking for, its under this tab in settings URL",0.10659734883951051,0.10659734883951051
golden_all-2569705,2569705,golden_all,logistic,message_context,en,easy,self_contained,complaint,device_app_issue,refund_request,0,"@USER Timing out across the board today, any idea on when things will be back up? URL",0.1031400297369722,0.1031400297369722
golden_all-350494,350494,golden_all,logistic,message_context,en,medium,context_helpful,complaint,device_app_issue,device_app_issue,1,@USER selling Echo devices without Alexa app for India.. how am I to use it at all!? Where is Alexa?,0.12484784674537544,0.12484784674537544
golden_all-1464161,1464161,golden_all,logistic,message_context,en,medium,context_helpful,complaint,device_app_issue,device_app_issue,1,@USER @USER @USER update: episode still unavailable. I think you're the people who update me. Not vice versa? 🔮,0.11020895850632108,0.11020895850632108
golden_all-1943693,1943693,golden_all,logistic,message_context,en,easy,context_helpful,acknowledgement,none,delivered_but_not_received,0,@USER Yes i have shared the whole concern,0.09429037564246796,0.09429037564246796
golden_all-2611658,2611658,golden_all,logistic,message_context,en,easy,context_helpful,acknowledgement,none,refund_request,0,@USER Thanks! Got the package at 1.30 :D,0.10383663308802164,0.10383663308802164
golden_all-309233,309233,golden_all,logistic,message_context,en,easy,self_contained,acknowledgement,none,product_return_and_replacement,0,Thanks @USER for the new cat bed. Velho loves it! #floof #CatsOfTwitter URL,0.0929688435771655,0.0929688435771655
golden_all-2111184,2111184,golden_all,logistic,message_context,en,easy,self_contained,acknowledgement,none,delivery_delay,0,"@USER Wow, that's was an amazingly quick response!! Hats off",0.10636585185958926,0.10636585185958926
golden_all-174486,174486,golden_all,logistic,message_context,en,easy,context_helpful,acknowledgement,none,other_unclear,0,@USER me hiciste muy feliz hoy! 😍,0.10786273319107896,0.10786273319107896
golden_all-2580464,2580464,golden_all,logistic,message_context,en,medium,context_helpful,acknowledgement,none,delivery_delay,0,"@USER @USER I ended up escalated to a new chat room and the guy was great. Too nice, really!",0.10933438189049215,0.10933438189049215
golden_all-2855145,2855145,golden_all,logistic,message_context,en,medium,context_helpful,acknowledgement,none,refund_request,0,"@USER Thanks so much for helping, @USER! It was definitely the sales tax!",0.10171021229973262,0.10171021229973262
golden_all-2384553,2384553,golden_all,logistic,message_context,en,easy,self_contained,acknowledgement,none,service_complaint_escalation,0,New books are on their way!! Can’t stop looking at the @USER tracking screen though - hurry up new books. More coming next week 👏🏻👏🏻 URL,0.09604023050152541,0.09604023050152541
golden_all-1198549,1198549,golden_all,logistic,message_context,en,easy,context_helpful,acknowledgement,none,delivery_delay,0,@USER @USER Nothing but respect for MY postal service 😤😤,0.13150364442082174,0.13150364442082174
golden_all-1204940,1204940,golden_all,logistic,message_context,en,easy,context_helpful,acknowledgement,none,service_complaint_escalation,0,@USER @USER @USER Yes absolutely Right 💯 👍,0.10160635925192972,0.10160635925192972
golden_all-487699,487699,golden_all,logistic,message_context,en,easy,context_helpful,acknowledgement,none,refund_request,0,@USER I made a mistake. I ordered on your .co.uk site not .com so i actually do have the orders i ordered. Sorry for any inconvenience caused.,0.11264252691856337,0.11264252691856337
golden_all-1181640,1181640,golden_all,logistic,message_context,en,easy,context_helpful,acknowledgement,none,service_complaint_escalation,0,@USER Will do! Thank you so much!,0.10824312771249882,0.10824312771249882
golden_all-628261,628261,golden_all,logistic,message_context,en,medium,context_required,clarification,none,delivery_delay,0,@USER I’m guessing by a marketplace seller? URL,0.09553184642123175,0.09553184642123175
golden_all-2931934,2931934,golden_all,logistic,message_context,en,hard,context_helpful,unknown,none,service_complaint_escalation,0,@USER But I want I phone as a gift... On my birthday.. Don't want to purchase it,0.10015832697813143,0.10015832697813143
golden_all-2769011,2769011,golden_all,logistic,message_context,en,medium,context_helpful,clarification,none,refund_request,0,"@USER No need to filled the form, I'm sharing you giving the registered email via direct message",0.14603519008024587,0.14603519008024587
golden_all-1707062,1707062,golden_all,logistic,message_context,en,easy,context_helpful,acknowledgement,none,refund_request,0,"@USER The guy who sent it to me already reached me, tracking number checks out, mystery solved. Thanks, though",0.10110488852479987,0.10110488852479987
golden_all-957126,957126,golden_all,logistic,message_context,en,medium,context_helpful,clarification,none,refund_request,0,@USER @USER I haven't tried again simce yesterday. I was using mine in US before bringing it here so maybe I'll have to check the location etc agai,0.10945258752077185,0.10945258752077185
golden_all-2389800,2389800,golden_all,logistic,message_context,en,hard,self_contained,unknown,none,service_complaint_escalation,0,Every breath you take should be as pure as nature intended. Improve the quality of the air you breathe indoors with a wide range air purifiers to choose from on Amazon.in. Visit: URL URL,0.10494002270409057,0.10494002270409057
golden_all-2266765,2266765,golden_all,logistic,message_context,en,medium,self_contained,support_request,none,service_complaint_escalation,0,"@USER hey guys, Do you have any upcoming sale? In looking forward to buy the Moto g5s+ and I'm short of little money. Can you help me out?",0.11026569856350085,0.11026569856350085
golden_all-1721707,1721707,golden_all,logistic,message_context,en,medium,self_contained,complaint,order_status_query,charge_issue,0,when you pay extra for shipping for next day delivery through amazon prime but they didnt deliver it @USER URL,0.1153869030473932,0.1153869030473932
golden_all-646730,646730,golden_all,logistic,message_context,en,medium,context_helpful,follow_up,order_status_query,charge_issue,0,@USER when will me scampi fries be getting dispatched? Should have been yesterday and still not been dispatched. I want fishy fingers. Cheers 😏👍,0.09480901648455645,0.09480901648455645
golden_all-2363235,2363235,golden_all,logistic,message_context,en,medium,context_helpful,support_request,order_status_query,delivery_delay,0,"@USER So on the amazon website when I track my package it says that it just got to a warehouse near me and it is close, but on the usps site when I input my tracking number it says that they are still waiting to receive my items?",0.10378587404049026,0.10378587404049026
golden_all-2960026,2960026,golden_all,logistic,message_context,en,medium,self_contained,follow_up,order_status_query,delivery_delay,0,@USER where’s my tv going... it came to my ups then back to Sacramento.... URL,0.09578780040792446,0.09578780040792446
golden_all-1105754,1105754,golden_all,logistic,message_context,en,medium,self_contained,complaint,order_status_query,order_status_query,1,Order updates from @USER have timestamps from before the order was placed. Looks like they are GMT.,0.09800201951143421,0.09800201951143421
golden_all-1464285,1464285,golden_all,logistic,message_context,en,easy,self_contained,support_request,order_status_query,refund_request,0,@USER @USER Order# 408-9863763-1429137 will my order be shipped or not?,0.10969375796811025,0.10969375796811025
golden_all-993935,993935,golden_all,logistic,message_context,en,medium,context_helpful,follow_up,order_status_query,refund_request,0,@USER I also search redmi note4 didn't show your website.please help me,0.10212213202234892,0.10212213202234892
golden_all-832924,832924,golden_all,logistic,message_context,en,medium,context_helpful,follow_up,order_status_query,delivery_delay,0,"@USER Yes, wc26th Oct. But if I click on the album it says in-stock and available for this weekend.",0.1018664978804176,0.1018664978804176
golden_all-2288190,2288190,golden_all,logistic,message_context,en,medium,context_helpful,follow_up,order_status_query,delivery_delay,0,"@USER It would be nice to know if my order is shipping any time soon. I ordered 24 hours ago with same day delivery. The status has been not yet shipped all day. Was supposed to be here at 9 pm today, 1.5 hours ago.",0.12160215722768504,0.12160215722768504
golden_all-2374486,2374486,golden_all,logistic,message_context,en,hard,self_contained,complaint,order_status_query,service_complaint_escalation,0,@USER how can an order be “delivered by 8pm today” and “not yet shipped”?,0.11074809956605983,0.11074809956605983
golden_all-1397273,1397273,golden_all,logistic,message_context,en,easy,self_contained,support_request,order_status_query,none,0,i want to buy echo spot when did it launch in india @USER @USER @USER @USER,0.10228684203549332,0.10228684203549332
golden_all-1755281,1755281,golden_all,logistic,message_context,en,hard,context_helpful,support_request,other_unclear,delivery_delay,0,@USER so I got this email. But I don't shop with Amazon so it might be a spam? Thought I would let you people know anyway. URL,0.09753885330506265,0.09753885330506265
golden_all-467536,467536,golden_all,logistic,message_context,en,hard,context_helpful,complaint,product_return_and_replacement,refund_request,0,@USER Not received the item. App is not upto the mark so did not get terms &amp; conditions clearly while placing order hence lost cashback offer also. Poor experience overall.,0.13799864633775663,0.13799864633775663
golden_all-1147828,1147828,golden_all,logistic,message_context,en,hard,context_helpful,follow_up,product_return_and_replacement,refund_request,0,@USER I HAVE OPTED for no cost emi thats why i am doing follow ups... Otherwise i am not a free person to exchange tweets and mails with u,0.13495855991417524,0.13495855991417524
golden_all-2454046,2454046,golden_all,logistic,message_context,en,easy,context_helpful,acknowledgement,product_return_and_replacement,device_app_issue,0,@USER No idea 😂 I've started a return and reordered URL,0.0931875724646982,0.0931875724646982
golden_all-679025,679025,golden_all,logistic,message_context,en,medium,context_helpful,support_request,product_return_and_replacement,service_complaint_escalation,0,Hi @USER I purchased the wrong colour kindle and forgot to tick u registered. Can I exchange for a different colour?,0.1262134083031878,0.1262134083031878
golden_all-2460750,2460750,golden_all,logistic,message_context,en,easy,self_contained,complaint,product_return_and_replacement,other_unclear,0,@USER So I had ordered a Moto G5s and I got a Moto G5 plus. Please do something about it. Thank you URL,0.10722308524637604,0.10722308524637604
golden_all-2450570,2450570,golden_all,logistic,message_context,en,easy,self_contained,complaint,product_return_and_replacement,order_status_query,0,amazon sent the wrong cases 😩🤦🏾‍♀️,0.09521891422716722,0.09521891422716722
golden_all-2608094,2608094,golden_all,logistic,message_context,en,medium,context_helpful,support_request,product_return_and_replacement,refund_request,0,@USER if I got a product and it didn’t come with everything listed who would I contact to get the rest to the product ?,0.09818687982334647,0.09818687982334647
golden_all-982267,982267,golden_all,logistic,message_context,en,easy,self_contained,complaint,product_return_and_replacement,other_unclear,0,Wtf @USER ... I ordered an altitude mask and you sent me a ‘tutu’ ?!😂🤦🏼‍♂️ URL,0.10615955006568308,0.10615955006568308
golden_all-2291505,2291505,golden_all,logistic,message_context,en,hard,context_helpful,support_request,product_return_and_replacement,service_complaint_escalation,0,@USER I have buy Nokia 6 from Amazon India. The phone's display has purple colour on right side of the display. I want to replace my phone but Amazon can't. What can I do ? Help ASAP.,0.11624456308222113,0.11624456308222113
golden_all-1018235,1018235,golden_all,logistic,message_context,en,hard,context_helpful,complaint,product_return_and_replacement,service_complaint_escalation,0,"@USER Now amazon starts blackmailing customers by sending wrong product and when return req. placed,They says ship prdct back by urself",0.10118252453968624,0.10118252453968624
golden_all-1229460,1229460,golden_all,logistic,message_context,en,hard,context_helpful,complaint,product_return_and_replacement,other_unclear,0,"Hey, @USER, this DVD is a fraud. It claims to be the lost 1917 Cleopatra but is really the 1912 version. URL",0.09472376816024046,0.09472376816024046
golden_all-2484077,2484077,golden_all,logistic,message_context,en,easy,self_contained,complaint,product_return_and_replacement,service_complaint_escalation,0,I payed good money for this cup that I received today in the post! I am deeply disappointed that it’s faulty #donotbuy @USER URL,0.10044019868822494,0.10044019868822494
golden_all-345473,345473,golden_all,logistic,message_context,en,hard,context_helpful,complaint,product_return_and_replacement,delivery_delay,0,Dear @USER You suck. We’ve had to replace one device already bc it keeps malfunctioning. The “new” one is malfunctioning too.,0.09637836125113164,0.09637836125113164
golden_all-676899,676899,golden_all,logistic,message_context,en,hard,context_helpful,complaint,product_return_and_replacement,none,0,@USER why haven’t you fulfilled Lex Luthor’s order of a blue-ray copy of A league of their own? Amazon you have to stop doing an injustice to Lex he might start a league! #JusticeLeague,0.09594828235266269,0.09594828235266269
golden_all-18706,18706,golden_all,logistic,message_context,en,medium,context_helpful,support_request,refund_request,refund_request,1,@USER U kindly refund the amount back .. I have sent back the product and I demand a refund for the same .never had such dissaponments wit amazon,0.19071077932444785,0.19071077932444785
golden_all-1436650,1436650,golden_all,logistic,message_context,en,easy,self_contained,complaint,refund_request,refund_request,1,@USER shady service - trying to steal my money - promised a refund on delivery to hotel as didn't arrive as promised. Now told no refund!,0.17292458669538535,0.17292458669538535
golden_all-2712534,2712534,golden_all,logistic,message_context,en,medium,context_helpful,support_request,refund_request,delivery_delay,0,"This is the second time Prime Now has delivered an order with missing items, and I can't find a way to request a refund in the app.",0.1081633337532698,0.1081633337532698
golden_all-1420491,1420491,golden_all,logistic,message_context,en,medium,context_helpful,follow_up,refund_request,refund_request,1,@USER Yes i have sent my details via the form. I have cancelled the product and dont want to be associated with amazon refund my money to my CC,0.13103366566001953,0.13103366566001953
golden_all-915961,915961,golden_all,logistic,message_context,en,medium,context_helpful,follow_up,refund_request,refund_request,1,@USER how would you justify blocking a customer’s number who’s awaiting a refund?,0.09659353447382757,0.09659353447382757
golden_all-2515914,2515914,golden_all,logistic,message_context,en,medium,context_helpful,follow_up,refund_request,service_complaint_escalation,0,"@USER Yes on all three orders, then you kept arguing with me about how it wasn’t your fault and how you don’t have the resources to refund my Prime membership",0.10484682827484297,0.10484682827484297
golden_all-2217342,2217342,golden_all,logistic,message_context,en,hard,context_helpful,complaint,refund_request,product_return_and_replacement,0,"@USER Yes, and now you are rejecting the claim but the seller is sketchy.",0.09816434324332779,0.09816434324332779
golden_all-1893565,1893565,golden_all,logistic,message_context,en,medium,context_helpful,follow_up,service_complaint_escalation,cancellation,0,@USER Nope...never received a call,0.09789221980638085,0.09789221980638085
golden_all-1763226,1763226,golden_all,logistic,message_context,en,medium,context_helpful,complaint,service_complaint_escalation,refund_request,0,@USER Yes. I have also spent 8 hours on live chat.,0.11455857406051227,0.11455857406051227
golden_all-2573750,2573750,golden_all,logistic,message_context,en,medium,context_helpful,complaint,service_complaint_escalation,refund_request,0,"@USER I've checked all of my folders. Like I said, the number in that link is the exact one I have called five times. I'm a Prime member who has been locked from their account for three weeks and have had nothing visible done to remedy this.",0.12113105169252729,0.12113105169252729
golden_all-1541879,1541879,golden_all,logistic,message_context,en,medium,context_helpful,complaint,service_complaint_escalation,service_complaint_escalation,1,@USER Look your cust service people just emailed to say they couldn’t deal with me because my email isn’t recognised. So unhelpful,0.11413810623082024,0.11413810623082024
golden_all-1415560,1415560,golden_all,logistic,message_context,en,medium,context_helpful,complaint,service_complaint_escalation,refund_request,0,"@USER Yes, I'm talking to a representative again but I'm still super disappointed.. The call I made last night with you guys was useless",0.09866810788721478,0.09866810788721478
golden_all-334873,334873,golden_all,logistic,message_context,en,medium,context_helpful,complaint,service_complaint_escalation,other_unclear,0,@USER 6 years of shopping and never had an issue with CS until tonight. 10 mins later and no reply. URL,0.09168904278390146,0.09168904278390146
golden_all-272875,272875,golden_all,logistic,message_context,en,medium,context_helpful,complaint,service_complaint_escalation,refund_request,0,"@USER I checked the link even on the desktop. There's no link given to contact support, that's why i am pinging you here.",0.1147546610347087,0.1147546610347087
golden_all-1537572,1537572,golden_all,logistic,message_context,en,medium,context_helpful,complaint,service_complaint_escalation,charge_issue,0,"3/ @USER WHY IS IT SO HARD TO REPORT A SHIPPING PROBLEM? Yesterday I got the ""chat is too slow, please call"" option. Why no message/email?",0.0949331534065778,0.0949331534065778
golden_all-411902,411902,golden_all,logistic,message_context,en,easy,self_contained,complaint,service_complaint_escalation,service_complaint_escalation,1,"I will NEVER use @USER @USER for my business ever again. Bad customer service, impolite, and impressionable",0.10684289678425989,0.10684289678425989
golden_all-1588773,1588773,golden_all,logistic,message_context,en,easy,self_contained,complaint,service_complaint_escalation,service_complaint_escalation,1,"God damn it, but @USER is getting worse and worse and worse as time goes on. Maybe it's time to dump all @USER services and move on.",0.12044186853557019,0.12044186853557019
golden_all-2353843,2353843,golden_all,logistic,message_context,en,medium,context_helpful,complaint,service_complaint_escalation,service_complaint_escalation,1,@USER I am sorry but I would like to receive a phone call &amp; have this matter resolved asap! I have phoned 5 times now &amp; every time I get nothing. I am £90 down on an error on your part. This has been going on for almost 3 weeks now &amp; it’s time for you to actually do something.,0.11853639934221802,0.11853639934221802
golden_all-1136222,1136222,golden_all,logistic,message_context,en,hard,context_helpful,complaint,service_complaint_escalation,refund_request,0,@USER Already send and call to 50 tym no proper response from ur side.. My neice birthday on 17 oct. Fake commitment 405-8158996-7018755oredr id,0.13362927254494802,0.13362927254494802
golden_all-1384189,1384189,golden_all,logistic,message_context,en,easy,self_contained,complaint,service_complaint_escalation,service_complaint_escalation,1,"Bad experience , not a sense of customer Service or cost saving at all..... @USER #disappointed",0.16135818861593396,0.16135818861593396
golden_all-1746071,1746071,golden_all,logistic,message_context,en,medium,context_helpful,complaint,service_complaint_escalation,refund_request,0,"@USER I don’t this information to be public, as it’s impossible to reach your customer care on phone. So either they should call me or reach item",0.11602173211587846,0.11602173211587846
golden_all-390810,390810,golden_all,logistic,message_context,en,hard,context_helpful,complaint,service_complaint_escalation,charge_issue,0,@USER You must shut down your improper business. Now when the payment is done you're coming up with nasty excuses. Read the DM.,0.09675044544641283,0.09675044544641283
golden_all-2151408,2151408,golden_all,logistic,message_context,en,medium,context_helpful,complaint,service_complaint_escalation,order_status_query,0,@USER doesn't provide way to claim #gst input credit for Business purchases. Even if I am giving all details they are denying this basic,0.09129034513624731,0.09129034513624731
golden_all-2216600,2216600,golden_all,logistic,message_context,en,hard,context_helpful,complaint,service_complaint_escalation,service_complaint_escalation,1,@USER Dont trust Amazon India and @USER with any card cash back offers. They do not keep up to their promises!! Conveniently take 3 months so that customers forget about it!!! #FoolingPrimeCustomers,0.11649269993333718,0.11649269993333718
golden_all-1250967,1250967,golden_all,logistic,message_context,en,hard,context_helpful,complaint,service_complaint_escalation,delivered_wrong_location,0,"Super disappointed in @USER lately. Lost packages, multiple wrong charges. What's the point of being prime 🙄🤔",0.10667079644196363,0.10667079644196363
golden_all-2447260,2447260,golden_all,logistic,message_context,en,medium,context_helpful,complaint,service_complaint_escalation,refund_request,0,"@USER should only &amp; selectively use #USPS for certain deliveries since the majority of time your order isn't going to arrive as promised, thus defeating entire premise of #AmazonPrime This is about #logistics plain &amp; simple.",0.10283802412491799,0.10283802412491799
golden_all-1179639,1179639,golden_all,logistic,message_context,en,hard,context_helpful,complaint,service_complaint_escalation,service_complaint_escalation,1,@USER was told to wait. Called you today. Told item has NOT been put in locker then told it HAD. Your agents can't keep up with their own lies.,0.12935674791761678,0.12935674791761678
golden_all-2245407,2245407,golden_all,logistic,message_context,en,hard,context_helpful,complaint,service_complaint_escalation,other_unclear,0,@USER why my call gets dropped Kindly please check my call log and please take an appropriate actions Why my call dropped? In between URL,0.1006005169995136,0.1006005169995136
golden_all-886169,886169,golden_all,logistic,message_context,en,hard,context_helpful,complaint,service_complaint_escalation,service_complaint_escalation,1,@USER The email was terribly short with no direction expect “we left you a voice mail win instructions” and I had no voice mails!,0.10462458710590233,0.10462458710590233
golden_rep-1912145,1912145,golden_rep,logistic,message_context,en,medium,context_helpful,support_request,account_access,service_complaint_escalation,0,@USER - I am unable to order gifts for my husband or son because you display all purchases. Is there a way to secretly purchase so they can't see it? Maybe a password at a purchase level ?,0.10860491111181103,0.10860491111181103
golden_rep-179205,179205,golden_rep,logistic,message_context,en,easy,context_helpful,complaint,account_access,refund_request,0,@USER Read the previous tweets - I can’t log in! This has been going on for a day now!!!,0.10426022136284063,0.10426022136284063
golden_rep-2789138,2789138,golden_rep,logistic,message_context,en,hard,context_helpful,support_request,account_access,delivery_delay,0,Hello is there a way to check if I'm signed up to Prime? If so it's a mistake bc I can't afford the membership &amp; I noticed my packages are coming faster than expected. No complaints just can't afford Prime if charged @USER,0.10858425172135094,0.10858425172135094
golden_rep-427799,427799,golden_rep,logistic,message_context,en,medium,self_contained,support_request,account_info_update,refund_request,0,@USER can i pay with Amazon pay balance account for one year prime membership?? Plz reply,0.11863962537868195,0.11863962537868195
golden_rep-22572,22572,golden_rep,logistic,message_context,en,medium,self_contained,support_request,cancellation,refund_request,0,@USER Ordered on 7 October 2017 Order# 403-7284574-6433108 not yet delivered. No way to cancel and get refund.,0.1360344454222147,0.1360344454222147
golden_rep-2899649,2899649,golden_rep,logistic,message_context,en,medium,context_helpful,support_request,cancellation,refund_request,0,"@USER Welp, that didn’t do anything. I’m just going to cancel the order - I don’t see why I should keep waiting while it’s literally sitting on store shelves. URL",0.1097521194970749,0.1097521194970749
golden_rep-136922,136922,golden_rep,logistic,message_context,en,hard,context_helpful,complaint,cancellation,delivery_delay,0,@USER I am so upset I have just cancelled the whole order. Have you an email address I can write to you at. This is the first time I have ever received bad service from Amazon. He even brought me to tears,0.10973978696648362,0.10973978696648362
golden_rep-880948,880948,golden_rep,logistic,message_context,en,hard,context_helpful,complaint,cancellation,refund_request,0,@USER They act so bossy that they didn't even bother to make a call regarding the pickup Just a confirmation txt n thn later a cancellation txt,0.10683330710956125,0.10683330710956125
golden_rep-650056,650056,golden_rep,logistic,message_context,en,hard,context_helpful,follow_up,cancellation,service_complaint_escalation,0,"@USER Oh right, you can't do that. I would hurt @USER wallet after all. @USER good on you.",0.11260034071423053,0.11260034071423053
golden_rep-1604096,1604096,golden_rep,logistic,message_context,en,hard,context_helpful,complaint,charge_issue,service_complaint_escalation,0,@USER And then they kindly dispersed the money in my ac to an ac they knew is closed.,0.12426129077144102,0.12426129077144102
golden_rep-1218305,1218305,golden_rep,logistic,message_context,en,hard,context_helpful,complaint,charge_issue,charge_issue,1,"@USER took my hard earned money, used it &amp; now asking me to cancel order. But nt taking ny action on seller instead shielding them (2/2)",0.12633371231409365,0.12633371231409365
golden_rep-1724691,1724691,golden_rep,logistic,message_context,en,easy,self_contained,support_request,charge_issue,charge_issue,1,@USER money debited from bank but isn’t credited to amazon pay balance please sew to this asap URL,0.10172531071633246,0.10172531071633246
golden_rep-2612309,2612309,golden_rep,logistic,message_context,en,easy,self_contained,complaint,charge_issue,charge_issue,1,Woke up to see that my bank account was over drawn from something i didn’t even buy off amazon??? HAPPY FRIDAY 🙃🙃🙃🙃,0.10438415023054766,0.10438415023054766
golden_rep-332434,332434,golden_rep,logistic,message_context,en,medium,context_helpful,complaint,charge_issue,refund_request,0,"@USER I don't get COD option for ur products.1st it shows that it is available but after proceeding for checkout,I can't get it.Why?",0.09581107110628018,0.09581107110628018
golden_rep-895946,895946,golden_rep,logistic,message_context,en,medium,context_helpful,complaint,charge_issue,service_complaint_escalation,0,"@USER I know cart prices aren’t set in stone. But like, it went from on sale to more than the regular price. It’s not a cute look.",0.10981311627245051,0.10981311627245051
golden_rep-1109519,1109519,golden_rep,logistic,message_context,en,medium,context_helpful,complaint,delivered_but_not_received,refund_request,0,"@USER No, they haven't. They routinely mark packages as delivered before delivery is attempted, and sometimes the packages never arrive at all.",0.10762861872185413,0.10762861872185413
golden_rep-1423023,1423023,golden_rep,logistic,message_context,en,medium,context_helpful,complaint,delivered_but_not_received,delivery_delay,0,"@USER Have also had deliveries when courier claimed to have delivered, but put it back in the van and ended up back at the depot.",0.10246791283921226,0.10246791283921226
golden_rep-2289844,2289844,golden_rep,logistic,message_context,en,easy,self_contained,complaint,delivered_but_not_received,delivery_delay,0,@USER The delivery agent says he will deliver the package later but he updates the status saying delivered directly to customer .. URL,0.09772526890539159,0.09772526890539159
golden_rep-1220925,1220925,golden_rep,logistic,message_context,en,medium,context_helpful,complaint,delivered_but_not_received,delivery_delay,0,@USER Why to hear you do nothing again?,0.10274846926490235,0.10274846926490235
golden_rep-2532842,2532842,golden_rep,logistic,message_context,en,hard,context_helpful,complaint,delivered_but_not_received,delivery_delay,0,@USER can someone contact me ASAP re an undelivered parcel.2 weeks &amp; still no joy.DPD said speak to you. Totally fed up right now!,0.11284376622827155,0.11284376622827155
golden_rep-380695,380695,golden_rep,logistic,message_context,en,medium,context_helpful,follow_up,delivered_but_not_received,refund_request,0,@USER I'll have to do that later this morning. Absolutely infuriating,0.1116091513331843,0.1116091513331843
golden_rep-482351,482351,golden_rep,logistic,message_context,en,hard,context_helpful,complaint,delivered_but_not_received,refund_request,0,@USER I received my order but part of it is missing but my account say it's delivered. Box was partly open. Parcel left in flower Box!!! Who do I contact? #xmaspresent,0.09891293552368852,0.09891293552368852
golden_rep-533206,533206,golden_rep,logistic,message_context,en,hard,context_helpful,complaint,delivered_wrong_location,refund_request,0,"@USER Also, if I haven't specifically indicated that I want my parcel to be left in a ""safe place""... why is the delivery driver assuming my recycle bin is a safe place? It is visible from the street; is NOT in a garden; and if someone sees him putting it there, it can be stolen!",0.11092025153945322,0.11092025153945322
golden_rep-149199,149199,golden_rep,logistic,message_context,en,medium,context_helpful,complaint,delivered_wrong_location,service_complaint_escalation,0,"@USER I don’t know about the item as it is not my parcel to open, it is my partners. It is unacceptable to force drivers to leave parcels in unsafe positions!",0.11147156130845269,0.11147156130845269
golden_rep-2283511,2283511,golden_rep,logistic,message_context,en,easy,self_contained,complaint,delivered_wrong_location,service_complaint_escalation,0,"Amazon seems to have forgotten how to deliver to my address so here I am waiting on 5 packages that all say ""delivery attempted"" TO THE WRONG AREA",0.10335329209376867,0.10335329209376867
golden_rep-2594956,2594956,golden_rep,logistic,message_context,en,hard,context_helpful,complaint,delivered_wrong_location,device_app_issue,0,"@USER I hope my pkg was not in there. Ste-Catherine Montreal, unlocked doors, windows open #unattendedpackages #intelcom #badcourrier URL",0.12481055917833485,0.12481055917833485
golden_rep-1727624,1727624,golden_rep,logistic,message_context,en,easy,self_contained,support_request,delivered_wrong_location,service_complaint_escalation,0,How to contact @USER about a stolen package? Website not user friendly requesting support. Unique situation would like to chat about.,0.11626997775788855,0.11626997775788855
golden_rep-458877,458877,golden_rep,logistic,message_context,en,medium,context_helpful,complaint,delivery_delay,refund_request,0,@USER No. Status still “arriving by 8pm today” (9 minutes from now) but no sign of shipment and no tracking number. URL,0.11850072539650432,0.11850072539650432
golden_rep-142833,142833,golden_rep,logistic,message_context,en,medium,context_helpful,follow_up,delivery_delay,delivery_delay,1,@USER Order history is useless and just telling me it's out for delivery or due to be delivered. I've followed up once again by email,0.10738677484048786,0.10738677484048786
golden_rep-1116569,1116569,golden_rep,logistic,message_context,en,easy,self_contained,complaint,delivery_delay,delivery_delay,1,"I bought something on @USER, paid extra for 1 day shipping and it isn’t here. Who do I complain to? @USER",0.10799486263514388,0.10799486263514388
golden_rep-515245,515245,golden_rep,logistic,message_context,en,easy,self_contained,complaint,delivery_delay,delivery_delay,1,@USER My package was supposed to arrive Wednesday.Its friday. Still NOT here. So much for being a prime member!!!!,0.11075659711516903,0.11075659711516903
golden_rep-2447788,2447788,golden_rep,logistic,message_context,en,easy,self_contained,complaint,delivery_delay,delivery_delay,1,"@USER I placed an order with Amazon.in on October 17th and the money got deducted the same day. The order was supposed to deliver on 31st October, but it is 14th Nov today and I still have not received the product. Where is my stuff @USER ?",0.11785622228771851,0.11785622228771851
golden_rep-2960467,2960467,golden_rep,logistic,message_context,en,medium,context_helpful,complaint,delivery_delay,delivery_delay,1,Would really like to know why @USER is taking so long to deliver my package from @USER 😑 two day prime delivery is turning into a week now..... 😒 I could have driven to TN and picked it up myself faster.,0.1429433138399097,0.1429433138399097
golden_rep-1311577,1311577,golden_rep,logistic,message_context,en,medium,self_contained,follow_up,delivery_delay,delivery_delay,1,So where is it then? I wouldn't mind it being a day late if I was notified @USER URL,0.11228518219887937,0.11228518219887937
golden_rep-608064,608064,golden_rep,logistic,message_context,en,medium,context_helpful,follow_up,delivery_delay,delivery_delay,1,"@USER Sorry, the last picture was the shipment confirmation email. This one is the original order email, which also shows 11/20 as the delivery date URL",0.10774408607634113,0.10774408607634113
golden_rep-2967623,2967623,golden_rep,logistic,message_context,en,medium,context_helpful,complaint,delivery_delay,delivery_delay,1,"@USER @USER I just want my package to arrive the day they promised! Been sitting around my house, today is day 2, waiting......! Still doesn't even show out for delivery - I even paid for 3day delivery!",0.11023362847460054,0.11023362847460054
golden_rep-2528270,2528270,golden_rep,logistic,message_context,en,medium,context_helpful,complaint,delivery_delay,delivery_delay,1,@USER seems like all the one day shipping for items has vanished and is two day only,0.10615184013863885,0.10615184013863885
golden_rep-2683519,2683519,golden_rep,logistic,message_context,en,hard,context_helpful,complaint,delivery_delay,delivery_delay,1,"@USER @USER @USER it's frustrating that a package from Prime Pantry shows as ""delivered"" when it really means it's sitting at the US Post Office whose hours are impossible to visit for any person working a full time job...",0.10717011859106784,0.10717011859106784
golden_rep-1192307,1192307,golden_rep,logistic,message_context,en,easy,self_contained,complaint,delivery_delay,service_complaint_escalation,0,"so @USER are fibbers. I saw the delivery van pull up in our car park yesterday just before 5pm, then they drove off...",0.09424903543577917,0.09424903543577917
golden_rep-2780552,2780552,golden_rep,logistic,message_context,en,medium,context_helpful,follow_up,delivery_delay,service_complaint_escalation,0,"""helping us build Earth's Most Customer-Centric Company"" @USER is there an amendement to this vision which excludes me? Just been told to wait another 24 hours because you've misplaced my delivery (again!).",0.10862096125162532,0.10862096125162532
golden_rep-2824739,2824739,golden_rep,logistic,message_context,en,easy,self_contained,complaint,delivery_delay,charge_issue,0,"I think @USER @USER may want to look into the definition one ""one day delivery"" URL",0.09408958351829046,0.09408958351829046
golden_rep-2913230,2913230,golden_rep,logistic,message_context,en,easy,self_contained,follow_up,delivery_delay,charge_issue,0,"@USER hi, I ordered a few Prime items on Monday, but they all say arriving Thursday. I thought it was 2 day shipping.... why the delay? Nothing has shipped yet and I thought they'd be here by tomorrow",0.12324720895989506,0.12324720895989506
golden_rep-1218249,1218249,golden_rep,logistic,message_context,en,medium,context_helpful,follow_up,delivery_delay,delivery_delay,1,@USER Says there was a delay with shipping. The tracking number at UPS says this. (see photo) URL,0.09972400557557921,0.09972400557557921
golden_rep-2003910,2003910,golden_rep,logistic,message_context,en,medium,context_helpful,follow_up,delivery_delay,refund_request,0,"@USER Well, since ""taken care of"" would have meant Friday delivery, that's unlikely.",0.11316622578345441,0.11316622578345441
golden_rep-300514,300514,golden_rep,logistic,message_context,en,medium,context_helpful,complaint,delivery_delay,delivery_delay,1,"Really glad I used prime @USER seems @USER are unable to honour the next day delivery 😡, glad I invest in prime",0.10660759449665712,0.10660759449665712
golden_rep-322945,322945,golden_rep,logistic,message_context,en,medium,context_helpful,complaint,delivery_delay,delivery_delay,1,@USER Prime member should be given some preference and the items must be delivered within 2 days otherwise it is equal to a non prime member,0.10803321024486708,0.10803321024486708
golden_rep-2954293,2954293,golden_rep,logistic,message_context,en,medium,context_helpful,complaint,delivery_delay,delivery_delay,1,@USER I don’t have time for that. That’s why I buy products on prime only. I work and go to school. I need prime to be a reliable service. Speed. Quality. Convenience. I don’t have time for stuff like this. I just won’t recommend your service.,0.11346923195560621,0.11346923195560621
golden_rep-2664071,2664071,golden_rep,logistic,message_context,en,hard,context_helpful,complaint,delivery_delay,service_complaint_escalation,0,"@USER Wrongly conceptualized add , bird's are being bullied Anyway Amazon is wowsome! Maintain this faith",0.09870499611811054,0.09870499611811054
golden_rep-1210214,1210214,golden_rep,logistic,message_context,en,medium,self_contained,complaint,delivery_delay,delivery_delay,1,Has anyone had a package returned to @USER because @USER refused to deliver it? 😐,0.11721570255652862,0.11721570255652862
golden_rep-86209,86209,golden_rep,logistic,message_context,en,easy,self_contained,complaint,delivery_delay,delivery_delay,1,"Today is the twins’ 4th Birthday. This is their gift from us - ordered on Sunday with Amazon Prime. We were assured yesterday that it would arrive today but I have just received this message. I understand that these things happen, but I’m hoping you can work some magic @USER URL",0.10609266515154347,0.10609266515154347
golden_rep-2192580,2192580,golden_rep,logistic,message_context,en,easy,self_contained,complaint,delivery_delay,delivery_delay,1,"You know you can't trust @USER marketplace if your order doesn't have any tracking info updates since it supposedly left origin facility. It was supposed to arrive yesterday. Last time was a nightmare enough, this time isn't looking much better. Thanks for the sub-par service.",0.11210614680818959,0.11210614680818959
golden_rep-1406593,1406593,golden_rep,logistic,message_context,en,medium,context_helpful,complaint,delivery_delay,none,0,@USER first weekend of prime... NOT IMPRESSED.,0.09714079393009435,0.09714079393009435
golden_rep-1570766,1570766,golden_rep,logistic,message_context,en,medium,context_helpful,follow_up,delivery_delay,service_complaint_escalation,0,@USER Do you have any update here?,0.09958450429746496,0.09958450429746496
golden_rep-1389974,1389974,golden_rep,logistic,message_context,en,medium,context_helpful,follow_up,delivery_delay,delivery_delay,1,@USER not impressed by your driver leaving my door within 6 seconds of knocking Despite my note explaining I've just had spine surgery!,0.09539722643374503,0.09539722643374503
golden_rep-1399860,1399860,golden_rep,logistic,message_context,en,medium,context_helpful,acknowledgement,delivery_delay,refund_request,0,@USER Thank u so much.. Kindly Arrange to provide my parcel.. Thank u so much,0.1523793403039628,0.1523793403039628
golden_rep-1335118,1335118,golden_rep,logistic,message_context,en,medium,context_helpful,follow_up,delivery_delay,delivery_delay,1,"@USER We needed it for a trip we are leaving on tonight, now we will not have it.",0.11592784260440475,0.11592784260440475
golden_rep-999138,999138,golden_rep,logistic,message_context,en,medium,context_helpful,complaint,delivery_delay,delivery_delay,1,@USER £70 a year membership for prime to be let down like this!! Will be cancelling my subscription as it's just not worth the hassle!! URL,0.13505442103626736,0.13505442103626736
golden_rep-2852150,2852150,golden_rep,logistic,message_context,en,medium,context_helpful,follow_up,delivery_delay,delivered_wrong_location,0,I'll go sit at the door for the next 8min then? @USER @USER URL,0.10002233682539334,0.10002233682539334
golden_rep-2890574,2890574,golden_rep,logistic,message_context,en,medium,context_helpful,complaint,delivery_delay,delivery_delay,1,".@USER 3 years ago when something said #PRIME and I ordered it, it arrived in 2 days, this last year it is a lucky day to get something in 2 days, The service has gone 2 shit, it's so unreliable, You should knock prime membership in half, it's bogus at the moment #AMAZON",0.12060071797779504,0.12060071797779504
golden_rep-1420099,1420099,golden_rep,logistic,message_context,en,medium,context_helpful,complaint,delivery_delay,refund_request,0,@USER ordered three items from amazon and all of their delivery dates kept getting pushed back and back and back. Not happy 😤,0.10398107364141174,0.10398107364141174
golden_rep-550560,550560,golden_rep,logistic,message_context,en,easy,self_contained,complaint,delivery_delay,delivery_delay,1,@USER I have a Prime membership. Quite often the 1 or 2 day shipping that I've selected doesn't arrive until 3-5+ days later. I thought shipping time was supposed to be from when you order the item? What's with missing the date so often?,0.10698479678986575,0.10698479678986575
golden_rep-673242,673242,golden_rep,logistic,message_context,en,medium,context_helpful,follow_up,delivery_delay,refund_request,0,@USER That was a joke lol. But my order IS late — i contacted amazon and they said that it’d be here by tomorrow so let’s see,0.11521424667500373,0.11521424667500373
golden_rep-1193931,1193931,golden_rep,logistic,message_context,en,medium,context_helpful,follow_up,delivery_delay,delivered_wrong_location,0,@USER Amazon logistics is the carrier. Got disconnected while holding the first time around. Not clear if delivery is tmrw or delayed further.,0.10892866097269568,0.10892866097269568
golden_rep-2731105,2731105,golden_rep,logistic,message_context,en,easy,self_contained,complaint,delivery_delay,refund_request,0,@USER One of my orders will be delivered tomorrow when I paid for delivery today.,0.1189699080859676,0.1189699080859676
golden_rep-1587374,1587374,golden_rep,logistic,message_context,en,easy,self_contained,complaint,delivery_delay,delivery_delay,1,@USER i recently purchased an item from your website its scheduled to come on November 3rd at 8pm and i still havent received my order?,0.10116763252867832,0.10116763252867832
golden_rep-2296826,2296826,golden_rep,logistic,message_context,en,medium,context_helpful,follow_up,delivery_delay,delivery_delay,1,@USER Not sure but I think it's because Royal Mail doesn't deliver today. No idea why it wasn't delivered yesterday. I don't have the detail- a family member ordered it for me.,0.11270977989074679,0.11270977989074679
golden_rep-1229688,1229688,golden_rep,logistic,message_context,en,medium,context_helpful,complaint,device_app_issue,service_complaint_escalation,0,"The all-new Kindle app is built for book lovers, with everything you need in one place. Learn more: URL URL",0.10662976719180976,0.10662976719180976
golden_rep-26958,26958,golden_rep,logistic,message_context,en,easy,self_contained,support_request,device_app_issue,none,0,"@USER Good morning. Is the Alexa App down? It’s timing out here in London, UK.",0.09534404919467122,0.09534404919467122
golden_rep-2378990,2378990,golden_rep,logistic,message_context,en,hard,context_helpful,complaint,device_app_issue,refund_request,0,@USER @USER when I ask Alexa this price it says it’s $23.48 URL,0.1008958225767799,0.1008958225767799
golden_rep-1384330,1384330,golden_rep,logistic,message_context,en,hard,context_helpful,complaint,device_app_issue,service_complaint_escalation,0,@USER is there anything wrong with payment on the amazon app today . Seeing this for sometime URL,0.09072812681857324,0.09072812681857324
golden_rep-2523357,2523357,golden_rep,logistic,message_context,en,medium,context_helpful,follow_up,device_app_issue,refund_request,0,@USER Thank you for your quick reply! I have a first gen.,0.09953297495377698,0.09953297495377698
golden_rep-1766849,1766849,golden_rep,logistic,message_context,en,medium,context_helpful,support_request,device_app_issue,none,0,@USER Fire stick is broke getting new remote second time app is on an android box.,0.10725979875489845,0.10725979875489845
golden_rep-2847379,2847379,golden_rep,logistic,message_context,en,medium,context_helpful,complaint,device_app_issue,service_complaint_escalation,0,"@USER At this time we CANNOT choose the language it is asking for, its under this tab in settings URL",0.10659734883951051,0.10659734883951051
golden_rep-2569705,2569705,golden_rep,logistic,message_context,en,easy,self_contained,complaint,device_app_issue,refund_request,0,"@USER Timing out across the board today, any idea on when things will be back up? URL",0.1031400297369722,0.1031400297369722
golden_rep-350494,350494,golden_rep,logistic,message_context,en,medium,context_helpful,complaint,device_app_issue,device_app_issue,1,@USER selling Echo devices without Alexa app for India.. how am I to use it at all!? Where is Alexa?,0.12484784674537544,0.12484784674537544
golden_rep-1464161,1464161,golden_rep,logistic,message_context,en,medium,context_helpful,complaint,device_app_issue,device_app_issue,1,@USER @USER @USER update: episode still unavailable. I think you're the people who update me. Not vice versa? 🔮,0.11020895850632108,0.11020895850632108
golden_rep-1943693,1943693,golden_rep,logistic,message_context,en,easy,context_helpful,acknowledgement,none,delivered_but_not_received,0,@USER Yes i have shared the whole concern,0.09429037564246796,0.09429037564246796
golden_rep-2611658,2611658,golden_rep,logistic,message_context,en,easy,context_helpful,acknowledgement,none,refund_request,0,@USER Thanks! Got the package at 1.30 :D,0.10383663308802164,0.10383663308802164
golden_rep-309233,309233,golden_rep,logistic,message_context,en,easy,self_contained,acknowledgement,none,product_return_and_replacement,0,Thanks @USER for the new cat bed. Velho loves it! #floof #CatsOfTwitter URL,0.0929688435771655,0.0929688435771655
golden_rep-2111184,2111184,golden_rep,logistic,message_context,en,easy,self_contained,acknowledgement,none,delivery_delay,0,"@USER Wow, that's was an amazingly quick response!! Hats off",0.10636585185958926,0.10636585185958926
golden_rep-174486,174486,golden_rep,logistic,message_context,en,easy,context_helpful,acknowledgement,none,other_unclear,0,@USER me hiciste muy feliz hoy! 😍,0.10786273319107896,0.10786273319107896
golden_rep-2580464,2580464,golden_rep,logistic,message_context,en,medium,context_helpful,acknowledgement,none,delivery_delay,0,"@USER @USER I ended up escalated to a new chat room and the guy was great. Too nice, really!",0.10933438189049215,0.10933438189049215
golden_rep-2855145,2855145,golden_rep,logistic,message_context,en,medium,context_helpful,acknowledgement,none,refund_request,0,"@USER Thanks so much for helping, @USER! It was definitely the sales tax!",0.10171021229973262,0.10171021229973262
golden_rep-2384553,2384553,golden_rep,logistic,message_context,en,easy,self_contained,acknowledgement,none,service_complaint_escalation,0,New books are on their way!! Can’t stop looking at the @USER tracking screen though - hurry up new books. More coming next week 👏🏻👏🏻 URL,0.09604023050152541,0.09604023050152541
golden_rep-1198549,1198549,golden_rep,logistic,message_context,en,easy,context_helpful,acknowledgement,none,delivery_delay,0,@USER @USER Nothing but respect for MY postal service 😤😤,0.13150364442082174,0.13150364442082174
golden_rep-1204940,1204940,golden_rep,logistic,message_context,en,easy,context_helpful,acknowledgement,none,service_complaint_escalation,0,@USER @USER @USER Yes absolutely Right 💯 👍,0.10160635925192972,0.10160635925192972
golden_rep-487699,487699,golden_rep,logistic,message_context,en,easy,context_helpful,acknowledgement,none,refund_request,0,@USER I made a mistake. I ordered on your .co.uk site not .com so i actually do have the orders i ordered. Sorry for any inconvenience caused.,0.11264252691856337,0.11264252691856337
golden_rep-1181640,1181640,golden_rep,logistic,message_context,en,easy,context_helpful,acknowledgement,none,service_complaint_escalation,0,@USER Will do! Thank you so much!,0.10824312771249882,0.10824312771249882
golden_rep-628261,628261,golden_rep,logistic,message_context,en,medium,context_required,clarification,none,delivery_delay,0,@USER I’m guessing by a marketplace seller? URL,0.09553184642123175,0.09553184642123175
golden_rep-2931934,2931934,golden_rep,logistic,message_context,en,hard,context_helpful,unknown,none,service_complaint_escalation,0,@USER But I want I phone as a gift... On my birthday.. Don't want to purchase it,0.10015832697813143,0.10015832697813143
golden_rep-2769011,2769011,golden_rep,logistic,message_context,en,medium,context_helpful,clarification,none,refund_request,0,"@USER No need to filled the form, I'm sharing you giving the registered email via direct message",0.14603519008024587,0.14603519008024587
golden_rep-1707062,1707062,golden_rep,logistic,message_context,en,easy,context_helpful,acknowledgement,none,refund_request,0,"@USER The guy who sent it to me already reached me, tracking number checks out, mystery solved. Thanks, though",0.10110488852479987,0.10110488852479987
golden_rep-957126,957126,golden_rep,logistic,message_context,en,medium,context_helpful,clarification,none,refund_request,0,@USER @USER I haven't tried again simce yesterday. I was using mine in US before bringing it here so maybe I'll have to check the location etc agai,0.10945258752077185,0.10945258752077185
golden_rep-2389800,2389800,golden_rep,logistic,message_context,en,hard,self_contained,unknown,none,service_complaint_escalation,0,Every breath you take should be as pure as nature intended. Improve the quality of the air you breathe indoors with a wide range air purifiers to choose from on Amazon.in. Visit: URL URL,0.10494002270409057,0.10494002270409057
golden_rep-2266765,2266765,golden_rep,logistic,message_context,en,medium,self_contained,support_request,none,service_complaint_escalation,0,"@USER hey guys, Do you have any upcoming sale? In looking forward to buy the Moto g5s+ and I'm short of little money. Can you help me out?",0.11026569856350085,0.11026569856350085
golden_rep-1721707,1721707,golden_rep,logistic,message_context,en,medium,self_contained,complaint,order_status_query,charge_issue,0,when you pay extra for shipping for next day delivery through amazon prime but they didnt deliver it @USER URL,0.1153869030473932,0.1153869030473932
golden_rep-646730,646730,golden_rep,logistic,message_context,en,medium,context_helpful,follow_up,order_status_query,charge_issue,0,@USER when will me scampi fries be getting dispatched? Should have been yesterday and still not been dispatched. I want fishy fingers. Cheers 😏👍,0.09480901648455645,0.09480901648455645
golden_rep-2363235,2363235,golden_rep,logistic,message_context,en,medium,context_helpful,support_request,order_status_query,delivery_delay,0,"@USER So on the amazon website when I track my package it says that it just got to a warehouse near me and it is close, but on the usps site when I input my tracking number it says that they are still waiting to receive my items?",0.10378587404049026,0.10378587404049026
golden_rep-2960026,2960026,golden_rep,logistic,message_context,en,medium,self_contained,follow_up,order_status_query,delivery_delay,0,@USER where’s my tv going... it came to my ups then back to Sacramento.... URL,0.09578780040792446,0.09578780040792446
golden_rep-1105754,1105754,golden_rep,logistic,message_context,en,medium,self_contained,complaint,order_status_query,order_status_query,1,Order updates from @USER have timestamps from before the order was placed. Looks like they are GMT.,0.09800201951143421,0.09800201951143421
golden_rep-1464285,1464285,golden_rep,logistic,message_context,en,easy,self_contained,support_request,order_status_query,refund_request,0,@USER @USER Order# 408-9863763-1429137 will my order be shipped or not?,0.10969375796811025,0.10969375796811025
golden_rep-993935,993935,golden_rep,logistic,message_context,en,medium,context_helpful,follow_up,order_status_query,refund_request,0,@USER I also search redmi note4 didn't show your website.please help me,0.10212213202234892,0.10212213202234892
golden_rep-832924,832924,golden_rep,logistic,message_context,en,medium,context_helpful,follow_up,order_status_query,delivery_delay,0,"@USER Yes, wc26th Oct. But if I click on the album it says in-stock and available for this weekend.",0.1018664978804176,0.1018664978804176
golden_rep-2288190,2288190,golden_rep,logistic,message_context,en,medium,context_helpful,follow_up,order_status_query,delivery_delay,0,"@USER It would be nice to know if my order is shipping any time soon. I ordered 24 hours ago with same day delivery. The status has been not yet shipped all day. Was supposed to be here at 9 pm today, 1.5 hours ago.",0.12160215722768504,0.12160215722768504
golden_rep-2374486,2374486,golden_rep,logistic,message_context,en,hard,self_contained,complaint,order_status_query,service_complaint_escalation,0,@USER how can an order be “delivered by 8pm today” and “not yet shipped”?,0.11074809956605983,0.11074809956605983
golden_rep-1397273,1397273,golden_rep,logistic,message_context,en,easy,self_contained,support_request,order_status_query,none,0,i want to buy echo spot when did it launch in india @USER @USER @USER @USER,0.10228684203549332,0.10228684203549332
golden_rep-1755281,1755281,golden_rep,logistic,message_context,en,hard,context_helpful,support_request,other_unclear,delivery_delay,0,@USER so I got this email. But I don't shop with Amazon so it might be a spam? Thought I would let you people know anyway. URL,0.09753885330506265,0.09753885330506265
golden_rep-467536,467536,golden_rep,logistic,message_context,en,hard,context_helpful,complaint,product_return_and_replacement,refund_request,0,@USER Not received the item. App is not upto the mark so did not get terms &amp; conditions clearly while placing order hence lost cashback offer also. Poor experience overall.,0.13799864633775663,0.13799864633775663
golden_rep-1147828,1147828,golden_rep,logistic,message_context,en,hard,context_helpful,follow_up,product_return_and_replacement,refund_request,0,@USER I HAVE OPTED for no cost emi thats why i am doing follow ups... Otherwise i am not a free person to exchange tweets and mails with u,0.13495855991417524,0.13495855991417524
golden_rep-2454046,2454046,golden_rep,logistic,message_context,en,easy,context_helpful,acknowledgement,product_return_and_replacement,device_app_issue,0,@USER No idea 😂 I've started a return and reordered URL,0.0931875724646982,0.0931875724646982
golden_rep-679025,679025,golden_rep,logistic,message_context,en,medium,context_helpful,support_request,product_return_and_replacement,service_complaint_escalation,0,Hi @USER I purchased the wrong colour kindle and forgot to tick u registered. Can I exchange for a different colour?,0.1262134083031878,0.1262134083031878
golden_rep-2460750,2460750,golden_rep,logistic,message_context,en,easy,self_contained,complaint,product_return_and_replacement,other_unclear,0,@USER So I had ordered a Moto G5s and I got a Moto G5 plus. Please do something about it. Thank you URL,0.10722308524637604,0.10722308524637604
golden_rep-2450570,2450570,golden_rep,logistic,message_context,en,easy,self_contained,complaint,product_return_and_replacement,order_status_query,0,amazon sent the wrong cases 😩🤦🏾‍♀️,0.09521891422716722,0.09521891422716722
golden_rep-2608094,2608094,golden_rep,logistic,message_context,en,medium,context_helpful,support_request,product_return_and_replacement,refund_request,0,@USER if I got a product and it didn’t come with everything listed who would I contact to get the rest to the product ?,0.09818687982334647,0.09818687982334647
golden_rep-982267,982267,golden_rep,logistic,message_context,en,easy,self_contained,complaint,product_return_and_replacement,other_unclear,0,Wtf @USER ... I ordered an altitude mask and you sent me a ‘tutu’ ?!😂🤦🏼‍♂️ URL,0.10615955006568308,0.10615955006568308
golden_rep-2291505,2291505,golden_rep,logistic,message_context,en,hard,context_helpful,support_request,product_return_and_replacement,service_complaint_escalation,0,@USER I have buy Nokia 6 from Amazon India. The phone's display has purple colour on right side of the display. I want to replace my phone but Amazon can't. What can I do ? Help ASAP.,0.11624456308222113,0.11624456308222113
golden_rep-1018235,1018235,golden_rep,logistic,message_context,en,hard,context_helpful,complaint,product_return_and_replacement,service_complaint_escalation,0,"@USER Now amazon starts blackmailing customers by sending wrong product and when return req. placed,They says ship prdct back by urself",0.10118252453968624,0.10118252453968624
golden_rep-1229460,1229460,golden_rep,logistic,message_context,en,hard,context_helpful,complaint,product_return_and_replacement,other_unclear,0,"Hey, @USER, this DVD is a fraud. It claims to be the lost 1917 Cleopatra but is really the 1912 version. URL",0.09472376816024046,0.09472376816024046
golden_rep-2484077,2484077,golden_rep,logistic,message_context,en,easy,self_contained,complaint,product_return_and_replacement,service_complaint_escalation,0,I payed good money for this cup that I received today in the post! I am deeply disappointed that it’s faulty #donotbuy @USER URL,0.10044019868822494,0.10044019868822494
golden_rep-345473,345473,golden_rep,logistic,message_context,en,hard,context_helpful,complaint,product_return_and_replacement,delivery_delay,0,Dear @USER You suck. We’ve had to replace one device already bc it keeps malfunctioning. The “new” one is malfunctioning too.,0.09637836125113164,0.09637836125113164
golden_rep-676899,676899,golden_rep,logistic,message_context,en,hard,context_helpful,complaint,product_return_and_replacement,none,0,@USER why haven’t you fulfilled Lex Luthor’s order of a blue-ray copy of A league of their own? Amazon you have to stop doing an injustice to Lex he might start a league! #JusticeLeague,0.09594828235266269,0.09594828235266269
golden_rep-18706,18706,golden_rep,logistic,message_context,en,medium,context_helpful,support_request,refund_request,refund_request,1,@USER U kindly refund the amount back .. I have sent back the product and I demand a refund for the same .never had such dissaponments wit amazon,0.19071077932444785,0.19071077932444785
golden_rep-1436650,1436650,golden_rep,logistic,message_context,en,easy,self_contained,complaint,refund_request,refund_request,1,@USER shady service - trying to steal my money - promised a refund on delivery to hotel as didn't arrive as promised. Now told no refund!,0.17292458669538535,0.17292458669538535
golden_rep-2712534,2712534,golden_rep,logistic,message_context,en,medium,context_helpful,support_request,refund_request,delivery_delay,0,"This is the second time Prime Now has delivered an order with missing items, and I can't find a way to request a refund in the app.",0.1081633337532698,0.1081633337532698
golden_rep-1420491,1420491,golden_rep,logistic,message_context,en,medium,context_helpful,follow_up,refund_request,refund_request,1,@USER Yes i have sent my details via the form. I have cancelled the product and dont want to be associated with amazon refund my money to my CC,0.13103366566001953,0.13103366566001953
golden_rep-915961,915961,golden_rep,logistic,message_context,en,medium,context_helpful,follow_up,refund_request,refund_request,1,@USER how would you justify blocking a customer’s number who’s awaiting a refund?,0.09659353447382757,0.09659353447382757
golden_rep-2515914,2515914,golden_rep,logistic,message_context,en,medium,context_helpful,follow_up,refund_request,service_complaint_escalation,0,"@USER Yes on all three orders, then you kept arguing with me about how it wasn’t your fault and how you don’t have the resources to refund my Prime membership",0.10484682827484297,0.10484682827484297
golden_rep-2217342,2217342,golden_rep,logistic,message_context,en,hard,context_helpful,complaint,refund_request,product_return_and_replacement,0,"@USER Yes, and now you are rejecting the claim but the seller is sketchy.",0.09816434324332779,0.09816434324332779
golden_rep-1893565,1893565,golden_rep,logistic,message_context,en,medium,context_helpful,follow_up,service_complaint_escalation,cancellation,0,@USER Nope...never received a call,0.09789221980638085,0.09789221980638085
golden_rep-1763226,1763226,golden_rep,logistic,message_context,en,medium,context_helpful,complaint,service_complaint_escalation,refund_request,0,@USER Yes. I have also spent 8 hours on live chat.,0.11455857406051227,0.11455857406051227
golden_rep-2573750,2573750,golden_rep,logistic,message_context,en,medium,context_helpful,complaint,service_complaint_escalation,refund_request,0,"@USER I've checked all of my folders. Like I said, the number in that link is the exact one I have called five times. I'm a Prime member who has been locked from their account for three weeks and have had nothing visible done to remedy this.",0.12113105169252729,0.12113105169252729
golden_rep-1541879,1541879,golden_rep,logistic,message_context,en,medium,context_helpful,complaint,service_complaint_escalation,service_complaint_escalation,1,@USER Look your cust service people just emailed to say they couldn’t deal with me because my email isn’t recognised. So unhelpful,0.11413810623082024,0.11413810623082024
golden_rep-1415560,1415560,golden_rep,logistic,message_context,en,medium,context_helpful,complaint,service_complaint_escalation,refund_request,0,"@USER Yes, I'm talking to a representative again but I'm still super disappointed.. The call I made last night with you guys was useless",0.09866810788721478,0.09866810788721478
golden_rep-334873,334873,golden_rep,logistic,message_context,en,medium,context_helpful,complaint,service_complaint_escalation,other_unclear,0,@USER 6 years of shopping and never had an issue with CS until tonight. 10 mins later and no reply. URL,0.09168904278390146,0.09168904278390146
golden_rep-272875,272875,golden_rep,logistic,message_context,en,medium,context_helpful,complaint,service_complaint_escalation,refund_request,0,"@USER I checked the link even on the desktop. There's no link given to contact support, that's why i am pinging you here.",0.1147546610347087,0.1147546610347087
golden_rep-1537572,1537572,golden_rep,logistic,message_context,en,medium,context_helpful,complaint,service_complaint_escalation,charge_issue,0,"3/ @USER WHY IS IT SO HARD TO REPORT A SHIPPING PROBLEM? Yesterday I got the ""chat is too slow, please call"" option. Why no message/email?",0.0949331534065778,0.0949331534065778
golden_rep-411902,411902,golden_rep,logistic,message_context,en,easy,self_contained,complaint,service_complaint_escalation,service_complaint_escalation,1,"I will NEVER use @USER @USER for my business ever again. Bad customer service, impolite, and impressionable",0.10684289678425989,0.10684289678425989
golden_rep-1588773,1588773,golden_rep,logistic,message_context,en,easy,self_contained,complaint,service_complaint_escalation,service_complaint_escalation,1,"God damn it, but @USER is getting worse and worse and worse as time goes on. Maybe it's time to dump all @USER services and move on.",0.12044186853557019,0.12044186853557019
golden_rep-2353843,2353843,golden_rep,logistic,message_context,en,medium,context_helpful,complaint,service_complaint_escalation,service_complaint_escalation,1,@USER I am sorry but I would like to receive a phone call &amp; have this matter resolved asap! I have phoned 5 times now &amp; every time I get nothing. I am £90 down on an error on your part. This has been going on for almost 3 weeks now &amp; it’s time for you to actually do something.,0.11853639934221802,0.11853639934221802
golden_rep-1136222,1136222,golden_rep,logistic,message_context,en,hard,context_helpful,complaint,service_complaint_escalation,refund_request,0,@USER Already send and call to 50 tym no proper response from ur side.. My neice birthday on 17 oct. Fake commitment 405-8158996-7018755oredr id,0.13362927254494802,0.13362927254494802
golden_rep-1384189,1384189,golden_rep,logistic,message_context,en,easy,self_contained,complaint,service_complaint_escalation,service_complaint_escalation,1,"Bad experience , not a sense of customer Service or cost saving at all..... @USER #disappointed",0.16135818861593396,0.16135818861593396
golden_rep-1746071,1746071,golden_rep,logistic,message_context,en,medium,context_helpful,complaint,service_complaint_escalation,refund_request,0,"@USER I don’t this information to be public, as it’s impossible to reach your customer care on phone. So either they should call me or reach item",0.11602173211587846,0.11602173211587846
golden_rep-390810,390810,golden_rep,logistic,message_context,en,hard,context_helpful,complaint,service_complaint_escalation,charge_issue,0,@USER You must shut down your improper business. Now when the payment is done you're coming up with nasty excuses. Read the DM.,0.09675044544641283,0.09675044544641283
golden_rep-2151408,2151408,golden_rep,logistic,message_context,en,medium,context_helpful,complaint,service_complaint_escalation,order_status_query,0,@USER doesn't provide way to claim #gst input credit for Business purchases. Even if I am giving all details they are denying this basic,0.09129034513624731,0.09129034513624731
golden_rep-2216600,2216600,golden_rep,logistic,message_context,en,hard,context_helpful,complaint,service_complaint_escalation,service_complaint_escalation,1,@USER Dont trust Amazon India and @USER with any card cash back offers. They do not keep up to their promises!! Conveniently take 3 months so that customers forget about it!!! #FoolingPrimeCustomers,0.11649269993333718,0.11649269993333718
golden_rep-1250967,1250967,golden_rep,logistic,message_context,en,hard,context_helpful,complaint,service_complaint_escalation,delivered_wrong_location,0,"Super disappointed in @USER lately. Lost packages, multiple wrong charges. What's the point of being prime 🙄🤔",0.10667079644196363,0.10667079644196363
golden_rep-2447260,2447260,golden_rep,logistic,message_context,en,medium,context_helpful,complaint,service_complaint_escalation,refund_request,0,"@USER should only &amp; selectively use #USPS for certain deliveries since the majority of time your order isn't going to arrive as promised, thus defeating entire premise of #AmazonPrime This is about #logistics plain &amp; simple.",0.10283802412491799,0.10283802412491799
golden_rep-1179639,1179639,golden_rep,logistic,message_context,en,hard,context_helpful,complaint,service_complaint_escalation,service_complaint_escalation,1,@USER was told to wait. Called you today. Told item has NOT been put in locker then told it HAD. Your agents can't keep up with their own lies.,0.12935674791761678,0.12935674791761678
golden_rep-2245407,2245407,golden_rep,logistic,message_context,en,hard,context_helpful,complaint,service_complaint_escalation,other_unclear,0,@USER why my call gets dropped Kindly please check my call log and please take an appropriate actions Why my call dropped? In between URL,0.1006005169995136,0.1006005169995136
golden_rep-886169,886169,golden_rep,logistic,message_context,en,hard,context_helpful,complaint,service_complaint_escalation,service_complaint_escalation,1,@USER The email was terribly short with no direction expect “we left you a voice mail win instructions” and I had no voice mails!,0.10462458710590233,0.10462458710590233
golden_chal-2814438,2814438,golden_chal,logistic,message_context,es,hard,context_helpful,complaint,account_access,account_info_update,0,@USER Ya lo he intentado. Me llego un mail pidiendo que les envie un fax.. les mande el fax con el resumen de la tarjeta y mi cuenta continua bloqueada! NECESITO AYUDA @USER,0.11248362821661922,0.11248362821661922
golden_chal-2694949,2694949,golden_chal,logistic,message_context,en,hard,self_contained,complaint,account_access,delivery_delay,0,I tried @USER prime years ago for 30 days before the student offer or music service existed but now I'm unable to trial it but keeps being displayed on homepage.,0.10934773550661964,0.10934773550661964
golden_chal-519702,519702,golden_chal,logistic,message_context,en,hard,context_helpful,complaint,account_access,refund_request,0,@USER I just want my psn codes so me and my friends can download and play a game tonight. After I get those I'll never bother you again.,0.10782444019211576,0.10782444019211576
golden_chal-2853614,2853614,golden_chal,logistic,message_context,en,easy,self_contained,support_request,cancellation,service_complaint_escalation,0,"@USER Hi, I made an order and it went straight to cancelled! How can I un-cancel? I bought these on blackfriday.",0.11278852705039946,0.11278852705039946
golden_chal-1955907,1955907,golden_chal,logistic,message_context,en,hard,context_required,follow_up,charge_issue,service_complaint_escalation,0,@USER URL,0.09336967615499854,0.09336967615499854
golden_chal-616914,616914,golden_chal,logistic,message_context,en,hard,context_helpful,follow_up,charge_issue,service_complaint_escalation,0,@USER Same card. Most orders are paid with gift vouchers. You say it’s because I’m buying others say it’s because I sell. No one can give me a straight answer. I currently have 4 £1 trans in my account.,0.10794794744176991,0.10794794744176991
golden_chal-197857,197857,golden_chal,logistic,message_context,en,hard,context_helpful,complaint,charge_issue,service_complaint_escalation,0,@USER It is your responsibility to bar sellers like these on your platform. An increase in 1300 rupees is criminal.,0.10843003454047544,0.10843003454047544
golden_chal-1845984,1845984,golden_chal,logistic,message_context,en,hard,context_helpful,follow_up,charge_issue,refund_request,0,@USER But I have already activated the card?,0.10178208011254032,0.10178208011254032
golden_chal-1568158,1568158,golden_chal,logistic,message_context,en,hard,context_helpful,complaint,charge_issue,refund_request,0,@USER And I have another one too this one's actual MRP is Rs. 525/ Frontech 700 MB 5001 FC BLANK CD-R- 50 Pcs URL,0.09336233660057963,0.09336233660057963
golden_chal-834216,834216,golden_chal,logistic,message_context,en,hard,context_helpful,clarification,delivered_but_not_received,refund_request,0,@USER AMZL US,0.10170082616981263,0.10170082616981263
golden_chal-2798309,2798309,golden_chal,logistic,message_context,en,hard,context_required,follow_up,delivered_but_not_received,delivery_delay,0,"@USER Sure, the thing is that I saw notified that my package arrived and this photo came with the notification. URL",0.09778372095847218,0.09778372095847218
golden_chal-689484,689484,golden_chal,logistic,message_context,en,medium,context_helpful,complaint,delivered_but_not_received,delivery_delay,0,Did @USER really just not deliver my package and instead of taking responsibilty they ask me to contact usps and file a police report!? Really? After years of being a prime member I am glad to have cancelled my membership smh,0.11628627204596238,0.11628627204596238
golden_chal-1242242,1242242,golden_chal,logistic,message_context,en,hard,context_helpful,complaint,delivered_but_not_received,service_complaint_escalation,0,@USER Your customer service is the worst first they investigated the wrong item then they thought I got someone else’s package now they say I,0.10074234810235745,0.10074234810235745
golden_chal-1578555,1578555,golden_chal,logistic,message_context,de,hard,context_helpful,complaint,delivered_wrong_location,device_app_issue,0,@USER @USER Same here. Amazon hat mich auch im Stich gelassen heute :(,0.12370261391219325,0.12370261391219325
golden_chal-2284883,2284883,golden_chal,logistic,message_context,en,hard,context_helpful,complaint,delivered_wrong_location,delivery_delay,0,"@USER Wasn’t my order, it was my neighbors. No idea what his name is. Not trying to tattle. Just pointing out you aren’t hiring the best, most trustworthy people to justify the key service here.",0.11714812349690122,0.11714812349690122
golden_chal-2170818,2170818,golden_chal,logistic,message_context,en,hard,context_required,follow_up,delivery_delay,delivered_but_not_received,0,@USER @USER ??,0.1020493186778009,0.1020493186778009
golden_chal-842315,842315,golden_chal,logistic,message_context,fr,hard,context_helpful,clarification,delivery_delay,delivered_but_not_received,0,"@USER Transporteur : Amazon Logistics, n° de suivi CA0002376203",0.12971603235634233,0.12971603235634233
golden_chal-2171079,2171079,golden_chal,logistic,message_context,en,medium,self_contained,complaint,delivery_delay,delivery_delay,1,Sound een pre-ordering a game from @USER only to have it not show up when it's supposed to. Could have just went to the fucking shops for it if I knew it wasn't going to be delivered today 🙃,0.11781869063537519,0.11781869063537519
golden_chal-2785904,2785904,golden_chal,logistic,message_context,en,medium,context_helpful,complaint,delivery_delay,refund_request,0,"@USER No one seems sure. Cust service said ""hopefully"" it will arrive tomorrow.",0.1154362188270336,0.1154362188270336
golden_chal-1379340,1379340,golden_chal,logistic,message_context,it,medium,self_contained,support_request,device_app_issue,none,0,@USER @USER C'è speranza di avere l'app #PrimeVideo sul Sony UHP-H1?,0.11074049240445778,0.11074049240445778
golden_chal-227064,227064,golden_chal,logistic,message_context,ja,medium,self_contained,support_request,device_app_issue,order_status_query,0,AmazonリーディングってこれKindleのアプリからいけねぇのか？,0.110523519186978,0.110523519186978
golden_chal-1645512,1645512,golden_chal,logistic,message_context,en,hard,context_helpful,complaint,device_app_issue,delivery_delay,0,@USER I'm having it on the full site and the mobile site on all browsers. I don't use the app. Shopping works...I just can't buy.,0.11155921917432518,0.11155921917432518
golden_chal-2497106,2497106,golden_chal,logistic,message_context,en,medium,context_helpful,complaint,device_app_issue,none,0,"@USER @USER @USER @USER @USER @USER @USER @USER @USER Given that the app is launched in India, I was hoping that English(India) language would also be available to choose 😕",0.10408145097669749,0.10408145097669749
golden_chal-487688,487688,golden_chal,logistic,message_context,fr,medium,context_helpful,acknowledgement,none,none,1,"Mieux vaut tard que jamais... Commandé dimanche avec #AmazonPrime, reçu vendredi avec @USER! Cc @USER URL",0.09648272742530499,0.09648272742530499
golden_chal-1451501,1451501,golden_chal,logistic,message_context,pt,medium,context_helpful,acknowledgement,none,charge_issue,0,"@USER Como foi minha primeira compra, eu comprei 2 (use a cabeça c E linux a bíblia), mas já estou fazendo a lista das próximas compras",0.12249768060024567,0.12249768060024567
golden_chal-787658,787658,golden_chal,logistic,message_context,es,medium,context_helpful,acknowledgement,none,account_info_update,0,@USER ¡Gracias todo resuelto!,0.1642880634092741,0.1642880634092741
golden_chal-893308,893308,golden_chal,logistic,message_context,pt,hard,context_helpful,unknown,none,none,1,"Atualizando meu @USER e quais são meus maiores gastos do mês? Sim meus caros, @USER , claro.",0.10004773897262234,0.10004773897262234
golden_chal-2254596,2254596,golden_chal,logistic,message_context,it,easy,context_helpful,acknowledgement,none,delivered_but_not_received,0,"@USER Grazie, buonanotte 😊",0.0973427558822983,0.0973427558822983
golden_chal-426141,426141,golden_chal,logistic,message_context,es,medium,self_contained,acknowledgement,none,charge_issue,0,"Cualquier día antes de que decida en pedir algo en @USER ,me ha llegado Dios que velocidad 😃😃",0.12291660630989425,0.12291660630989425
golden_chal-816342,816342,golden_chal,logistic,message_context,it,hard,self_contained,unknown,none,product_return_and_replacement,0,#AmazonIndia URL,0.18813453100445163,0.18813453100445163
golden_chal-2586341,2586341,golden_chal,logistic,message_context,ja,medium,self_contained,acknowledgement,none,order_status_query,0,アマゾンプライムミュージック入れたが、ペルソナだけで年会費の価値超えててすげぇ……,0.110523519186978,0.110523519186978
golden_chal-365605,365605,golden_chal,logistic,message_context,fr,medium,context_helpful,acknowledgement,none,delivered_but_not_received,0,"@USER je viens de recevoir, désolé pour le dérangement",0.11530356145868638,0.11530356145868638
golden_chal-2472354,2472354,golden_chal,logistic,message_context,ja,medium,context_helpful,acknowledgement,none,product_return_and_replacement,0,@USER これから特典たくさん利用したいと思ってます！ わざわざリプライありがとうございます！☺️,0.14392778168434908,0.14392778168434908
golden_chal-1033752,1033752,golden_chal,logistic,message_context,de,medium,context_helpful,acknowledgement,none,device_app_issue,0,"@USER Genau JETZT kam die Mail, dass mein Paket gleich ankommt. 👍 Danke für den tollen Kundenservice und die immer zügigen Antworten!",0.1262841817308399,0.1262841817308399
golden_chal-1738390,1738390,golden_chal,logistic,message_context,ja,medium,self_contained,acknowledgement,none,product_return_and_replacement,0,Amazonで頼んだやつ来たーーー！！ 😈ｷﾞﾗﾝ そして俺の姉達はもうクリスマス🎅気分w←ついこの間ハロウィン🎃終わったばかりなのに､､､ww URL,0.18813453100445163,0.18813453100445163
golden_chal-2151072,2151072,golden_chal,logistic,message_context,ja,easy,context_helpful,acknowledgement,none,cancellation,0,@USER あ、ありがとうございます🙇‍♀️,0.11979793675511644,0.11979793675511644
golden_chal-1130527,1130527,golden_chal,logistic,message_context,en,hard,context_helpful,support_request,order_status_query,delivered_but_not_received,0,@USER Invoice no: TN-MAA4-__credit_card__,0.1006011497909361,0.1006011497909361
golden_chal-2149534,2149534,golden_chal,logistic,message_context,en,hard,context_helpful,complaint,order_status_query,delivery_delay,0,"@USER Ok but when placing an order, your site always tells you if the item is eligible for P.O. box delivery or not. My order was processed and went through with no issues",0.10860850946689839,0.10860850946689839
golden_chal-2609965,2609965,golden_chal,logistic,message_context,fr,hard,context_helpful,complaint,other_unclear,account_access,0,Bonjour @USER je viens de recevoir mon colis que j’avais demandé à être envoyé dans un colis Amazon pour cacher les informations du produit or ce n’est pas le cas. Pourquoi ? Amazon de moins en moins satisfaisant...,0.10988773276172287,0.10988773276172287
golden_chal-2909124,2909124,golden_chal,logistic,message_context,en,hard,context_helpful,complaint,other_unclear,service_complaint_escalation,0,I love @USER but really?? You mailed this at Christmas without putting it in a plain box???? My kids saw it outside when they got off the bus! #christmasruined URL,0.09871075646286834,0.09871075646286834
golden_chal-582649,582649,golden_chal,logistic,message_context,en,hard,context_helpful,follow_up,product_return_and_replacement,device_app_issue,0,@USER *occassion,0.10471122658313034,0.10471122658313034
golden_chal-835153,835153,golden_chal,logistic,message_context,en,easy,self_contained,complaint,product_return_and_replacement,charge_issue,0,I bought a captain America T-shirt from @USER and they sent me Rupa baniyan #AccheDin ? @USER URL,0.09410650910584546,0.09410650910584546
golden_chal-2679197,2679197,golden_chal,logistic,message_context,en,hard,context_required,follow_up,product_return_and_replacement,refund_request,0,@USER @USER Amazon is not supposed to take returns of our item. Did they replace it for you?,0.12975392190407883,0.12975392190407883
golden_chal-694411,694411,golden_chal,logistic,message_context,en,medium,context_helpful,follow_up,product_return_and_replacement,refund_request,0,@USER I did !! Request you to please give me the email address on which i can fwd you the video.,0.10827128045433497,0.10827128045433497
golden_chal-972720,972720,golden_chal,logistic,message_context,en,hard,context_required,follow_up,refund_request,refund_request,1,"#KaroMilkeTayyari for superb discounts on superb brands at #AmazonGreatIndianFestival. Ready with your wish-lists? Hurry, only 3 days to go. URL",0.14021132489582305,0.14021132489582305
golden_chal-232399,232399,golden_chal,logistic,message_context,fr,medium,self_contained,complaint,service_complaint_escalation,none,0,En fait #Amazonprime c'est surtout de la merde non? Ça existe un livreur qui fait son taf à Paris ou c'est une utopie? @USER @USER,0.09502673915802998,0.09502673915802998
golden_chal-102915,102915,golden_chal,logistic,message_context,en,medium,context_helpful,complaint,service_complaint_escalation,refund_request,0,@USER And this is your TR customer: URL,0.11068757427545214,0.11068757427545214
golden_chal-2747122,2747122,golden_chal,logistic,message_context,en,easy,self_contained,complaint,service_complaint_escalation,service_complaint_escalation,1,Is it just me or has anyone else noticed that the @USER customer service has decreased recently?! They can barely speak English and I'm convinced I'm talking to a computer due to their automated responses.,0.14645516913252635,0.14645516913252635
golden_chal-2521823,2521823,golden_chal,logistic,message_context,en,easy,self_contained,complaint,service_complaint_escalation,service_complaint_escalation,1,@USER Wow each email I get is worse. Clearly no one actually reads what you write to customer services!!,0.10446247859992781,0.10446247859992781
golden_chal-1323314,1323314,golden_chal,logistic,message_context,en,medium,context_helpful,complaint,service_complaint_escalation,service_complaint_escalation,1,@USER Look what reply we get when we complain to Amazon..... URL,0.09511659641493053,0.09511659641493053
test-535015,535015,test,svm,message_context,en,medium,context_helpful,complaint,delivery_delay,delivery_delay,1,@USER @USER Ok...then 1. why on Friday it was updated thru sms that courier attempt failed as customer not available 2. Why on Saturday it was told that I will get my courier on Saturday itself but still not delivered ?,,
test-2837028,2837028,test,svm,message_context,pt,medium,self_contained,complaint,product_return_and_replacement,charge_issue,0,"@USER eu estou decepcionada com a amazon, vcs vendem livros sem ao menos dar um aviso prévio de que o livro é versão econômica!! nunca mais compro com vcs.",,
test-407498,407498,test,svm,message_context,en,easy,self_contained,complaint,delivery_delay,charge_issue,0,@USER why do y'all hate me? I haven't gotten a single thing on time??,,
test-351165,351165,test,svm,message_context,ja,medium,self_contained,complaint,none,order_status_query,0,一番ぐぬぬぬしてるのが、密林用意の密林発送なのに、代引きコンビニ支払い不可で、クレ払いのみってやつがぐぬぬぬぬぬぬしてる(クレカは持たない主義) いちいちギフカ買うのめんどくさいよ〜〜〜,,
test-783437,783437,test,svm,message_context,en,easy,self_contained,support_request,delivered_but_not_received,delivery_delay,0,@USER i got the notification that I received my package but i did not and I waited an hour and nothing has came yet!,,
test-411435,411435,test,svm,message_context,en,medium,self_contained,complaint,cancellation,none,0,I searched a book on amazon and it just automatically bought it wtf,,
test-1106537,1106537,test,svm,message_context,en,medium,self_contained,complaint,delivery_delay,order_status_query,0,@USER should b like #AmazonPrimeNEVER. Order placed 4 hrs ago &amp; watched driver go opposite direction while in 'hood. #inept #shame,,
test-619219,619219,test,svm,message_context,es,medium,context_helpful,complaint,delivery_delay,account_info_update,0,"@USER Mañana, pero eso son 8 días después de realizar el pedido. Con estos plazos no creo que cambie mi compra en supermercado por Pantry",,
test-132555,132555,test,svm,message_context,de,easy,self_contained,complaint,delivery_delay,other_unclear,0,"@USER Heute versandt, Dienstag geliefert? Früher wart ihr bei Prime-Versand mal schneller... :-( URL",,
test-1380925,1380925,test,svm,message_context,en,medium,self_contained,complaint,delivery_delay,delivery_delay,1,@USER What's d big idea behind Amazon Prime's promise of 1 day delivery.? While ordering it says 3-4 days for delivery. #Disappointed.,,
test-2616364,2616364,test,svm,message_context,en,easy,self_contained,unknown,none,delivered_but_not_received,0,@USER will OnePlus 5T have No Cost EMI as payment option on @USER,,
test-2089262,2089262,test,svm,message_context,ja,easy,self_contained,acknowledgement,none,account_access,0,Amazon仕事早ーい(笑)(。-∀-)姪っ子ちゃんらのクリスマスプレゼントもうきた(笑)(。-∀-)🎄🎅🎁✨ URL,,
test-2830752,2830752,test,svm,message_context,en,easy,self_contained,complaint,service_complaint_escalation,product_return_and_replacement,0,@USER worst customer service __email__.,,
test-470156,470156,test,svm,message_context,en,easy,self_contained,complaint,none,none,1,"Dear @USER, today is Friday. You really don't need to keep sending cyber Monday emails. Thank you, The World.",,
test-1466972,1466972,test,svm,message_context,en,medium,context_helpful,complaint,delivery_delay,delivery_delay,1,"@USER I was told it was a amazon carrier! But the fact that I received a email on Wednesday to say my parcel was out for delivery and would be there by 8pm that day to now be into Saturday and to now be told oh sorry we don’t know where the parcel is, is an absolute joke!",,
test-271574,271574,test,svm,message_context,ja,medium,context_helpful,complaint,product_return_and_replacement,delivered_but_not_received,0,@USER お仕事ご苦労さまです。 返品申し込みをさせて頂きました。 完全な誤商品というよりは商品ページの記載に問題があるのでは？という気がしておりますが、返品しますのでまあもういいかなという感じです。今日使いたかったので不信感で腹が立ってしまいました。 わざわざリプありがとうございました。,,
test-234234,234234,test,svm,message_context,es,medium,self_contained,unknown,none,account_info_update,0,@USER Sí lo he hecho. Pero hay preguntas de clientes respondidas hace años por el propio vendedor y la información en la ficha sigue mal,,
test-2520585,2520585,test,svm,message_context,ja,easy,self_contained,acknowledgement,none,account_access,0,プライムはいりますたw glee cast 聴き放題なの嬉しい！！ URL,,
test-897110,897110,test,svm,message_context,en,hard,context_required,clarification,service_complaint_escalation,none,0,@USER I just sent the requested details through my mail to __email__,,
test-576056,576056,test,svm,message_context,en,easy,self_contained,acknowledgement,none,none,1,Shout out to the #Boston @USER @USER and @USER for the beautiful wreath! Brought it home to surprise my wife and it smelled amazing when I opened the box and she loved it! #Winning #TreasureTruck URL,,
test-1548344,1548344,test,svm,message_context,en,hard,context_required,clarification,none,service_complaint_escalation,0,"@USER Yes, I have.",,
test-2093938,2093938,test,svm,message_context,hi,hard,self_contained,complaint,charge_issue,none,0,@USER @USER @USER @USER 2000रूपये के लिए यह कंपनी बेईमानी धोखेबाजी कर लेती हे ऐसी तुछ ओछी हरकत मेरे साथ हुई हे मुझे अबreorderकरने के लिए कहा जा रहा हे ताकि मुझे अब10999की जगह12999देने पड़ेंगे इसी सोचीसमझी साजिस के तहत मेरेorderको बीच रास्ते से return कर लिया था ? URL,,
test-2813544,2813544,test,svm,message_context,en,easy,self_contained,complaint,delivered_wrong_location,delivery_delay,0,My @USER package was stolen today..,,
test-179430,179430,test,svm,message_context,en,hard,context_required,support_request,other_unclear,device_app_issue,0,@USER I need an urgent help??,,
test-2162437,2162437,test,svm,message_context,en,medium,self_contained,complaint,product_return_and_replacement,delivery_delay,0,@USER you guys damage a package in transit &amp; then ask me to reorder the whole thing &amp; wait for another 10 days for delivery?!,,
test-2942015,2942015,test,svm,message_context,en,medium,self_contained,unknown,cancellation,delivery_delay,0,"@USER @USER I've bought a G5s Plus already for a family member. Will my order, if placed, for another one for personal use be cancelled now?",,
test-414010,414010,test,svm,message_context,ja,easy,self_contained,complaint,delivery_delay,order_status_query,0,Amazonで頼んだやつかれこれ２週間待ってる( ˙-˙ )←遅いなぁ....,,
test-1308262,1308262,test,svm,message_context,en,medium,self_contained,complaint,delivered_wrong_location,other_unclear,0,What the heck is this @USER. Inexcusable! Packages from other floors in my office building just sitting there in the hallway of 4th floor URL,,
test-2939131,2939131,test,svm,message_context,de,medium,context_helpful,unknown,none,device_app_issue,0,"@USER Ist ein Kontakt auch als Firmenkunde möglich wenn man nicht der eingetragene Ansprechpartner, sondern nur ausführender Sachbearbeiter ist?",,
test-1968370,1968370,test,svm,message_context,en,medium,context_helpful,complaint,cancellation,delivery_delay,0,@USER My order showing cancelled...What the hell?,,
val-71873,71873,val,svm,message_context,en,hard,context_helpful,complaint,service_complaint_escalation,account_access,0,"@USER @USER @USER @USER @USER No Resolution yet. Haha, I am getting a email on 1st December 2017 for an pickup of 28th November. For Amazon time will go in reverse and they will come to me on 28th November 2017 for pickup. #greatfun URL",,
val-471605,471605,val,svm,message_context,ja,easy,self_contained,complaint,delivered_wrong_location,order_status_query,0,Amazonで北海道に荷物頼んだらなぜか島根県へと配送されていた…,,
val-1655018,1655018,val,svm,message_context,en,hard,context_required,clarification,none,other_unclear,0,@USER tell me what detail do you need? URL,,
val-218049,218049,val,svm,message_context,en,medium,self_contained,support_request,device_app_issue,service_complaint_escalation,0,Why can't I pre order @USER @USER on @USER app the @USER one isn't showing up #Wrestling #2K18 #XBoxOne,,
val-2828095,2828095,val,svm,message_context,fr,easy,self_contained,complaint,product_return_and_replacement,account_access,0,@USER Je viens de recevoir un colis et le livre est arrivé en mauvais état. Est ce normal ? @USER URL,,
val-719853,719853,val,svm,message_context,en,easy,self_contained,acknowledgement,none,none,1,good job @USER URL,,
val-1103613,1103613,val,svm,message_context,en,easy,self_contained,complaint,delivered_but_not_received,delivery_delay,0,why would @USER say the package was delivered if it wasn't?,,
val-2472404,2472404,val,svm,message_context,en,easy,self_contained,support_request,product_return_and_replacement,service_complaint_escalation,0,"@USER hi there! i've got two items to return, and the amazon locker reservation time on one of them has expired- can i just put them both in one box in the locker space i still have available? if not, how do i go about getting a new locker space reservation? thanks!",,
val-437366,437366,val,svm,message_context,en,easy,self_contained,complaint,delivered_wrong_location,delivered_but_not_received,0,@USER My Mobile delivered to someone else.Waste of choosing 2day delivery.No response from CustomerCare.Feeling insecure to pay online,,
val-980000,980000,val,svm,message_context,ja,medium,context_helpful,unknown,none,delivered_but_not_received,0,@USER メルアドを登録し忘れててたのですが コンビニで支払う11桁の支払番号は 注文履歴で確認することはできますか？,,
val-2567029,2567029,val,svm,message_context,en,easy,self_contained,complaint,none,delivery_delay,0,Ordered a Christmas brooch from @USER for same day posting...came literally after i've had my dinner. My only complaint is...why does the package box need to be so big? Thought we were trying to save the environment. URL,,
val-1780206,1780206,val,svm,message_context,en,easy,self_contained,unknown,none,service_complaint_escalation,0,@USER Is there a way to restrict one amazon echo to one specific person in the household?,,
val-2360502,2360502,val,svm,message_context,en,hard,context_required,follow_up,none,service_complaint_escalation,0,@USER I've shared my contact details and the problems which I faced (In detail). Waiting for your response... URL,,
val-1394424,1394424,val,svm,message_context,en,hard,self_contained,complaint,other_unclear,delivery_delay,0,"@USER @USER Order# 407-8361283-2219545 . Your delivery agent telephoned us and asked to ""come and collect the parcel """,,
val-2416355,2416355,val,svm,message_context,en,medium,self_contained,complaint,service_complaint_escalation,delivery_delay,0,@USER &amp; @USER I had to struggle a lot to find the option to contact/chat regarding my order. Not a user friendly experience :(,,
val-167910,167910,val,svm,message_context,fr,easy,self_contained,unknown,none,none,1,"@USER Entre nous, la Switch ne descendra pas en dessous de 292€, même pour le black friday ou le cyber monday, pas vrai? Que je sache si je dois me jeter dessus maintenant et prendre les jeux en boutique (cheques cadeaux ftw!)",,
val-2208276,2208276,val,svm,message_context,en,hard,context_required,follow_up,delivery_delay,none,0,"@USER @USER Happened to me, too. Gotta wait until the 13th to play it.",,
val-502468,502468,val,svm,message_context,es,easy,self_contained,unknown,none,account_info_update,0,"Ey @USER, estaría bien que tanto en la app como en la web tuviérais un apartado de novedades, para ver lo que vais incluyendo en vuestro catálogo. Da cosa enterarse por otras personas o por casualidad.",,
val-2596396,2596396,val,svm,message_context,en,medium,context_helpful,complaint,service_complaint_escalation,service_complaint_escalation,1,@USER Alrdy done,,
val-858760,858760,val,svm,message_context,en,easy,self_contained,complaint,service_complaint_escalation,service_complaint_escalation,1,"As an event design company, we spend $$$ with @USER every year. Why can't we post reviews &amp; ask questions in the @USER community. Sick of waiting for your Call! FIX IT!",,
val-764802,764802,val,svm,message_context,en,medium,self_contained,complaint,delivered_wrong_location,delivery_delay,0,"Dear twatty courier for @USER who thought it would be a good idea to leave my uni books in cardboard in the rain, you're an utter wanker.",,
val-2516925,2516925,val,svm,message_context,ja,medium,self_contained,complaint,device_app_issue,delivered_but_not_received,0,@USER iPadのwebからほしい物リストに追加すると勝手に買い物かごに追加されてしまいます。ブラウザはchromeです。修正お願いします。,,
val-275517,275517,val,svm,message_context,ja,easy,self_contained,acknowledgement,none,account_access,0,Amazon届いた⋆⸜(* ॑꒳ ॑* )⸝ﾋﾟｮﾝﾋﾟｮﾝ 買いまくってしまったイエベ秋似合うという化粧品⋆⸜(* ॑꒳ ॑* )⸝ﾋﾟｮﾝﾋﾟｮﾝ とずっと気になってたケイトのブルーグロス⋆⸜(* ॑꒳ ॑* )⸝ﾋﾟｮﾝﾋﾟｮﾝ URL,,
val-2571862,2571862,val,svm,message_context,en,easy,context_helpful,acknowledgement,none,none,1,@USER Will do. Thanks.,,
val-204928,204928,val,svm,message_context,ja,easy,context_helpful,acknowledgement,none,delivered_but_not_received,0,Amazonプライムミュージックにドリカムが入ってるのを発見！JBLに繋いで大音量でお掃除♪♪♪ URL,,
val-840845,840845,val,svm,message_context,ja,hard,self_contained,complaint,product_return_and_replacement,order_status_query,0,アマゾンで頼んだバラストが初期不良で新しい物を送ってくれって言ったら中国直送で2週間かかるとか言われたんだけど、 そろそろかなと思って確認しに行ったら受取人不明で返送されたとか言われたんだけど どうしてくれる（怒）,,
val-1453811,1453811,val,svm,message_context,de,medium,self_contained,follow_up,delivery_delay,order_status_query,0,"@USER hallo, Paket sollte gestern (Feiertag) zugestellt worden sein. Ortung des Pakets ist ca 40-50 km von mir weg. Was kann ich tun?",,
val-2052149,2052149,val,svm,message_context,en,easy,self_contained,acknowledgement,none,other_unclear,0,@USER Done! Thanks,,
val-382580,382580,val,svm,message_context,fr,medium,self_contained,follow_up,delivered_but_not_received,none,0,Énième souci avec une commande @USER dont le colis a été retourné à l’expéditeur suite à une erreur de tri. Cmt vous contacter ?,,
val-215983,215983,val,svm,message_context,en,easy,self_contained,acknowledgement,none,none,1,@USER Just wanted to say thank you for your fast responses. Amazon is the best.,,
golden_all-2814438,2814438,golden_all,svm,message_context,es,hard,context_helpful,complaint,account_access,delivered_wrong_location,0,@USER Ya lo he intentado. Me llego un mail pidiendo que les envie un fax.. les mande el fax con el resumen de la tarjeta y mi cuenta continua bloqueada! NECESITO AYUDA @USER,,
golden_all-2694949,2694949,golden_all,svm,message_context,en,hard,self_contained,complaint,account_access,delivery_delay,0,I tried @USER prime years ago for 30 days before the student offer or music service existed but now I'm unable to trial it but keeps being displayed on homepage.,,
golden_all-519702,519702,golden_all,svm,message_context,en,hard,context_helpful,complaint,account_access,charge_issue,0,@USER I just want my psn codes so me and my friends can download and play a game tonight. After I get those I'll never bother you again.,,
golden_all-2853614,2853614,golden_all,svm,message_context,en,easy,self_contained,support_request,cancellation,service_complaint_escalation,0,"@USER Hi, I made an order and it went straight to cancelled! How can I un-cancel? I bought these on blackfriday.",,
golden_all-1955907,1955907,golden_all,svm,message_context,en,hard,context_required,follow_up,charge_issue,charge_issue,1,@USER URL,,
golden_all-616914,616914,golden_all,svm,message_context,en,hard,context_helpful,follow_up,charge_issue,charge_issue,1,@USER Same card. Most orders are paid with gift vouchers. You say it’s because I’m buying others say it’s because I sell. No one can give me a straight answer. I currently have 4 £1 trans in my account.,,
golden_all-197857,197857,golden_all,svm,message_context,en,hard,context_helpful,complaint,charge_issue,service_complaint_escalation,0,@USER It is your responsibility to bar sellers like these on your platform. An increase in 1300 rupees is criminal.,,
golden_all-1845984,1845984,golden_all,svm,message_context,en,hard,context_helpful,follow_up,charge_issue,device_app_issue,0,@USER But I have already activated the card?,,
golden_all-1568158,1568158,golden_all,svm,message_context,en,hard,context_helpful,complaint,charge_issue,delivered_but_not_received,0,@USER And I have another one too this one's actual MRP is Rs. 525/ Frontech 700 MB 5001 FC BLANK CD-R- 50 Pcs URL,,
golden_all-834216,834216,golden_all,svm,message_context,en,hard,context_helpful,clarification,delivered_but_not_received,delivery_delay,0,@USER AMZL US,,
golden_all-2798309,2798309,golden_all,svm,message_context,en,hard,context_required,follow_up,delivered_but_not_received,delivery_delay,0,"@USER Sure, the thing is that I saw notified that my package arrived and this photo came with the notification. URL",,
golden_all-689484,689484,golden_all,svm,message_context,en,medium,context_helpful,complaint,delivered_but_not_received,delivery_delay,0,Did @USER really just not deliver my package and instead of taking responsibilty they ask me to contact usps and file a police report!? Really? After years of being a prime member I am glad to have cancelled my membership smh,,
golden_all-1242242,1242242,golden_all,svm,message_context,en,hard,context_helpful,complaint,delivered_but_not_received,charge_issue,0,@USER Your customer service is the worst first they investigated the wrong item then they thought I got someone else’s package now they say I,,
golden_all-1578555,1578555,golden_all,svm,message_context,de,hard,context_helpful,complaint,delivered_wrong_location,device_app_issue,0,@USER @USER Same here. Amazon hat mich auch im Stich gelassen heute :(,,
golden_all-2284883,2284883,golden_all,svm,message_context,en,hard,context_helpful,complaint,delivered_wrong_location,delivery_delay,0,"@USER Wasn’t my order, it was my neighbors. No idea what his name is. Not trying to tattle. Just pointing out you aren’t hiring the best, most trustworthy people to justify the key service here.",,
golden_all-2170818,2170818,golden_all,svm,message_context,en,hard,context_required,follow_up,delivery_delay,delivered_but_not_received,0,@USER @USER ??,,
golden_all-842315,842315,golden_all,svm,message_context,fr,hard,context_helpful,clarification,delivery_delay,delivered_but_not_received,0,"@USER Transporteur : Amazon Logistics, n° de suivi CA0002376203",,
golden_all-2171079,2171079,golden_all,svm,message_context,en,medium,self_contained,complaint,delivery_delay,delivery_delay,1,Sound een pre-ordering a game from @USER only to have it not show up when it's supposed to. Could have just went to the fucking shops for it if I knew it wasn't going to be delivered today 🙃,,
golden_all-2785904,2785904,golden_all,svm,message_context,en,medium,context_helpful,complaint,delivery_delay,refund_request,0,"@USER No one seems sure. Cust service said ""hopefully"" it will arrive tomorrow.",,
golden_all-1379340,1379340,golden_all,svm,message_context,it,medium,self_contained,support_request,device_app_issue,none,0,@USER @USER C'è speranza di avere l'app #PrimeVideo sul Sony UHP-H1?,,
golden_all-227064,227064,golden_all,svm,message_context,ja,medium,self_contained,support_request,device_app_issue,order_status_query,0,AmazonリーディングってこれKindleのアプリからいけねぇのか？,,
golden_all-1645512,1645512,golden_all,svm,message_context,en,hard,context_helpful,complaint,device_app_issue,delivery_delay,0,@USER I'm having it on the full site and the mobile site on all browsers. I don't use the app. Shopping works...I just can't buy.,,
golden_all-2497106,2497106,golden_all,svm,message_context,en,medium,context_helpful,complaint,device_app_issue,none,0,"@USER @USER @USER @USER @USER @USER @USER @USER @USER Given that the app is launched in India, I was hoping that English(India) language would also be available to choose 😕",,
golden_all-487688,487688,golden_all,svm,message_context,fr,medium,context_helpful,acknowledgement,none,none,1,"Mieux vaut tard que jamais... Commandé dimanche avec #AmazonPrime, reçu vendredi avec @USER! Cc @USER URL",,
golden_all-1451501,1451501,golden_all,svm,message_context,pt,medium,context_helpful,acknowledgement,none,charge_issue,0,"@USER Como foi minha primeira compra, eu comprei 2 (use a cabeça c E linux a bíblia), mas já estou fazendo a lista das próximas compras",,
golden_all-787658,787658,golden_all,svm,message_context,es,medium,context_helpful,acknowledgement,none,account_info_update,0,@USER ¡Gracias todo resuelto!,,
golden_all-893308,893308,golden_all,svm,message_context,pt,hard,context_helpful,unknown,none,none,1,"Atualizando meu @USER e quais são meus maiores gastos do mês? Sim meus caros, @USER , claro.",,
golden_all-2254596,2254596,golden_all,svm,message_context,it,easy,context_helpful,acknowledgement,none,delivered_but_not_received,0,"@USER Grazie, buonanotte 😊",,
golden_all-426141,426141,golden_all,svm,message_context,es,medium,self_contained,acknowledgement,none,charge_issue,0,"Cualquier día antes de que decida en pedir algo en @USER ,me ha llegado Dios que velocidad 😃😃",,
golden_all-816342,816342,golden_all,svm,message_context,it,hard,self_contained,unknown,none,account_access,0,#AmazonIndia URL,,
golden_all-2586341,2586341,golden_all,svm,message_context,ja,medium,self_contained,acknowledgement,none,order_status_query,0,アマゾンプライムミュージック入れたが、ペルソナだけで年会費の価値超えててすげぇ……,,
golden_all-365605,365605,golden_all,svm,message_context,fr,medium,context_helpful,acknowledgement,none,delivered_but_not_received,0,"@USER je viens de recevoir, désolé pour le dérangement",,
golden_all-2472354,2472354,golden_all,svm,message_context,ja,medium,context_helpful,acknowledgement,none,delivered_but_not_received,0,@USER これから特典たくさん利用したいと思ってます！ わざわざリプライありがとうございます！☺️,,
golden_all-1033752,1033752,golden_all,svm,message_context,de,medium,context_helpful,acknowledgement,none,device_app_issue,0,"@USER Genau JETZT kam die Mail, dass mein Paket gleich ankommt. 👍 Danke für den tollen Kundenservice und die immer zügigen Antworten!",,
golden_all-1738390,1738390,golden_all,svm,message_context,ja,medium,self_contained,acknowledgement,none,account_access,0,Amazonで頼んだやつ来たーーー！！ 😈ｷﾞﾗﾝ そして俺の姉達はもうクリスマス🎅気分w←ついこの間ハロウィン🎃終わったばかりなのに､､､ww URL,,
golden_all-2151072,2151072,golden_all,svm,message_context,ja,easy,context_helpful,acknowledgement,none,cancellation,0,@USER あ、ありがとうございます🙇‍♀️,,
golden_all-1130527,1130527,golden_all,svm,message_context,en,hard,context_helpful,support_request,order_status_query,delivered_but_not_received,0,@USER Invoice no: TN-MAA4-__credit_card__,,
golden_all-2149534,2149534,golden_all,svm,message_context,en,hard,context_helpful,complaint,order_status_query,delivery_delay,0,"@USER Ok but when placing an order, your site always tells you if the item is eligible for P.O. box delivery or not. My order was processed and went through with no issues",,
golden_all-2609965,2609965,golden_all,svm,message_context,fr,hard,context_helpful,complaint,other_unclear,account_access,0,Bonjour @USER je viens de recevoir mon colis que j’avais demandé à être envoyé dans un colis Amazon pour cacher les informations du produit or ce n’est pas le cas. Pourquoi ? Amazon de moins en moins satisfaisant...,,
golden_all-2909124,2909124,golden_all,svm,message_context,en,hard,context_helpful,complaint,other_unclear,service_complaint_escalation,0,I love @USER but really?? You mailed this at Christmas without putting it in a plain box???? My kids saw it outside when they got off the bus! #christmasruined URL,,
golden_all-582649,582649,golden_all,svm,message_context,en,hard,context_helpful,follow_up,product_return_and_replacement,device_app_issue,0,@USER *occassion,,
golden_all-835153,835153,golden_all,svm,message_context,en,easy,self_contained,complaint,product_return_and_replacement,delivered_but_not_received,0,I bought a captain America T-shirt from @USER and they sent me Rupa baniyan #AccheDin ? @USER URL,,
golden_all-2679197,2679197,golden_all,svm,message_context,en,hard,context_required,follow_up,product_return_and_replacement,refund_request,0,@USER @USER Amazon is not supposed to take returns of our item. Did they replace it for you?,,
golden_all-694411,694411,golden_all,svm,message_context,en,medium,context_helpful,follow_up,product_return_and_replacement,delivery_delay,0,@USER I did !! Request you to please give me the email address on which i can fwd you the video.,,
golden_all-972720,972720,golden_all,svm,message_context,en,hard,context_required,follow_up,refund_request,refund_request,1,"#KaroMilkeTayyari for superb discounts on superb brands at #AmazonGreatIndianFestival. Ready with your wish-lists? Hurry, only 3 days to go. URL",,
golden_all-232399,232399,golden_all,svm,message_context,fr,medium,self_contained,complaint,service_complaint_escalation,none,0,En fait #Amazonprime c'est surtout de la merde non? Ça existe un livreur qui fait son taf à Paris ou c'est une utopie? @USER @USER,,
golden_all-102915,102915,golden_all,svm,message_context,en,medium,context_helpful,complaint,service_complaint_escalation,none,0,@USER And this is your TR customer: URL,,
golden_all-2747122,2747122,golden_all,svm,message_context,en,easy,self_contained,complaint,service_complaint_escalation,service_complaint_escalation,1,Is it just me or has anyone else noticed that the @USER customer service has decreased recently?! They can barely speak English and I'm convinced I'm talking to a computer due to their automated responses.,,
golden_all-2521823,2521823,golden_all,svm,message_context,en,easy,self_contained,complaint,service_complaint_escalation,service_complaint_escalation,1,@USER Wow each email I get is worse. Clearly no one actually reads what you write to customer services!!,,
golden_all-1323314,1323314,golden_all,svm,message_context,en,medium,context_helpful,complaint,service_complaint_escalation,service_complaint_escalation,1,@USER Look what reply we get when we complain to Amazon..... URL,,
golden_all-1912145,1912145,golden_all,svm,message_context,en,medium,context_helpful,support_request,account_access,none,0,@USER - I am unable to order gifts for my husband or son because you display all purchases. Is there a way to secretly purchase so they can't see it? Maybe a password at a purchase level ?,,
golden_all-179205,179205,golden_all,svm,message_context,en,easy,context_helpful,complaint,account_access,delivery_delay,0,@USER Read the previous tweets - I can’t log in! This has been going on for a day now!!!,,
golden_all-2789138,2789138,golden_all,svm,message_context,en,hard,context_helpful,support_request,account_access,delivery_delay,0,Hello is there a way to check if I'm signed up to Prime? If so it's a mistake bc I can't afford the membership &amp; I noticed my packages are coming faster than expected. No complaints just can't afford Prime if charged @USER,,
golden_all-427799,427799,golden_all,svm,message_context,en,medium,self_contained,support_request,account_info_update,refund_request,0,@USER can i pay with Amazon pay balance account for one year prime membership?? Plz reply,,
golden_all-22572,22572,golden_all,svm,message_context,en,medium,self_contained,support_request,cancellation,refund_request,0,@USER Ordered on 7 October 2017 Order# 403-7284574-6433108 not yet delivered. No way to cancel and get refund.,,
golden_all-2899649,2899649,golden_all,svm,message_context,en,medium,context_helpful,support_request,cancellation,none,0,"@USER Welp, that didn’t do anything. I’m just going to cancel the order - I don’t see why I should keep waiting while it’s literally sitting on store shelves. URL",,
golden_all-136922,136922,golden_all,svm,message_context,en,hard,context_helpful,complaint,cancellation,delivery_delay,0,@USER I am so upset I have just cancelled the whole order. Have you an email address I can write to you at. This is the first time I have ever received bad service from Amazon. He even brought me to tears,,
golden_all-880948,880948,golden_all,svm,message_context,en,hard,context_helpful,complaint,cancellation,delivered_but_not_received,0,@USER They act so bossy that they didn't even bother to make a call regarding the pickup Just a confirmation txt n thn later a cancellation txt,,
golden_all-650056,650056,golden_all,svm,message_context,en,hard,context_helpful,follow_up,cancellation,delivery_delay,0,"@USER Oh right, you can't do that. I would hurt @USER wallet after all. @USER good on you.",,
golden_all-1604096,1604096,golden_all,svm,message_context,en,hard,context_helpful,complaint,charge_issue,service_complaint_escalation,0,@USER And then they kindly dispersed the money in my ac to an ac they knew is closed.,,
golden_all-1218305,1218305,golden_all,svm,message_context,en,hard,context_helpful,complaint,charge_issue,charge_issue,1,"@USER took my hard earned money, used it &amp; now asking me to cancel order. But nt taking ny action on seller instead shielding them (2/2)",,
golden_all-1724691,1724691,golden_all,svm,message_context,en,easy,self_contained,support_request,charge_issue,charge_issue,1,@USER money debited from bank but isn’t credited to amazon pay balance please sew to this asap URL,,
golden_all-2612309,2612309,golden_all,svm,message_context,en,easy,self_contained,complaint,charge_issue,none,0,Woke up to see that my bank account was over drawn from something i didn’t even buy off amazon??? HAPPY FRIDAY 🙃🙃🙃🙃,,
golden_all-332434,332434,golden_all,svm,message_context,en,medium,context_helpful,complaint,charge_issue,delivery_delay,0,"@USER I don't get COD option for ur products.1st it shows that it is available but after proceeding for checkout,I can't get it.Why?",,
golden_all-895946,895946,golden_all,svm,message_context,en,medium,context_helpful,complaint,charge_issue,service_complaint_escalation,0,"@USER I know cart prices aren’t set in stone. But like, it went from on sale to more than the regular price. It’s not a cute look.",,
golden_all-1109519,1109519,golden_all,svm,message_context,en,medium,context_helpful,complaint,delivered_but_not_received,refund_request,0,"@USER No, they haven't. They routinely mark packages as delivered before delivery is attempted, and sometimes the packages never arrive at all.",,
golden_all-1423023,1423023,golden_all,svm,message_context,en,medium,context_helpful,complaint,delivered_but_not_received,delivery_delay,0,"@USER Have also had deliveries when courier claimed to have delivered, but put it back in the van and ended up back at the depot.",,
golden_all-2289844,2289844,golden_all,svm,message_context,en,easy,self_contained,complaint,delivered_but_not_received,delivery_delay,0,@USER The delivery agent says he will deliver the package later but he updates the status saying delivered directly to customer .. URL,,
golden_all-1220925,1220925,golden_all,svm,message_context,en,medium,context_helpful,complaint,delivered_but_not_received,delivery_delay,0,@USER Why to hear you do nothing again?,,
golden_all-2532842,2532842,golden_all,svm,message_context,en,hard,context_helpful,complaint,delivered_but_not_received,delivery_delay,0,@USER can someone contact me ASAP re an undelivered parcel.2 weeks &amp; still no joy.DPD said speak to you. Totally fed up right now!,,
golden_all-380695,380695,golden_all,svm,message_context,en,medium,context_helpful,follow_up,delivered_but_not_received,none,0,@USER I'll have to do that later this morning. Absolutely infuriating,,
golden_all-482351,482351,golden_all,svm,message_context,en,hard,context_helpful,complaint,delivered_but_not_received,none,0,@USER I received my order but part of it is missing but my account say it's delivered. Box was partly open. Parcel left in flower Box!!! Who do I contact? #xmaspresent,,
golden_all-533206,533206,golden_all,svm,message_context,en,hard,context_helpful,complaint,delivered_wrong_location,delivery_delay,0,"@USER Also, if I haven't specifically indicated that I want my parcel to be left in a ""safe place""... why is the delivery driver assuming my recycle bin is a safe place? It is visible from the street; is NOT in a garden; and if someone sees him putting it there, it can be stolen!",,
golden_all-149199,149199,golden_all,svm,message_context,en,medium,context_helpful,complaint,delivered_wrong_location,delivery_delay,0,"@USER I don’t know about the item as it is not my parcel to open, it is my partners. It is unacceptable to force drivers to leave parcels in unsafe positions!",,
golden_all-2283511,2283511,golden_all,svm,message_context,en,easy,self_contained,complaint,delivered_wrong_location,none,0,"Amazon seems to have forgotten how to deliver to my address so here I am waiting on 5 packages that all say ""delivery attempted"" TO THE WRONG AREA",,
golden_all-2594956,2594956,golden_all,svm,message_context,en,hard,context_helpful,complaint,delivered_wrong_location,device_app_issue,0,"@USER I hope my pkg was not in there. Ste-Catherine Montreal, unlocked doors, windows open #unattendedpackages #intelcom #badcourrier URL",,
golden_all-1727624,1727624,golden_all,svm,message_context,en,easy,self_contained,support_request,delivered_wrong_location,service_complaint_escalation,0,How to contact @USER about a stolen package? Website not user friendly requesting support. Unique situation would like to chat about.,,
golden_all-458877,458877,golden_all,svm,message_context,en,medium,context_helpful,complaint,delivery_delay,delivery_delay,1,@USER No. Status still “arriving by 8pm today” (9 minutes from now) but no sign of shipment and no tracking number. URL,,
golden_all-142833,142833,golden_all,svm,message_context,en,medium,context_helpful,follow_up,delivery_delay,delivery_delay,1,@USER Order history is useless and just telling me it's out for delivery or due to be delivered. I've followed up once again by email,,
golden_all-1116569,1116569,golden_all,svm,message_context,en,easy,self_contained,complaint,delivery_delay,delivery_delay,1,"I bought something on @USER, paid extra for 1 day shipping and it isn’t here. Who do I complain to? @USER",,
golden_all-515245,515245,golden_all,svm,message_context,en,easy,self_contained,complaint,delivery_delay,delivery_delay,1,@USER My package was supposed to arrive Wednesday.Its friday. Still NOT here. So much for being a prime member!!!!,,
golden_all-2447788,2447788,golden_all,svm,message_context,en,easy,self_contained,complaint,delivery_delay,delivery_delay,1,"@USER I placed an order with Amazon.in on October 17th and the money got deducted the same day. The order was supposed to deliver on 31st October, but it is 14th Nov today and I still have not received the product. Where is my stuff @USER ?",,
golden_all-2960467,2960467,golden_all,svm,message_context,en,medium,context_helpful,complaint,delivery_delay,delivery_delay,1,Would really like to know why @USER is taking so long to deliver my package from @USER 😑 two day prime delivery is turning into a week now..... 😒 I could have driven to TN and picked it up myself faster.,,
golden_all-1311577,1311577,golden_all,svm,message_context,en,medium,self_contained,follow_up,delivery_delay,delivery_delay,1,So where is it then? I wouldn't mind it being a day late if I was notified @USER URL,,
golden_all-608064,608064,golden_all,svm,message_context,en,medium,context_helpful,follow_up,delivery_delay,delivery_delay,1,"@USER Sorry, the last picture was the shipment confirmation email. This one is the original order email, which also shows 11/20 as the delivery date URL",,
golden_all-2967623,2967623,golden_all,svm,message_context,en,medium,context_helpful,complaint,delivery_delay,delivery_delay,1,"@USER @USER I just want my package to arrive the day they promised! Been sitting around my house, today is day 2, waiting......! Still doesn't even show out for delivery - I even paid for 3day delivery!",,
golden_all-2528270,2528270,golden_all,svm,message_context,en,medium,context_helpful,complaint,delivery_delay,delivery_delay,1,@USER seems like all the one day shipping for items has vanished and is two day only,,
golden_all-2683519,2683519,golden_all,svm,message_context,en,hard,context_helpful,complaint,delivery_delay,delivery_delay,1,"@USER @USER @USER it's frustrating that a package from Prime Pantry shows as ""delivered"" when it really means it's sitting at the US Post Office whose hours are impossible to visit for any person working a full time job...",,
golden_all-1192307,1192307,golden_all,svm,message_context,en,easy,self_contained,complaint,delivery_delay,charge_issue,0,"so @USER are fibbers. I saw the delivery van pull up in our car park yesterday just before 5pm, then they drove off...",,
golden_all-2780552,2780552,golden_all,svm,message_context,en,medium,context_helpful,follow_up,delivery_delay,delivery_delay,1,"""helping us build Earth's Most Customer-Centric Company"" @USER is there an amendement to this vision which excludes me? Just been told to wait another 24 hours because you've misplaced my delivery (again!).",,
golden_all-2824739,2824739,golden_all,svm,message_context,en,easy,self_contained,complaint,delivery_delay,charge_issue,0,"I think @USER @USER may want to look into the definition one ""one day delivery"" URL",,
golden_all-2913230,2913230,golden_all,svm,message_context,en,easy,self_contained,follow_up,delivery_delay,charge_issue,0,"@USER hi, I ordered a few Prime items on Monday, but they all say arriving Thursday. I thought it was 2 day shipping.... why the delay? Nothing has shipped yet and I thought they'd be here by tomorrow",,
golden_all-1218249,1218249,golden_all,svm,message_context,en,medium,context_helpful,follow_up,delivery_delay,delivery_delay,1,@USER Says there was a delay with shipping. The tracking number at UPS says this. (see photo) URL,,
golden_all-2003910,2003910,golden_all,svm,message_context,en,medium,context_helpful,follow_up,delivery_delay,delivery_delay,1,"@USER Well, since ""taken care of"" would have meant Friday delivery, that's unlikely.",,
golden_all-300514,300514,golden_all,svm,message_context,en,medium,context_helpful,complaint,delivery_delay,charge_issue,0,"Really glad I used prime @USER seems @USER are unable to honour the next day delivery 😡, glad I invest in prime",,
golden_all-322945,322945,golden_all,svm,message_context,en,medium,context_helpful,complaint,delivery_delay,delivery_delay,1,@USER Prime member should be given some preference and the items must be delivered within 2 days otherwise it is equal to a non prime member,,
golden_all-2954293,2954293,golden_all,svm,message_context,en,medium,context_helpful,complaint,delivery_delay,delivery_delay,1,@USER I don’t have time for that. That’s why I buy products on prime only. I work and go to school. I need prime to be a reliable service. Speed. Quality. Convenience. I don’t have time for stuff like this. I just won’t recommend your service.,,
golden_all-2664071,2664071,golden_all,svm,message_context,en,hard,context_helpful,complaint,delivery_delay,delivery_delay,1,"@USER Wrongly conceptualized add , bird's are being bullied Anyway Amazon is wowsome! Maintain this faith",,
golden_all-1210214,1210214,golden_all,svm,message_context,en,medium,self_contained,complaint,delivery_delay,delivery_delay,1,Has anyone had a package returned to @USER because @USER refused to deliver it? 😐,,
golden_all-86209,86209,golden_all,svm,message_context,en,easy,self_contained,complaint,delivery_delay,none,0,"Today is the twins’ 4th Birthday. This is their gift from us - ordered on Sunday with Amazon Prime. We were assured yesterday that it would arrive today but I have just received this message. I understand that these things happen, but I’m hoping you can work some magic @USER URL",,
golden_all-2192580,2192580,golden_all,svm,message_context,en,easy,self_contained,complaint,delivery_delay,delivery_delay,1,"You know you can't trust @USER marketplace if your order doesn't have any tracking info updates since it supposedly left origin facility. It was supposed to arrive yesterday. Last time was a nightmare enough, this time isn't looking much better. Thanks for the sub-par service.",,
golden_all-1406593,1406593,golden_all,svm,message_context,en,medium,context_helpful,complaint,delivery_delay,none,0,@USER first weekend of prime... NOT IMPRESSED.,,
golden_all-1570766,1570766,golden_all,svm,message_context,en,medium,context_helpful,follow_up,delivery_delay,delivery_delay,1,@USER Do you have any update here?,,
golden_all-1389974,1389974,golden_all,svm,message_context,en,medium,context_helpful,follow_up,delivery_delay,delivery_delay,1,@USER not impressed by your driver leaving my door within 6 seconds of knocking Despite my note explaining I've just had spine surgery!,,
golden_all-1399860,1399860,golden_all,svm,message_context,en,medium,context_helpful,acknowledgement,delivery_delay,refund_request,0,@USER Thank u so much.. Kindly Arrange to provide my parcel.. Thank u so much,,
golden_all-1335118,1335118,golden_all,svm,message_context,en,medium,context_helpful,follow_up,delivery_delay,delivery_delay,1,"@USER We needed it for a trip we are leaving on tonight, now we will not have it.",,
golden_all-999138,999138,golden_all,svm,message_context,en,medium,context_helpful,complaint,delivery_delay,delivery_delay,1,@USER £70 a year membership for prime to be let down like this!! Will be cancelling my subscription as it's just not worth the hassle!! URL,,
golden_all-2852150,2852150,golden_all,svm,message_context,en,medium,context_helpful,follow_up,delivery_delay,delivered_wrong_location,0,I'll go sit at the door for the next 8min then? @USER @USER URL,,
golden_all-2890574,2890574,golden_all,svm,message_context,en,medium,context_helpful,complaint,delivery_delay,delivery_delay,1,".@USER 3 years ago when something said #PRIME and I ordered it, it arrived in 2 days, this last year it is a lucky day to get something in 2 days, The service has gone 2 shit, it's so unreliable, You should knock prime membership in half, it's bogus at the moment #AMAZON",,
golden_all-1420099,1420099,golden_all,svm,message_context,en,medium,context_helpful,complaint,delivery_delay,refund_request,0,@USER ordered three items from amazon and all of their delivery dates kept getting pushed back and back and back. Not happy 😤,,
golden_all-550560,550560,golden_all,svm,message_context,en,easy,self_contained,complaint,delivery_delay,charge_issue,0,@USER I have a Prime membership. Quite often the 1 or 2 day shipping that I've selected doesn't arrive until 3-5+ days later. I thought shipping time was supposed to be from when you order the item? What's with missing the date so often?,,
golden_all-673242,673242,golden_all,svm,message_context,en,medium,context_helpful,follow_up,delivery_delay,none,0,@USER That was a joke lol. But my order IS late — i contacted amazon and they said that it’d be here by tomorrow so let’s see,,
golden_all-1193931,1193931,golden_all,svm,message_context,en,medium,context_helpful,follow_up,delivery_delay,delivered_wrong_location,0,@USER Amazon logistics is the carrier. Got disconnected while holding the first time around. Not clear if delivery is tmrw or delayed further.,,
golden_all-2731105,2731105,golden_all,svm,message_context,en,easy,self_contained,complaint,delivery_delay,refund_request,0,@USER One of my orders will be delivered tomorrow when I paid for delivery today.,,
golden_all-1587374,1587374,golden_all,svm,message_context,en,easy,self_contained,complaint,delivery_delay,delivery_delay,1,@USER i recently purchased an item from your website its scheduled to come on November 3rd at 8pm and i still havent received my order?,,
golden_all-2296826,2296826,golden_all,svm,message_context,en,medium,context_helpful,follow_up,delivery_delay,delivery_delay,1,@USER Not sure but I think it's because Royal Mail doesn't deliver today. No idea why it wasn't delivered yesterday. I don't have the detail- a family member ordered it for me.,,
golden_all-1229688,1229688,golden_all,svm,message_context,en,medium,context_helpful,complaint,device_app_issue,none,0,"The all-new Kindle app is built for book lovers, with everything you need in one place. Learn more: URL URL",,
golden_all-26958,26958,golden_all,svm,message_context,en,easy,self_contained,support_request,device_app_issue,none,0,"@USER Good morning. Is the Alexa App down? It’s timing out here in London, UK.",,
golden_all-2378990,2378990,golden_all,svm,message_context,en,hard,context_helpful,complaint,device_app_issue,service_complaint_escalation,0,@USER @USER when I ask Alexa this price it says it’s $23.48 URL,,
golden_all-1384330,1384330,golden_all,svm,message_context,en,hard,context_helpful,complaint,device_app_issue,none,0,@USER is there anything wrong with payment on the amazon app today . Seeing this for sometime URL,,
golden_all-2523357,2523357,golden_all,svm,message_context,en,medium,context_helpful,follow_up,device_app_issue,none,0,@USER Thank you for your quick reply! I have a first gen.,,
golden_all-1766849,1766849,golden_all,svm,message_context,en,medium,context_helpful,support_request,device_app_issue,none,0,@USER Fire stick is broke getting new remote second time app is on an android box.,,
golden_all-2847379,2847379,golden_all,svm,message_context,en,medium,context_helpful,complaint,device_app_issue,none,0,"@USER At this time we CANNOT choose the language it is asking for, its under this tab in settings URL",,
golden_all-2569705,2569705,golden_all,svm,message_context,en,easy,self_contained,complaint,device_app_issue,refund_request,0,"@USER Timing out across the board today, any idea on when things will be back up? URL",,
golden_all-350494,350494,golden_all,svm,message_context,en,medium,context_helpful,complaint,device_app_issue,device_app_issue,1,@USER selling Echo devices without Alexa app for India.. how am I to use it at all!? Where is Alexa?,,
golden_all-1464161,1464161,golden_all,svm,message_context,en,medium,context_helpful,complaint,device_app_issue,device_app_issue,1,@USER @USER @USER update: episode still unavailable. I think you're the people who update me. Not vice versa? 🔮,,
golden_all-1943693,1943693,golden_all,svm,message_context,en,easy,context_helpful,acknowledgement,none,delivered_but_not_received,0,@USER Yes i have shared the whole concern,,
golden_all-2611658,2611658,golden_all,svm,message_context,en,easy,context_helpful,acknowledgement,none,delivery_delay,0,@USER Thanks! Got the package at 1.30 :D,,
golden_all-309233,309233,golden_all,svm,message_context,en,easy,self_contained,acknowledgement,none,none,1,Thanks @USER for the new cat bed. Velho loves it! #floof #CatsOfTwitter URL,,
golden_all-2111184,2111184,golden_all,svm,message_context,en,easy,self_contained,acknowledgement,none,delivery_delay,0,"@USER Wow, that's was an amazingly quick response!! Hats off",,
golden_all-174486,174486,golden_all,svm,message_context,en,easy,context_helpful,acknowledgement,none,other_unclear,0,@USER me hiciste muy feliz hoy! 😍,,
golden_all-2580464,2580464,golden_all,svm,message_context,en,medium,context_helpful,acknowledgement,none,charge_issue,0,"@USER @USER I ended up escalated to a new chat room and the guy was great. Too nice, really!",,
golden_all-2855145,2855145,golden_all,svm,message_context,en,medium,context_helpful,acknowledgement,none,none,1,"@USER Thanks so much for helping, @USER! It was definitely the sales tax!",,
golden_all-2384553,2384553,golden_all,svm,message_context,en,easy,self_contained,acknowledgement,none,none,1,New books are on their way!! Can’t stop looking at the @USER tracking screen though - hurry up new books. More coming next week 👏🏻👏🏻 URL,,
golden_all-1198549,1198549,golden_all,svm,message_context,en,easy,context_helpful,acknowledgement,none,delivery_delay,0,@USER @USER Nothing but respect for MY postal service 😤😤,,
golden_all-1204940,1204940,golden_all,svm,message_context,en,easy,context_helpful,acknowledgement,none,none,1,@USER @USER @USER Yes absolutely Right 💯 👍,,
golden_all-487699,487699,golden_all,svm,message_context,en,easy,context_helpful,acknowledgement,none,refund_request,0,@USER I made a mistake. I ordered on your .co.uk site not .com so i actually do have the orders i ordered. Sorry for any inconvenience caused.,,
golden_all-1181640,1181640,golden_all,svm,message_context,en,easy,context_helpful,acknowledgement,none,service_complaint_escalation,0,@USER Will do! Thank you so much!,,
golden_all-628261,628261,golden_all,svm,message_context,en,medium,context_required,clarification,none,delivery_delay,0,@USER I’m guessing by a marketplace seller? URL,,
golden_all-2931934,2931934,golden_all,svm,message_context,en,hard,context_helpful,unknown,none,none,1,@USER But I want I phone as a gift... On my birthday.. Don't want to purchase it,,
golden_all-2769011,2769011,golden_all,svm,message_context,en,medium,context_helpful,clarification,none,refund_request,0,"@USER No need to filled the form, I'm sharing you giving the registered email via direct message",,
golden_all-1707062,1707062,golden_all,svm,message_context,en,easy,context_helpful,acknowledgement,none,none,1,"@USER The guy who sent it to me already reached me, tracking number checks out, mystery solved. Thanks, though",,
golden_all-957126,957126,golden_all,svm,message_context,en,medium,context_helpful,clarification,none,none,1,@USER @USER I haven't tried again simce yesterday. I was using mine in US before bringing it here so maybe I'll have to check the location etc agai,,
golden_all-2389800,2389800,golden_all,svm,message_context,en,hard,self_contained,unknown,none,service_complaint_escalation,0,Every breath you take should be as pure as nature intended. Improve the quality of the air you breathe indoors with a wide range air purifiers to choose from on Amazon.in. Visit: URL URL,,
golden_all-2266765,2266765,golden_all,svm,message_context,en,medium,self_contained,support_request,none,none,1,"@USER hey guys, Do you have any upcoming sale? In looking forward to buy the Moto g5s+ and I'm short of little money. Can you help me out?",,
golden_all-1721707,1721707,golden_all,svm,message_context,en,medium,self_contained,complaint,order_status_query,charge_issue,0,when you pay extra for shipping for next day delivery through amazon prime but they didnt deliver it @USER URL,,
golden_all-646730,646730,golden_all,svm,message_context,en,medium,context_helpful,follow_up,order_status_query,charge_issue,0,@USER when will me scampi fries be getting dispatched? Should have been yesterday and still not been dispatched. I want fishy fingers. Cheers 😏👍,,
golden_all-2363235,2363235,golden_all,svm,message_context,en,medium,context_helpful,support_request,order_status_query,delivery_delay,0,"@USER So on the amazon website when I track my package it says that it just got to a warehouse near me and it is close, but on the usps site when I input my tracking number it says that they are still waiting to receive my items?",,
golden_all-2960026,2960026,golden_all,svm,message_context,en,medium,self_contained,follow_up,order_status_query,delivery_delay,0,@USER where’s my tv going... it came to my ups then back to Sacramento.... URL,,
golden_all-1105754,1105754,golden_all,svm,message_context,en,medium,self_contained,complaint,order_status_query,charge_issue,0,Order updates from @USER have timestamps from before the order was placed. Looks like they are GMT.,,
golden_all-1464285,1464285,golden_all,svm,message_context,en,easy,self_contained,support_request,order_status_query,refund_request,0,@USER @USER Order# 408-9863763-1429137 will my order be shipped or not?,,
golden_all-993935,993935,golden_all,svm,message_context,en,medium,context_helpful,follow_up,order_status_query,delivery_delay,0,@USER I also search redmi note4 didn't show your website.please help me,,
golden_all-832924,832924,golden_all,svm,message_context,en,medium,context_helpful,follow_up,order_status_query,delivery_delay,0,"@USER Yes, wc26th Oct. But if I click on the album it says in-stock and available for this weekend.",,
golden_all-2288190,2288190,golden_all,svm,message_context,en,medium,context_helpful,follow_up,order_status_query,delivery_delay,0,"@USER It would be nice to know if my order is shipping any time soon. I ordered 24 hours ago with same day delivery. The status has been not yet shipped all day. Was supposed to be here at 9 pm today, 1.5 hours ago.",,
golden_all-2374486,2374486,golden_all,svm,message_context,en,hard,self_contained,complaint,order_status_query,delivery_delay,0,@USER how can an order be “delivered by 8pm today” and “not yet shipped”?,,
golden_all-1397273,1397273,golden_all,svm,message_context,en,easy,self_contained,support_request,order_status_query,none,0,i want to buy echo spot when did it launch in india @USER @USER @USER @USER,,
golden_all-1755281,1755281,golden_all,svm,message_context,en,hard,context_helpful,support_request,other_unclear,delivery_delay,0,@USER so I got this email. But I don't shop with Amazon so it might be a spam? Thought I would let you people know anyway. URL,,
golden_all-467536,467536,golden_all,svm,message_context,en,hard,context_helpful,complaint,product_return_and_replacement,refund_request,0,@USER Not received the item. App is not upto the mark so did not get terms &amp; conditions clearly while placing order hence lost cashback offer also. Poor experience overall.,,
golden_all-1147828,1147828,golden_all,svm,message_context,en,hard,context_helpful,follow_up,product_return_and_replacement,refund_request,0,@USER I HAVE OPTED for no cost emi thats why i am doing follow ups... Otherwise i am not a free person to exchange tweets and mails with u,,
golden_all-2454046,2454046,golden_all,svm,message_context,en,easy,context_helpful,acknowledgement,product_return_and_replacement,delivered_but_not_received,0,@USER No idea 😂 I've started a return and reordered URL,,
golden_all-679025,679025,golden_all,svm,message_context,en,medium,context_helpful,support_request,product_return_and_replacement,none,0,Hi @USER I purchased the wrong colour kindle and forgot to tick u registered. Can I exchange for a different colour?,,
golden_all-2460750,2460750,golden_all,svm,message_context,en,easy,self_contained,complaint,product_return_and_replacement,other_unclear,0,@USER So I had ordered a Moto G5s and I got a Moto G5 plus. Please do something about it. Thank you URL,,
golden_all-2450570,2450570,golden_all,svm,message_context,en,easy,self_contained,complaint,product_return_and_replacement,none,0,amazon sent the wrong cases 😩🤦🏾‍♀️,,
golden_all-2608094,2608094,golden_all,svm,message_context,en,medium,context_helpful,support_request,product_return_and_replacement,delivery_delay,0,@USER if I got a product and it didn’t come with everything listed who would I contact to get the rest to the product ?,,
golden_all-982267,982267,golden_all,svm,message_context,en,easy,self_contained,complaint,product_return_and_replacement,delivery_delay,0,Wtf @USER ... I ordered an altitude mask and you sent me a ‘tutu’ ?!😂🤦🏼‍♂️ URL,,
golden_all-2291505,2291505,golden_all,svm,message_context,en,hard,context_helpful,support_request,product_return_and_replacement,service_complaint_escalation,0,@USER I have buy Nokia 6 from Amazon India. The phone's display has purple colour on right side of the display. I want to replace my phone but Amazon can't. What can I do ? Help ASAP.,,
golden_all-1018235,1018235,golden_all,svm,message_context,en,hard,context_helpful,complaint,product_return_and_replacement,service_complaint_escalation,0,"@USER Now amazon starts blackmailing customers by sending wrong product and when return req. placed,They says ship prdct back by urself",,
golden_all-1229460,1229460,golden_all,svm,message_context,en,hard,context_helpful,complaint,product_return_and_replacement,other_unclear,0,"Hey, @USER, this DVD is a fraud. It claims to be the lost 1917 Cleopatra but is really the 1912 version. URL",,
golden_all-2484077,2484077,golden_all,svm,message_context,en,easy,self_contained,complaint,product_return_and_replacement,delivery_delay,0,I payed good money for this cup that I received today in the post! I am deeply disappointed that it’s faulty #donotbuy @USER URL,,
golden_all-345473,345473,golden_all,svm,message_context,en,hard,context_helpful,complaint,product_return_and_replacement,none,0,Dear @USER You suck. We’ve had to replace one device already bc it keeps malfunctioning. The “new” one is malfunctioning too.,,
golden_all-676899,676899,golden_all,svm,message_context,en,hard,context_helpful,complaint,product_return_and_replacement,none,0,@USER why haven’t you fulfilled Lex Luthor’s order of a blue-ray copy of A league of their own? Amazon you have to stop doing an injustice to Lex he might start a league! #JusticeLeague,,
golden_all-18706,18706,golden_all,svm,message_context,en,medium,context_helpful,support_request,refund_request,refund_request,1,@USER U kindly refund the amount back .. I have sent back the product and I demand a refund for the same .never had such dissaponments wit amazon,,
golden_all-1436650,1436650,golden_all,svm,message_context,en,easy,self_contained,complaint,refund_request,refund_request,1,@USER shady service - trying to steal my money - promised a refund on delivery to hotel as didn't arrive as promised. Now told no refund!,,
golden_all-2712534,2712534,golden_all,svm,message_context,en,medium,context_helpful,support_request,refund_request,delivery_delay,0,"This is the second time Prime Now has delivered an order with missing items, and I can't find a way to request a refund in the app.",,
golden_all-1420491,1420491,golden_all,svm,message_context,en,medium,context_helpful,follow_up,refund_request,refund_request,1,@USER Yes i have sent my details via the form. I have cancelled the product and dont want to be associated with amazon refund my money to my CC,,
golden_all-915961,915961,golden_all,svm,message_context,en,medium,context_helpful,follow_up,refund_request,refund_request,1,@USER how would you justify blocking a customer’s number who’s awaiting a refund?,,
golden_all-2515914,2515914,golden_all,svm,message_context,en,medium,context_helpful,follow_up,refund_request,none,0,"@USER Yes on all three orders, then you kept arguing with me about how it wasn’t your fault and how you don’t have the resources to refund my Prime membership",,
golden_all-2217342,2217342,golden_all,svm,message_context,en,hard,context_helpful,complaint,refund_request,product_return_and_replacement,0,"@USER Yes, and now you are rejecting the claim but the seller is sketchy.",,
golden_all-1893565,1893565,golden_all,svm,message_context,en,medium,context_helpful,follow_up,service_complaint_escalation,none,0,@USER Nope...never received a call,,
golden_all-1763226,1763226,golden_all,svm,message_context,en,medium,context_helpful,complaint,service_complaint_escalation,refund_request,0,@USER Yes. I have also spent 8 hours on live chat.,,
golden_all-2573750,2573750,golden_all,svm,message_context,en,medium,context_helpful,complaint,service_complaint_escalation,refund_request,0,"@USER I've checked all of my folders. Like I said, the number in that link is the exact one I have called five times. I'm a Prime member who has been locked from their account for three weeks and have had nothing visible done to remedy this.",,
golden_all-1541879,1541879,golden_all,svm,message_context,en,medium,context_helpful,complaint,service_complaint_escalation,device_app_issue,0,@USER Look your cust service people just emailed to say they couldn’t deal with me because my email isn’t recognised. So unhelpful,,
golden_all-1415560,1415560,golden_all,svm,message_context,en,medium,context_helpful,complaint,service_complaint_escalation,device_app_issue,0,"@USER Yes, I'm talking to a representative again but I'm still super disappointed.. The call I made last night with you guys was useless",,
golden_all-334873,334873,golden_all,svm,message_context,en,medium,context_helpful,complaint,service_complaint_escalation,delivery_delay,0,@USER 6 years of shopping and never had an issue with CS until tonight. 10 mins later and no reply. URL,,
golden_all-272875,272875,golden_all,svm,message_context,en,medium,context_helpful,complaint,service_complaint_escalation,refund_request,0,"@USER I checked the link even on the desktop. There's no link given to contact support, that's why i am pinging you here.",,
golden_all-1537572,1537572,golden_all,svm,message_context,en,medium,context_helpful,complaint,service_complaint_escalation,charge_issue,0,"3/ @USER WHY IS IT SO HARD TO REPORT A SHIPPING PROBLEM? Yesterday I got the ""chat is too slow, please call"" option. Why no message/email?",,
golden_all-411902,411902,golden_all,svm,message_context,en,easy,self_contained,complaint,service_complaint_escalation,service_complaint_escalation,1,"I will NEVER use @USER @USER for my business ever again. Bad customer service, impolite, and impressionable",,
golden_all-1588773,1588773,golden_all,svm,message_context,en,easy,self_contained,complaint,service_complaint_escalation,service_complaint_escalation,1,"God damn it, but @USER is getting worse and worse and worse as time goes on. Maybe it's time to dump all @USER services and move on.",,
golden_all-2353843,2353843,golden_all,svm,message_context,en,medium,context_helpful,complaint,service_complaint_escalation,delivery_delay,0,@USER I am sorry but I would like to receive a phone call &amp; have this matter resolved asap! I have phoned 5 times now &amp; every time I get nothing. I am £90 down on an error on your part. This has been going on for almost 3 weeks now &amp; it’s time for you to actually do something.,,
golden_all-1136222,1136222,golden_all,svm,message_context,en,hard,context_helpful,complaint,service_complaint_escalation,refund_request,0,@USER Already send and call to 50 tym no proper response from ur side.. My neice birthday on 17 oct. Fake commitment 405-8158996-7018755oredr id,,
golden_all-1384189,1384189,golden_all,svm,message_context,en,easy,self_contained,complaint,service_complaint_escalation,service_complaint_escalation,1,"Bad experience , not a sense of customer Service or cost saving at all..... @USER #disappointed",,
golden_all-1746071,1746071,golden_all,svm,message_context,en,medium,context_helpful,complaint,service_complaint_escalation,delivery_delay,0,"@USER I don’t this information to be public, as it’s impossible to reach your customer care on phone. So either they should call me or reach item",,
golden_all-390810,390810,golden_all,svm,message_context,en,hard,context_helpful,complaint,service_complaint_escalation,none,0,@USER You must shut down your improper business. Now when the payment is done you're coming up with nasty excuses. Read the DM.,,
golden_all-2151408,2151408,golden_all,svm,message_context,en,medium,context_helpful,complaint,service_complaint_escalation,order_status_query,0,@USER doesn't provide way to claim #gst input credit for Business purchases. Even if I am giving all details they are denying this basic,,
golden_all-2216600,2216600,golden_all,svm,message_context,en,hard,context_helpful,complaint,service_complaint_escalation,service_complaint_escalation,1,@USER Dont trust Amazon India and @USER with any card cash back offers. They do not keep up to their promises!! Conveniently take 3 months so that customers forget about it!!! #FoolingPrimeCustomers,,
golden_all-1250967,1250967,golden_all,svm,message_context,en,hard,context_helpful,complaint,service_complaint_escalation,delivered_wrong_location,0,"Super disappointed in @USER lately. Lost packages, multiple wrong charges. What's the point of being prime 🙄🤔",,
golden_all-2447260,2447260,golden_all,svm,message_context,en,medium,context_helpful,complaint,service_complaint_escalation,refund_request,0,"@USER should only &amp; selectively use #USPS for certain deliveries since the majority of time your order isn't going to arrive as promised, thus defeating entire premise of #AmazonPrime This is about #logistics plain &amp; simple.",,
golden_all-1179639,1179639,golden_all,svm,message_context,en,hard,context_helpful,complaint,service_complaint_escalation,service_complaint_escalation,1,@USER was told to wait. Called you today. Told item has NOT been put in locker then told it HAD. Your agents can't keep up with their own lies.,,
golden_all-2245407,2245407,golden_all,svm,message_context,en,hard,context_helpful,complaint,service_complaint_escalation,charge_issue,0,@USER why my call gets dropped Kindly please check my call log and please take an appropriate actions Why my call dropped? In between URL,,
golden_all-886169,886169,golden_all,svm,message_context,en,hard,context_helpful,complaint,service_complaint_escalation,delivery_delay,0,@USER The email was terribly short with no direction expect “we left you a voice mail win instructions” and I had no voice mails!,,
golden_rep-1912145,1912145,golden_rep,svm,message_context,en,medium,context_helpful,support_request,account_access,none,0,@USER - I am unable to order gifts for my husband or son because you display all purchases. Is there a way to secretly purchase so they can't see it? Maybe a password at a purchase level ?,,
golden_rep-179205,179205,golden_rep,svm,message_context,en,easy,context_helpful,complaint,account_access,delivery_delay,0,@USER Read the previous tweets - I can’t log in! This has been going on for a day now!!!,,
golden_rep-2789138,2789138,golden_rep,svm,message_context,en,hard,context_helpful,support_request,account_access,delivery_delay,0,Hello is there a way to check if I'm signed up to Prime? If so it's a mistake bc I can't afford the membership &amp; I noticed my packages are coming faster than expected. No complaints just can't afford Prime if charged @USER,,
golden_rep-427799,427799,golden_rep,svm,message_context,en,medium,self_contained,support_request,account_info_update,refund_request,0,@USER can i pay with Amazon pay balance account for one year prime membership?? Plz reply,,
golden_rep-22572,22572,golden_rep,svm,message_context,en,medium,self_contained,support_request,cancellation,refund_request,0,@USER Ordered on 7 October 2017 Order# 403-7284574-6433108 not yet delivered. No way to cancel and get refund.,,
golden_rep-2899649,2899649,golden_rep,svm,message_context,en,medium,context_helpful,support_request,cancellation,none,0,"@USER Welp, that didn’t do anything. I’m just going to cancel the order - I don’t see why I should keep waiting while it’s literally sitting on store shelves. URL",,
golden_rep-136922,136922,golden_rep,svm,message_context,en,hard,context_helpful,complaint,cancellation,delivery_delay,0,@USER I am so upset I have just cancelled the whole order. Have you an email address I can write to you at. This is the first time I have ever received bad service from Amazon. He even brought me to tears,,
golden_rep-880948,880948,golden_rep,svm,message_context,en,hard,context_helpful,complaint,cancellation,delivered_but_not_received,0,@USER They act so bossy that they didn't even bother to make a call regarding the pickup Just a confirmation txt n thn later a cancellation txt,,
golden_rep-650056,650056,golden_rep,svm,message_context,en,hard,context_helpful,follow_up,cancellation,delivery_delay,0,"@USER Oh right, you can't do that. I would hurt @USER wallet after all. @USER good on you.",,
golden_rep-1604096,1604096,golden_rep,svm,message_context,en,hard,context_helpful,complaint,charge_issue,service_complaint_escalation,0,@USER And then they kindly dispersed the money in my ac to an ac they knew is closed.,,
golden_rep-1218305,1218305,golden_rep,svm,message_context,en,hard,context_helpful,complaint,charge_issue,charge_issue,1,"@USER took my hard earned money, used it &amp; now asking me to cancel order. But nt taking ny action on seller instead shielding them (2/2)",,
golden_rep-1724691,1724691,golden_rep,svm,message_context,en,easy,self_contained,support_request,charge_issue,charge_issue,1,@USER money debited from bank but isn’t credited to amazon pay balance please sew to this asap URL,,
golden_rep-2612309,2612309,golden_rep,svm,message_context,en,easy,self_contained,complaint,charge_issue,none,0,Woke up to see that my bank account was over drawn from something i didn’t even buy off amazon??? HAPPY FRIDAY 🙃🙃🙃🙃,,
golden_rep-332434,332434,golden_rep,svm,message_context,en,medium,context_helpful,complaint,charge_issue,delivery_delay,0,"@USER I don't get COD option for ur products.1st it shows that it is available but after proceeding for checkout,I can't get it.Why?",,
golden_rep-895946,895946,golden_rep,svm,message_context,en,medium,context_helpful,complaint,charge_issue,service_complaint_escalation,0,"@USER I know cart prices aren’t set in stone. But like, it went from on sale to more than the regular price. It’s not a cute look.",,
golden_rep-1109519,1109519,golden_rep,svm,message_context,en,medium,context_helpful,complaint,delivered_but_not_received,refund_request,0,"@USER No, they haven't. They routinely mark packages as delivered before delivery is attempted, and sometimes the packages never arrive at all.",,
golden_rep-1423023,1423023,golden_rep,svm,message_context,en,medium,context_helpful,complaint,delivered_but_not_received,delivery_delay,0,"@USER Have also had deliveries when courier claimed to have delivered, but put it back in the van and ended up back at the depot.",,
golden_rep-2289844,2289844,golden_rep,svm,message_context,en,easy,self_contained,complaint,delivered_but_not_received,delivery_delay,0,@USER The delivery agent says he will deliver the package later but he updates the status saying delivered directly to customer .. URL,,
golden_rep-1220925,1220925,golden_rep,svm,message_context,en,medium,context_helpful,complaint,delivered_but_not_received,delivery_delay,0,@USER Why to hear you do nothing again?,,
golden_rep-2532842,2532842,golden_rep,svm,message_context,en,hard,context_helpful,complaint,delivered_but_not_received,delivery_delay,0,@USER can someone contact me ASAP re an undelivered parcel.2 weeks &amp; still no joy.DPD said speak to you. Totally fed up right now!,,
golden_rep-380695,380695,golden_rep,svm,message_context,en,medium,context_helpful,follow_up,delivered_but_not_received,none,0,@USER I'll have to do that later this morning. Absolutely infuriating,,
golden_rep-482351,482351,golden_rep,svm,message_context,en,hard,context_helpful,complaint,delivered_but_not_received,none,0,@USER I received my order but part of it is missing but my account say it's delivered. Box was partly open. Parcel left in flower Box!!! Who do I contact? #xmaspresent,,
golden_rep-533206,533206,golden_rep,svm,message_context,en,hard,context_helpful,complaint,delivered_wrong_location,delivery_delay,0,"@USER Also, if I haven't specifically indicated that I want my parcel to be left in a ""safe place""... why is the delivery driver assuming my recycle bin is a safe place? It is visible from the street; is NOT in a garden; and if someone sees him putting it there, it can be stolen!",,
golden_rep-149199,149199,golden_rep,svm,message_context,en,medium,context_helpful,complaint,delivered_wrong_location,delivery_delay,0,"@USER I don’t know about the item as it is not my parcel to open, it is my partners. It is unacceptable to force drivers to leave parcels in unsafe positions!",,
golden_rep-2283511,2283511,golden_rep,svm,message_context,en,easy,self_contained,complaint,delivered_wrong_location,none,0,"Amazon seems to have forgotten how to deliver to my address so here I am waiting on 5 packages that all say ""delivery attempted"" TO THE WRONG AREA",,
golden_rep-2594956,2594956,golden_rep,svm,message_context,en,hard,context_helpful,complaint,delivered_wrong_location,device_app_issue,0,"@USER I hope my pkg was not in there. Ste-Catherine Montreal, unlocked doors, windows open #unattendedpackages #intelcom #badcourrier URL",,
golden_rep-1727624,1727624,golden_rep,svm,message_context,en,easy,self_contained,support_request,delivered_wrong_location,service_complaint_escalation,0,How to contact @USER about a stolen package? Website not user friendly requesting support. Unique situation would like to chat about.,,
golden_rep-458877,458877,golden_rep,svm,message_context,en,medium,context_helpful,complaint,delivery_delay,delivery_delay,1,@USER No. Status still “arriving by 8pm today” (9 minutes from now) but no sign of shipment and no tracking number. URL,,
golden_rep-142833,142833,golden_rep,svm,message_context,en,medium,context_helpful,follow_up,delivery_delay,delivery_delay,1,@USER Order history is useless and just telling me it's out for delivery or due to be delivered. I've followed up once again by email,,
golden_rep-1116569,1116569,golden_rep,svm,message_context,en,easy,self_contained,complaint,delivery_delay,delivery_delay,1,"I bought something on @USER, paid extra for 1 day shipping and it isn’t here. Who do I complain to? @USER",,
golden_rep-515245,515245,golden_rep,svm,message_context,en,easy,self_contained,complaint,delivery_delay,delivery_delay,1,@USER My package was supposed to arrive Wednesday.Its friday. Still NOT here. So much for being a prime member!!!!,,
golden_rep-2447788,2447788,golden_rep,svm,message_context,en,easy,self_contained,complaint,delivery_delay,delivery_delay,1,"@USER I placed an order with Amazon.in on October 17th and the money got deducted the same day. The order was supposed to deliver on 31st October, but it is 14th Nov today and I still have not received the product. Where is my stuff @USER ?",,
golden_rep-2960467,2960467,golden_rep,svm,message_context,en,medium,context_helpful,complaint,delivery_delay,delivery_delay,1,Would really like to know why @USER is taking so long to deliver my package from @USER 😑 two day prime delivery is turning into a week now..... 😒 I could have driven to TN and picked it up myself faster.,,
golden_rep-1311577,1311577,golden_rep,svm,message_context,en,medium,self_contained,follow_up,delivery_delay,delivery_delay,1,So where is it then? I wouldn't mind it being a day late if I was notified @USER URL,,
golden_rep-608064,608064,golden_rep,svm,message_context,en,medium,context_helpful,follow_up,delivery_delay,delivery_delay,1,"@USER Sorry, the last picture was the shipment confirmation email. This one is the original order email, which also shows 11/20 as the delivery date URL",,
golden_rep-2967623,2967623,golden_rep,svm,message_context,en,medium,context_helpful,complaint,delivery_delay,delivery_delay,1,"@USER @USER I just want my package to arrive the day they promised! Been sitting around my house, today is day 2, waiting......! Still doesn't even show out for delivery - I even paid for 3day delivery!",,
golden_rep-2528270,2528270,golden_rep,svm,message_context,en,medium,context_helpful,complaint,delivery_delay,delivery_delay,1,@USER seems like all the one day shipping for items has vanished and is two day only,,
golden_rep-2683519,2683519,golden_rep,svm,message_context,en,hard,context_helpful,complaint,delivery_delay,delivery_delay,1,"@USER @USER @USER it's frustrating that a package from Prime Pantry shows as ""delivered"" when it really means it's sitting at the US Post Office whose hours are impossible to visit for any person working a full time job...",,
golden_rep-1192307,1192307,golden_rep,svm,message_context,en,easy,self_contained,complaint,delivery_delay,charge_issue,0,"so @USER are fibbers. I saw the delivery van pull up in our car park yesterday just before 5pm, then they drove off...",,
golden_rep-2780552,2780552,golden_rep,svm,message_context,en,medium,context_helpful,follow_up,delivery_delay,delivery_delay,1,"""helping us build Earth's Most Customer-Centric Company"" @USER is there an amendement to this vision which excludes me? Just been told to wait another 24 hours because you've misplaced my delivery (again!).",,
golden_rep-2824739,2824739,golden_rep,svm,message_context,en,easy,self_contained,complaint,delivery_delay,charge_issue,0,"I think @USER @USER may want to look into the definition one ""one day delivery"" URL",,
golden_rep-2913230,2913230,golden_rep,svm,message_context,en,easy,self_contained,follow_up,delivery_delay,charge_issue,0,"@USER hi, I ordered a few Prime items on Monday, but they all say arriving Thursday. I thought it was 2 day shipping.... why the delay? Nothing has shipped yet and I thought they'd be here by tomorrow",,
golden_rep-1218249,1218249,golden_rep,svm,message_context,en,medium,context_helpful,follow_up,delivery_delay,delivery_delay,1,@USER Says there was a delay with shipping. The tracking number at UPS says this. (see photo) URL,,
golden_rep-2003910,2003910,golden_rep,svm,message_context,en,medium,context_helpful,follow_up,delivery_delay,delivery_delay,1,"@USER Well, since ""taken care of"" would have meant Friday delivery, that's unlikely.",,
golden_rep-300514,300514,golden_rep,svm,message_context,en,medium,context_helpful,complaint,delivery_delay,charge_issue,0,"Really glad I used prime @USER seems @USER are unable to honour the next day delivery 😡, glad I invest in prime",,
golden_rep-322945,322945,golden_rep,svm,message_context,en,medium,context_helpful,complaint,delivery_delay,delivery_delay,1,@USER Prime member should be given some preference and the items must be delivered within 2 days otherwise it is equal to a non prime member,,
golden_rep-2954293,2954293,golden_rep,svm,message_context,en,medium,context_helpful,complaint,delivery_delay,delivery_delay,1,@USER I don’t have time for that. That’s why I buy products on prime only. I work and go to school. I need prime to be a reliable service. Speed. Quality. Convenience. I don’t have time for stuff like this. I just won’t recommend your service.,,
golden_rep-2664071,2664071,golden_rep,svm,message_context,en,hard,context_helpful,complaint,delivery_delay,delivery_delay,1,"@USER Wrongly conceptualized add , bird's are being bullied Anyway Amazon is wowsome! Maintain this faith",,
golden_rep-1210214,1210214,golden_rep,svm,message_context,en,medium,self_contained,complaint,delivery_delay,delivery_delay,1,Has anyone had a package returned to @USER because @USER refused to deliver it? 😐,,
golden_rep-86209,86209,golden_rep,svm,message_context,en,easy,self_contained,complaint,delivery_delay,none,0,"Today is the twins’ 4th Birthday. This is their gift from us - ordered on Sunday with Amazon Prime. We were assured yesterday that it would arrive today but I have just received this message. I understand that these things happen, but I’m hoping you can work some magic @USER URL",,
golden_rep-2192580,2192580,golden_rep,svm,message_context,en,easy,self_contained,complaint,delivery_delay,delivery_delay,1,"You know you can't trust @USER marketplace if your order doesn't have any tracking info updates since it supposedly left origin facility. It was supposed to arrive yesterday. Last time was a nightmare enough, this time isn't looking much better. Thanks for the sub-par service.",,
golden_rep-1406593,1406593,golden_rep,svm,message_context,en,medium,context_helpful,complaint,delivery_delay,none,0,@USER first weekend of prime... NOT IMPRESSED.,,
golden_rep-1570766,1570766,golden_rep,svm,message_context,en,medium,context_helpful,follow_up,delivery_delay,delivery_delay,1,@USER Do you have any update here?,,
golden_rep-1389974,1389974,golden_rep,svm,message_context,en,medium,context_helpful,follow_up,delivery_delay,delivery_delay,1,@USER not impressed by your driver leaving my door within 6 seconds of knocking Despite my note explaining I've just had spine surgery!,,
golden_rep-1399860,1399860,golden_rep,svm,message_context,en,medium,context_helpful,acknowledgement,delivery_delay,refund_request,0,@USER Thank u so much.. Kindly Arrange to provide my parcel.. Thank u so much,,
golden_rep-1335118,1335118,golden_rep,svm,message_context,en,medium,context_helpful,follow_up,delivery_delay,delivery_delay,1,"@USER We needed it for a trip we are leaving on tonight, now we will not have it.",,
golden_rep-999138,999138,golden_rep,svm,message_context,en,medium,context_helpful,complaint,delivery_delay,delivery_delay,1,@USER £70 a year membership for prime to be let down like this!! Will be cancelling my subscription as it's just not worth the hassle!! URL,,
golden_rep-2852150,2852150,golden_rep,svm,message_context,en,medium,context_helpful,follow_up,delivery_delay,delivered_wrong_location,0,I'll go sit at the door for the next 8min then? @USER @USER URL,,
golden_rep-2890574,2890574,golden_rep,svm,message_context,en,medium,context_helpful,complaint,delivery_delay,delivery_delay,1,".@USER 3 years ago when something said #PRIME and I ordered it, it arrived in 2 days, this last year it is a lucky day to get something in 2 days, The service has gone 2 shit, it's so unreliable, You should knock prime membership in half, it's bogus at the moment #AMAZON",,
golden_rep-1420099,1420099,golden_rep,svm,message_context,en,medium,context_helpful,complaint,delivery_delay,refund_request,0,@USER ordered three items from amazon and all of their delivery dates kept getting pushed back and back and back. Not happy 😤,,
golden_rep-550560,550560,golden_rep,svm,message_context,en,easy,self_contained,complaint,delivery_delay,charge_issue,0,@USER I have a Prime membership. Quite often the 1 or 2 day shipping that I've selected doesn't arrive until 3-5+ days later. I thought shipping time was supposed to be from when you order the item? What's with missing the date so often?,,
golden_rep-673242,673242,golden_rep,svm,message_context,en,medium,context_helpful,follow_up,delivery_delay,none,0,@USER That was a joke lol. But my order IS late — i contacted amazon and they said that it’d be here by tomorrow so let’s see,,
golden_rep-1193931,1193931,golden_rep,svm,message_context,en,medium,context_helpful,follow_up,delivery_delay,delivered_wrong_location,0,@USER Amazon logistics is the carrier. Got disconnected while holding the first time around. Not clear if delivery is tmrw or delayed further.,,
golden_rep-2731105,2731105,golden_rep,svm,message_context,en,easy,self_contained,complaint,delivery_delay,refund_request,0,@USER One of my orders will be delivered tomorrow when I paid for delivery today.,,
golden_rep-1587374,1587374,golden_rep,svm,message_context,en,easy,self_contained,complaint,delivery_delay,delivery_delay,1,@USER i recently purchased an item from your website its scheduled to come on November 3rd at 8pm and i still havent received my order?,,
golden_rep-2296826,2296826,golden_rep,svm,message_context,en,medium,context_helpful,follow_up,delivery_delay,delivery_delay,1,@USER Not sure but I think it's because Royal Mail doesn't deliver today. No idea why it wasn't delivered yesterday. I don't have the detail- a family member ordered it for me.,,
golden_rep-1229688,1229688,golden_rep,svm,message_context,en,medium,context_helpful,complaint,device_app_issue,none,0,"The all-new Kindle app is built for book lovers, with everything you need in one place. Learn more: URL URL",,
golden_rep-26958,26958,golden_rep,svm,message_context,en,easy,self_contained,support_request,device_app_issue,none,0,"@USER Good morning. Is the Alexa App down? It’s timing out here in London, UK.",,
golden_rep-2378990,2378990,golden_rep,svm,message_context,en,hard,context_helpful,complaint,device_app_issue,service_complaint_escalation,0,@USER @USER when I ask Alexa this price it says it’s $23.48 URL,,
golden_rep-1384330,1384330,golden_rep,svm,message_context,en,hard,context_helpful,complaint,device_app_issue,none,0,@USER is there anything wrong with payment on the amazon app today . Seeing this for sometime URL,,
golden_rep-2523357,2523357,golden_rep,svm,message_context,en,medium,context_helpful,follow_up,device_app_issue,none,0,@USER Thank you for your quick reply! I have a first gen.,,
golden_rep-1766849,1766849,golden_rep,svm,message_context,en,medium,context_helpful,support_request,device_app_issue,none,0,@USER Fire stick is broke getting new remote second time app is on an android box.,,
golden_rep-2847379,2847379,golden_rep,svm,message_context,en,medium,context_helpful,complaint,device_app_issue,none,0,"@USER At this time we CANNOT choose the language it is asking for, its under this tab in settings URL",,
golden_rep-2569705,2569705,golden_rep,svm,message_context,en,easy,self_contained,complaint,device_app_issue,refund_request,0,"@USER Timing out across the board today, any idea on when things will be back up? URL",,
golden_rep-350494,350494,golden_rep,svm,message_context,en,medium,context_helpful,complaint,device_app_issue,device_app_issue,1,@USER selling Echo devices without Alexa app for India.. how am I to use it at all!? Where is Alexa?,,
golden_rep-1464161,1464161,golden_rep,svm,message_context,en,medium,context_helpful,complaint,device_app_issue,device_app_issue,1,@USER @USER @USER update: episode still unavailable. I think you're the people who update me. Not vice versa? 🔮,,
golden_rep-1943693,1943693,golden_rep,svm,message_context,en,easy,context_helpful,acknowledgement,none,delivered_but_not_received,0,@USER Yes i have shared the whole concern,,
golden_rep-2611658,2611658,golden_rep,svm,message_context,en,easy,context_helpful,acknowledgement,none,delivery_delay,0,@USER Thanks! Got the package at 1.30 :D,,
golden_rep-309233,309233,golden_rep,svm,message_context,en,easy,self_contained,acknowledgement,none,none,1,Thanks @USER for the new cat bed. Velho loves it! #floof #CatsOfTwitter URL,,
golden_rep-2111184,2111184,golden_rep,svm,message_context,en,easy,self_contained,acknowledgement,none,delivery_delay,0,"@USER Wow, that's was an amazingly quick response!! Hats off",,
golden_rep-174486,174486,golden_rep,svm,message_context,en,easy,context_helpful,acknowledgement,none,other_unclear,0,@USER me hiciste muy feliz hoy! 😍,,
golden_rep-2580464,2580464,golden_rep,svm,message_context,en,medium,context_helpful,acknowledgement,none,charge_issue,0,"@USER @USER I ended up escalated to a new chat room and the guy was great. Too nice, really!",,
golden_rep-2855145,2855145,golden_rep,svm,message_context,en,medium,context_helpful,acknowledgement,none,none,1,"@USER Thanks so much for helping, @USER! It was definitely the sales tax!",,
golden_rep-2384553,2384553,golden_rep,svm,message_context,en,easy,self_contained,acknowledgement,none,none,1,New books are on their way!! Can’t stop looking at the @USER tracking screen though - hurry up new books. More coming next week 👏🏻👏🏻 URL,,
golden_rep-1198549,1198549,golden_rep,svm,message_context,en,easy,context_helpful,acknowledgement,none,delivery_delay,0,@USER @USER Nothing but respect for MY postal service 😤😤,,
golden_rep-1204940,1204940,golden_rep,svm,message_context,en,easy,context_helpful,acknowledgement,none,none,1,@USER @USER @USER Yes absolutely Right 💯 👍,,
golden_rep-487699,487699,golden_rep,svm,message_context,en,easy,context_helpful,acknowledgement,none,refund_request,0,@USER I made a mistake. I ordered on your .co.uk site not .com so i actually do have the orders i ordered. Sorry for any inconvenience caused.,,
golden_rep-1181640,1181640,golden_rep,svm,message_context,en,easy,context_helpful,acknowledgement,none,service_complaint_escalation,0,@USER Will do! Thank you so much!,,
golden_rep-628261,628261,golden_rep,svm,message_context,en,medium,context_required,clarification,none,delivery_delay,0,@USER I’m guessing by a marketplace seller? URL,,
golden_rep-2931934,2931934,golden_rep,svm,message_context,en,hard,context_helpful,unknown,none,none,1,@USER But I want I phone as a gift... On my birthday.. Don't want to purchase it,,
golden_rep-2769011,2769011,golden_rep,svm,message_context,en,medium,context_helpful,clarification,none,refund_request,0,"@USER No need to filled the form, I'm sharing you giving the registered email via direct message",,
golden_rep-1707062,1707062,golden_rep,svm,message_context,en,easy,context_helpful,acknowledgement,none,none,1,"@USER The guy who sent it to me already reached me, tracking number checks out, mystery solved. Thanks, though",,
golden_rep-957126,957126,golden_rep,svm,message_context,en,medium,context_helpful,clarification,none,none,1,@USER @USER I haven't tried again simce yesterday. I was using mine in US before bringing it here so maybe I'll have to check the location etc agai,,
golden_rep-2389800,2389800,golden_rep,svm,message_context,en,hard,self_contained,unknown,none,service_complaint_escalation,0,Every breath you take should be as pure as nature intended. Improve the quality of the air you breathe indoors with a wide range air purifiers to choose from on Amazon.in. Visit: URL URL,,
golden_rep-2266765,2266765,golden_rep,svm,message_context,en,medium,self_contained,support_request,none,none,1,"@USER hey guys, Do you have any upcoming sale? In looking forward to buy the Moto g5s+ and I'm short of little money. Can you help me out?",,
golden_rep-1721707,1721707,golden_rep,svm,message_context,en,medium,self_contained,complaint,order_status_query,charge_issue,0,when you pay extra for shipping for next day delivery through amazon prime but they didnt deliver it @USER URL,,
golden_rep-646730,646730,golden_rep,svm,message_context,en,medium,context_helpful,follow_up,order_status_query,charge_issue,0,@USER when will me scampi fries be getting dispatched? Should have been yesterday and still not been dispatched. I want fishy fingers. Cheers 😏👍,,
golden_rep-2363235,2363235,golden_rep,svm,message_context,en,medium,context_helpful,support_request,order_status_query,delivery_delay,0,"@USER So on the amazon website when I track my package it says that it just got to a warehouse near me and it is close, but on the usps site when I input my tracking number it says that they are still waiting to receive my items?",,
golden_rep-2960026,2960026,golden_rep,svm,message_context,en,medium,self_contained,follow_up,order_status_query,delivery_delay,0,@USER where’s my tv going... it came to my ups then back to Sacramento.... URL,,
golden_rep-1105754,1105754,golden_rep,svm,message_context,en,medium,self_contained,complaint,order_status_query,charge_issue,0,Order updates from @USER have timestamps from before the order was placed. Looks like they are GMT.,,
golden_rep-1464285,1464285,golden_rep,svm,message_context,en,easy,self_contained,support_request,order_status_query,refund_request,0,@USER @USER Order# 408-9863763-1429137 will my order be shipped or not?,,
golden_rep-993935,993935,golden_rep,svm,message_context,en,medium,context_helpful,follow_up,order_status_query,delivery_delay,0,@USER I also search redmi note4 didn't show your website.please help me,,
golden_rep-832924,832924,golden_rep,svm,message_context,en,medium,context_helpful,follow_up,order_status_query,delivery_delay,0,"@USER Yes, wc26th Oct. But if I click on the album it says in-stock and available for this weekend.",,
golden_rep-2288190,2288190,golden_rep,svm,message_context,en,medium,context_helpful,follow_up,order_status_query,delivery_delay,0,"@USER It would be nice to know if my order is shipping any time soon. I ordered 24 hours ago with same day delivery. The status has been not yet shipped all day. Was supposed to be here at 9 pm today, 1.5 hours ago.",,
golden_rep-2374486,2374486,golden_rep,svm,message_context,en,hard,self_contained,complaint,order_status_query,delivery_delay,0,@USER how can an order be “delivered by 8pm today” and “not yet shipped”?,,
golden_rep-1397273,1397273,golden_rep,svm,message_context,en,easy,self_contained,support_request,order_status_query,none,0,i want to buy echo spot when did it launch in india @USER @USER @USER @USER,,
golden_rep-1755281,1755281,golden_rep,svm,message_context,en,hard,context_helpful,support_request,other_unclear,delivery_delay,0,@USER so I got this email. But I don't shop with Amazon so it might be a spam? Thought I would let you people know anyway. URL,,
golden_rep-467536,467536,golden_rep,svm,message_context,en,hard,context_helpful,complaint,product_return_and_replacement,refund_request,0,@USER Not received the item. App is not upto the mark so did not get terms &amp; conditions clearly while placing order hence lost cashback offer also. Poor experience overall.,,
golden_rep-1147828,1147828,golden_rep,svm,message_context,en,hard,context_helpful,follow_up,product_return_and_replacement,refund_request,0,@USER I HAVE OPTED for no cost emi thats why i am doing follow ups... Otherwise i am not a free person to exchange tweets and mails with u,,
golden_rep-2454046,2454046,golden_rep,svm,message_context,en,easy,context_helpful,acknowledgement,product_return_and_replacement,delivered_but_not_received,0,@USER No idea 😂 I've started a return and reordered URL,,
golden_rep-679025,679025,golden_rep,svm,message_context,en,medium,context_helpful,support_request,product_return_and_replacement,none,0,Hi @USER I purchased the wrong colour kindle and forgot to tick u registered. Can I exchange for a different colour?,,
golden_rep-2460750,2460750,golden_rep,svm,message_context,en,easy,self_contained,complaint,product_return_and_replacement,other_unclear,0,@USER So I had ordered a Moto G5s and I got a Moto G5 plus. Please do something about it. Thank you URL,,
golden_rep-2450570,2450570,golden_rep,svm,message_context,en,easy,self_contained,complaint,product_return_and_replacement,none,0,amazon sent the wrong cases 😩🤦🏾‍♀️,,
golden_rep-2608094,2608094,golden_rep,svm,message_context,en,medium,context_helpful,support_request,product_return_and_replacement,delivery_delay,0,@USER if I got a product and it didn’t come with everything listed who would I contact to get the rest to the product ?,,
golden_rep-982267,982267,golden_rep,svm,message_context,en,easy,self_contained,complaint,product_return_and_replacement,delivery_delay,0,Wtf @USER ... I ordered an altitude mask and you sent me a ‘tutu’ ?!😂🤦🏼‍♂️ URL,,
golden_rep-2291505,2291505,golden_rep,svm,message_context,en,hard,context_helpful,support_request,product_return_and_replacement,service_complaint_escalation,0,@USER I have buy Nokia 6 from Amazon India. The phone's display has purple colour on right side of the display. I want to replace my phone but Amazon can't. What can I do ? Help ASAP.,,
golden_rep-1018235,1018235,golden_rep,svm,message_context,en,hard,context_helpful,complaint,product_return_and_replacement,service_complaint_escalation,0,"@USER Now amazon starts blackmailing customers by sending wrong product and when return req. placed,They says ship prdct back by urself",,
golden_rep-1229460,1229460,golden_rep,svm,message_context,en,hard,context_helpful,complaint,product_return_and_replacement,other_unclear,0,"Hey, @USER, this DVD is a fraud. It claims to be the lost 1917 Cleopatra but is really the 1912 version. URL",,
golden_rep-2484077,2484077,golden_rep,svm,message_context,en,easy,self_contained,complaint,product_return_and_replacement,delivery_delay,0,I payed good money for this cup that I received today in the post! I am deeply disappointed that it’s faulty #donotbuy @USER URL,,
golden_rep-345473,345473,golden_rep,svm,message_context,en,hard,context_helpful,complaint,product_return_and_replacement,none,0,Dear @USER You suck. We’ve had to replace one device already bc it keeps malfunctioning. The “new” one is malfunctioning too.,,
golden_rep-676899,676899,golden_rep,svm,message_context,en,hard,context_helpful,complaint,product_return_and_replacement,none,0,@USER why haven’t you fulfilled Lex Luthor’s order of a blue-ray copy of A league of their own? Amazon you have to stop doing an injustice to Lex he might start a league! #JusticeLeague,,
golden_rep-18706,18706,golden_rep,svm,message_context,en,medium,context_helpful,support_request,refund_request,refund_request,1,@USER U kindly refund the amount back .. I have sent back the product and I demand a refund for the same .never had such dissaponments wit amazon,,
golden_rep-1436650,1436650,golden_rep,svm,message_context,en,easy,self_contained,complaint,refund_request,refund_request,1,@USER shady service - trying to steal my money - promised a refund on delivery to hotel as didn't arrive as promised. Now told no refund!,,
golden_rep-2712534,2712534,golden_rep,svm,message_context,en,medium,context_helpful,support_request,refund_request,delivery_delay,0,"This is the second time Prime Now has delivered an order with missing items, and I can't find a way to request a refund in the app.",,
golden_rep-1420491,1420491,golden_rep,svm,message_context,en,medium,context_helpful,follow_up,refund_request,refund_request,1,@USER Yes i have sent my details via the form. I have cancelled the product and dont want to be associated with amazon refund my money to my CC,,
golden_rep-915961,915961,golden_rep,svm,message_context,en,medium,context_helpful,follow_up,refund_request,refund_request,1,@USER how would you justify blocking a customer’s number who’s awaiting a refund?,,
golden_rep-2515914,2515914,golden_rep,svm,message_context,en,medium,context_helpful,follow_up,refund_request,none,0,"@USER Yes on all three orders, then you kept arguing with me about how it wasn’t your fault and how you don’t have the resources to refund my Prime membership",,
golden_rep-2217342,2217342,golden_rep,svm,message_context,en,hard,context_helpful,complaint,refund_request,product_return_and_replacement,0,"@USER Yes, and now you are rejecting the claim but the seller is sketchy.",,
golden_rep-1893565,1893565,golden_rep,svm,message_context,en,medium,context_helpful,follow_up,service_complaint_escalation,none,0,@USER Nope...never received a call,,
golden_rep-1763226,1763226,golden_rep,svm,message_context,en,medium,context_helpful,complaint,service_complaint_escalation,refund_request,0,@USER Yes. I have also spent 8 hours on live chat.,,
golden_rep-2573750,2573750,golden_rep,svm,message_context,en,medium,context_helpful,complaint,service_complaint_escalation,refund_request,0,"@USER I've checked all of my folders. Like I said, the number in that link is the exact one I have called five times. I'm a Prime member who has been locked from their account for three weeks and have had nothing visible done to remedy this.",,
golden_rep-1541879,1541879,golden_rep,svm,message_context,en,medium,context_helpful,complaint,service_complaint_escalation,device_app_issue,0,@USER Look your cust service people just emailed to say they couldn’t deal with me because my email isn’t recognised. So unhelpful,,
golden_rep-1415560,1415560,golden_rep,svm,message_context,en,medium,context_helpful,complaint,service_complaint_escalation,device_app_issue,0,"@USER Yes, I'm talking to a representative again but I'm still super disappointed.. The call I made last night with you guys was useless",,
golden_rep-334873,334873,golden_rep,svm,message_context,en,medium,context_helpful,complaint,service_complaint_escalation,delivery_delay,0,@USER 6 years of shopping and never had an issue with CS until tonight. 10 mins later and no reply. URL,,
golden_rep-272875,272875,golden_rep,svm,message_context,en,medium,context_helpful,complaint,service_complaint_escalation,refund_request,0,"@USER I checked the link even on the desktop. There's no link given to contact support, that's why i am pinging you here.",,
golden_rep-1537572,1537572,golden_rep,svm,message_context,en,medium,context_helpful,complaint,service_complaint_escalation,charge_issue,0,"3/ @USER WHY IS IT SO HARD TO REPORT A SHIPPING PROBLEM? Yesterday I got the ""chat is too slow, please call"" option. Why no message/email?",,
golden_rep-411902,411902,golden_rep,svm,message_context,en,easy,self_contained,complaint,service_complaint_escalation,service_complaint_escalation,1,"I will NEVER use @USER @USER for my business ever again. Bad customer service, impolite, and impressionable",,
golden_rep-1588773,1588773,golden_rep,svm,message_context,en,easy,self_contained,complaint,service_complaint_escalation,service_complaint_escalation,1,"God damn it, but @USER is getting worse and worse and worse as time goes on. Maybe it's time to dump all @USER services and move on.",,
golden_rep-2353843,2353843,golden_rep,svm,message_context,en,medium,context_helpful,complaint,service_complaint_escalation,delivery_delay,0,@USER I am sorry but I would like to receive a phone call &amp; have this matter resolved asap! I have phoned 5 times now &amp; every time I get nothing. I am £90 down on an error on your part. This has been going on for almost 3 weeks now &amp; it’s time for you to actually do something.,,
golden_rep-1136222,1136222,golden_rep,svm,message_context,en,hard,context_helpful,complaint,service_complaint_escalation,refund_request,0,@USER Already send and call to 50 tym no proper response from ur side.. My neice birthday on 17 oct. Fake commitment 405-8158996-7018755oredr id,,
golden_rep-1384189,1384189,golden_rep,svm,message_context,en,easy,self_contained,complaint,service_complaint_escalation,service_complaint_escalation,1,"Bad experience , not a sense of customer Service or cost saving at all..... @USER #disappointed",,
golden_rep-1746071,1746071,golden_rep,svm,message_context,en,medium,context_helpful,complaint,service_complaint_escalation,delivery_delay,0,"@USER I don’t this information to be public, as it’s impossible to reach your customer care on phone. So either they should call me or reach item",,
golden_rep-390810,390810,golden_rep,svm,message_context,en,hard,context_helpful,complaint,service_complaint_escalation,none,0,@USER You must shut down your improper business. Now when the payment is done you're coming up with nasty excuses. Read the DM.,,
golden_rep-2151408,2151408,golden_rep,svm,message_context,en,medium,context_helpful,complaint,service_complaint_escalation,order_status_query,0,@USER doesn't provide way to claim #gst input credit for Business purchases. Even if I am giving all details they are denying this basic,,
golden_rep-2216600,2216600,golden_rep,svm,message_context,en,hard,context_helpful,complaint,service_complaint_escalation,service_complaint_escalation,1,@USER Dont trust Amazon India and @USER with any card cash back offers. They do not keep up to their promises!! Conveniently take 3 months so that customers forget about it!!! #FoolingPrimeCustomers,,
golden_rep-1250967,1250967,golden_rep,svm,message_context,en,hard,context_helpful,complaint,service_complaint_escalation,delivered_wrong_location,0,"Super disappointed in @USER lately. Lost packages, multiple wrong charges. What's the point of being prime 🙄🤔",,
golden_rep-2447260,2447260,golden_rep,svm,message_context,en,medium,context_helpful,complaint,service_complaint_escalation,refund_request,0,"@USER should only &amp; selectively use #USPS for certain deliveries since the majority of time your order isn't going to arrive as promised, thus defeating entire premise of #AmazonPrime This is about #logistics plain &amp; simple.",,
golden_rep-1179639,1179639,golden_rep,svm,message_context,en,hard,context_helpful,complaint,service_complaint_escalation,service_complaint_escalation,1,@USER was told to wait. Called you today. Told item has NOT been put in locker then told it HAD. Your agents can't keep up with their own lies.,,
golden_rep-2245407,2245407,golden_rep,svm,message_context,en,hard,context_helpful,complaint,service_complaint_escalation,charge_issue,0,@USER why my call gets dropped Kindly please check my call log and please take an appropriate actions Why my call dropped? In between URL,,
golden_rep-886169,886169,golden_rep,svm,message_context,en,hard,context_helpful,complaint,service_complaint_escalation,delivery_delay,0,@USER The email was terribly short with no direction expect “we left you a voice mail win instructions” and I had no voice mails!,,
golden_chal-2814438,2814438,golden_chal,svm,message_context,es,hard,context_helpful,complaint,account_access,delivered_wrong_location,0,@USER Ya lo he intentado. Me llego un mail pidiendo que les envie un fax.. les mande el fax con el resumen de la tarjeta y mi cuenta continua bloqueada! NECESITO AYUDA @USER,,
golden_chal-2694949,2694949,golden_chal,svm,message_context,en,hard,self_contained,complaint,account_access,delivery_delay,0,I tried @USER prime years ago for 30 days before the student offer or music service existed but now I'm unable to trial it but keeps being displayed on homepage.,,
golden_chal-519702,519702,golden_chal,svm,message_context,en,hard,context_helpful,complaint,account_access,charge_issue,0,@USER I just want my psn codes so me and my friends can download and play a game tonight. After I get those I'll never bother you again.,,
golden_chal-2853614,2853614,golden_chal,svm,message_context,en,easy,self_contained,support_request,cancellation,service_complaint_escalation,0,"@USER Hi, I made an order and it went straight to cancelled! How can I un-cancel? I bought these on blackfriday.",,
golden_chal-1955907,1955907,golden_chal,svm,message_context,en,hard,context_required,follow_up,charge_issue,charge_issue,1,@USER URL,,
golden_chal-616914,616914,golden_chal,svm,message_context,en,hard,context_helpful,follow_up,charge_issue,charge_issue,1,@USER Same card. Most orders are paid with gift vouchers. You say it’s because I’m buying others say it’s because I sell. No one can give me a straight answer. I currently have 4 £1 trans in my account.,,
golden_chal-197857,197857,golden_chal,svm,message_context,en,hard,context_helpful,complaint,charge_issue,service_complaint_escalation,0,@USER It is your responsibility to bar sellers like these on your platform. An increase in 1300 rupees is criminal.,,
golden_chal-1845984,1845984,golden_chal,svm,message_context,en,hard,context_helpful,follow_up,charge_issue,device_app_issue,0,@USER But I have already activated the card?,,
golden_chal-1568158,1568158,golden_chal,svm,message_context,en,hard,context_helpful,complaint,charge_issue,delivered_but_not_received,0,@USER And I have another one too this one's actual MRP is Rs. 525/ Frontech 700 MB 5001 FC BLANK CD-R- 50 Pcs URL,,
golden_chal-834216,834216,golden_chal,svm,message_context,en,hard,context_helpful,clarification,delivered_but_not_received,delivery_delay,0,@USER AMZL US,,
golden_chal-2798309,2798309,golden_chal,svm,message_context,en,hard,context_required,follow_up,delivered_but_not_received,delivery_delay,0,"@USER Sure, the thing is that I saw notified that my package arrived and this photo came with the notification. URL",,
golden_chal-689484,689484,golden_chal,svm,message_context,en,medium,context_helpful,complaint,delivered_but_not_received,delivery_delay,0,Did @USER really just not deliver my package and instead of taking responsibilty they ask me to contact usps and file a police report!? Really? After years of being a prime member I am glad to have cancelled my membership smh,,
golden_chal-1242242,1242242,golden_chal,svm,message_context,en,hard,context_helpful,complaint,delivered_but_not_received,charge_issue,0,@USER Your customer service is the worst first they investigated the wrong item then they thought I got someone else’s package now they say I,,
golden_chal-1578555,1578555,golden_chal,svm,message_context,de,hard,context_helpful,complaint,delivered_wrong_location,device_app_issue,0,@USER @USER Same here. Amazon hat mich auch im Stich gelassen heute :(,,
golden_chal-2284883,2284883,golden_chal,svm,message_context,en,hard,context_helpful,complaint,delivered_wrong_location,delivery_delay,0,"@USER Wasn’t my order, it was my neighbors. No idea what his name is. Not trying to tattle. Just pointing out you aren’t hiring the best, most trustworthy people to justify the key service here.",,
golden_chal-2170818,2170818,golden_chal,svm,message_context,en,hard,context_required,follow_up,delivery_delay,delivered_but_not_received,0,@USER @USER ??,,
golden_chal-842315,842315,golden_chal,svm,message_context,fr,hard,context_helpful,clarification,delivery_delay,delivered_but_not_received,0,"@USER Transporteur : Amazon Logistics, n° de suivi CA0002376203",,
golden_chal-2171079,2171079,golden_chal,svm,message_context,en,medium,self_contained,complaint,delivery_delay,delivery_delay,1,Sound een pre-ordering a game from @USER only to have it not show up when it's supposed to. Could have just went to the fucking shops for it if I knew it wasn't going to be delivered today 🙃,,
golden_chal-2785904,2785904,golden_chal,svm,message_context,en,medium,context_helpful,complaint,delivery_delay,refund_request,0,"@USER No one seems sure. Cust service said ""hopefully"" it will arrive tomorrow.",,
golden_chal-1379340,1379340,golden_chal,svm,message_context,it,medium,self_contained,support_request,device_app_issue,none,0,@USER @USER C'è speranza di avere l'app #PrimeVideo sul Sony UHP-H1?,,
golden_chal-227064,227064,golden_chal,svm,message_context,ja,medium,self_contained,support_request,device_app_issue,order_status_query,0,AmazonリーディングってこれKindleのアプリからいけねぇのか？,,
golden_chal-1645512,1645512,golden_chal,svm,message_context,en,hard,context_helpful,complaint,device_app_issue,delivery_delay,0,@USER I'm having it on the full site and the mobile site on all browsers. I don't use the app. Shopping works...I just can't buy.,,
golden_chal-2497106,2497106,golden_chal,svm,message_context,en,medium,context_helpful,complaint,device_app_issue,none,0,"@USER @USER @USER @USER @USER @USER @USER @USER @USER Given that the app is launched in India, I was hoping that English(India) language would also be available to choose 😕",,
golden_chal-487688,487688,golden_chal,svm,message_context,fr,medium,context_helpful,acknowledgement,none,none,1,"Mieux vaut tard que jamais... Commandé dimanche avec #AmazonPrime, reçu vendredi avec @USER! Cc @USER URL",,
golden_chal-1451501,1451501,golden_chal,svm,message_context,pt,medium,context_helpful,acknowledgement,none,charge_issue,0,"@USER Como foi minha primeira compra, eu comprei 2 (use a cabeça c E linux a bíblia), mas já estou fazendo a lista das próximas compras",,
golden_chal-787658,787658,golden_chal,svm,message_context,es,medium,context_helpful,acknowledgement,none,account_info_update,0,@USER ¡Gracias todo resuelto!,,
golden_chal-893308,893308,golden_chal,svm,message_context,pt,hard,context_helpful,unknown,none,none,1,"Atualizando meu @USER e quais são meus maiores gastos do mês? Sim meus caros, @USER , claro.",,
golden_chal-2254596,2254596,golden_chal,svm,message_context,it,easy,context_helpful,acknowledgement,none,delivered_but_not_received,0,"@USER Grazie, buonanotte 😊",,
golden_chal-426141,426141,golden_chal,svm,message_context,es,medium,self_contained,acknowledgement,none,charge_issue,0,"Cualquier día antes de que decida en pedir algo en @USER ,me ha llegado Dios que velocidad 😃😃",,
golden_chal-816342,816342,golden_chal,svm,message_context,it,hard,self_contained,unknown,none,account_access,0,#AmazonIndia URL,,
golden_chal-2586341,2586341,golden_chal,svm,message_context,ja,medium,self_contained,acknowledgement,none,order_status_query,0,アマゾンプライムミュージック入れたが、ペルソナだけで年会費の価値超えててすげぇ……,,
golden_chal-365605,365605,golden_chal,svm,message_context,fr,medium,context_helpful,acknowledgement,none,delivered_but_not_received,0,"@USER je viens de recevoir, désolé pour le dérangement",,
golden_chal-2472354,2472354,golden_chal,svm,message_context,ja,medium,context_helpful,acknowledgement,none,delivered_but_not_received,0,@USER これから特典たくさん利用したいと思ってます！ わざわざリプライありがとうございます！☺️,,
golden_chal-1033752,1033752,golden_chal,svm,message_context,de,medium,context_helpful,acknowledgement,none,device_app_issue,0,"@USER Genau JETZT kam die Mail, dass mein Paket gleich ankommt. 👍 Danke für den tollen Kundenservice und die immer zügigen Antworten!",,
golden_chal-1738390,1738390,golden_chal,svm,message_context,ja,medium,self_contained,acknowledgement,none,account_access,0,Amazonで頼んだやつ来たーーー！！ 😈ｷﾞﾗﾝ そして俺の姉達はもうクリスマス🎅気分w←ついこの間ハロウィン🎃終わったばかりなのに､､､ww URL,,
golden_chal-2151072,2151072,golden_chal,svm,message_context,ja,easy,context_helpful,acknowledgement,none,cancellation,0,@USER あ、ありがとうございます🙇‍♀️,,
golden_chal-1130527,1130527,golden_chal,svm,message_context,en,hard,context_helpful,support_request,order_status_query,delivered_but_not_received,0,@USER Invoice no: TN-MAA4-__credit_card__,,
golden_chal-2149534,2149534,golden_chal,svm,message_context,en,hard,context_helpful,complaint,order_status_query,delivery_delay,0,"@USER Ok but when placing an order, your site always tells you if the item is eligible for P.O. box delivery or not. My order was processed and went through with no issues",,
golden_chal-2609965,2609965,golden_chal,svm,message_context,fr,hard,context_helpful,complaint,other_unclear,account_access,0,Bonjour @USER je viens de recevoir mon colis que j’avais demandé à être envoyé dans un colis Amazon pour cacher les informations du produit or ce n’est pas le cas. Pourquoi ? Amazon de moins en moins satisfaisant...,,
golden_chal-2909124,2909124,golden_chal,svm,message_context,en,hard,context_helpful,complaint,other_unclear,service_complaint_escalation,0,I love @USER but really?? You mailed this at Christmas without putting it in a plain box???? My kids saw it outside when they got off the bus! #christmasruined URL,,
golden_chal-582649,582649,golden_chal,svm,message_context,en,hard,context_helpful,follow_up,product_return_and_replacement,device_app_issue,0,@USER *occassion,,
golden_chal-835153,835153,golden_chal,svm,message_context,en,easy,self_contained,complaint,product_return_and_replacement,delivered_but_not_received,0,I bought a captain America T-shirt from @USER and they sent me Rupa baniyan #AccheDin ? @USER URL,,
golden_chal-2679197,2679197,golden_chal,svm,message_context,en,hard,context_required,follow_up,product_return_and_replacement,refund_request,0,@USER @USER Amazon is not supposed to take returns of our item. Did they replace it for you?,,
golden_chal-694411,694411,golden_chal,svm,message_context,en,medium,context_helpful,follow_up,product_return_and_replacement,delivery_delay,0,@USER I did !! Request you to please give me the email address on which i can fwd you the video.,,
golden_chal-972720,972720,golden_chal,svm,message_context,en,hard,context_required,follow_up,refund_request,refund_request,1,"#KaroMilkeTayyari for superb discounts on superb brands at #AmazonGreatIndianFestival. Ready with your wish-lists? Hurry, only 3 days to go. URL",,
golden_chal-232399,232399,golden_chal,svm,message_context,fr,medium,self_contained,complaint,service_complaint_escalation,none,0,En fait #Amazonprime c'est surtout de la merde non? Ça existe un livreur qui fait son taf à Paris ou c'est une utopie? @USER @USER,,
golden_chal-102915,102915,golden_chal,svm,message_context,en,medium,context_helpful,complaint,service_complaint_escalation,none,0,@USER And this is your TR customer: URL,,
golden_chal-2747122,2747122,golden_chal,svm,message_context,en,easy,self_contained,complaint,service_complaint_escalation,service_complaint_escalation,1,Is it just me or has anyone else noticed that the @USER customer service has decreased recently?! They can barely speak English and I'm convinced I'm talking to a computer due to their automated responses.,,
golden_chal-2521823,2521823,golden_chal,svm,message_context,en,easy,self_contained,complaint,service_complaint_escalation,service_complaint_escalation,1,@USER Wow each email I get is worse. Clearly no one actually reads what you write to customer services!!,,
golden_chal-1323314,1323314,golden_chal,svm,message_context,en,medium,context_helpful,complaint,service_complaint_escalation,service_complaint_escalation,1,@USER Look what reply we get when we complain to Amazon..... URL,,
